<?xml version="1.0" encoding="UTF-8"?>
<kml xmlns="http://www.opengis.net/kml/2.2" xmlns:gx="http://www.google.com/kml/ext/2.2">
    <Document id="3512">
        <Folder id="3513">
            <Style id="3516">
                <IconStyle id="3517">
                    <color>ff0000ff</color>
                    <colorMode>normal</colorMode>
                    <scale>1</scale>
                    <heading>0</heading>
                    <Icon id="3518">
                        <href>http://maps.google.com/mapfiles/kml/pushpin/ylw-pushpin.png</href>
                    </Icon>
                </IconStyle>
            </Style>
            <Style id="3521">
                <IconStyle id="3522">
                    <color>ff0000ff</color>
                    <colorMode>normal</colorMode>
                    <scale>1</scale>
                    <heading>0</heading>
                    <Icon id="3523">
                        <href>http://maps.google.com/mapfiles/kml/pushpin/ylw-pushpin.png</href>
                    </Icon>
                </IconStyle>
            </Style>
            <Style id="3526">
                <IconStyle id="3527">
                    <color>ff0000ff</color>
                    <colorMode>normal</colorMode>
                    <scale>1</scale>
                    <heading>0</heading>
                    <Icon id="3528">
                        <href>http://maps.google.com/mapfiles/kml/pushpin/ylw-pushpin.png</href>
                    </Icon>
                </IconStyle>
            </Style>
            <Style id="3531">
                <IconStyle id="3532">
                    <color>ff0000ff</color>
                    <colorMode>normal</colorMode>
                    <scale>1</scale>
                    <heading>0</heading>
                    <Icon id="3533">
                        <href>http://maps.google.com/mapfiles/kml/pushpin/ylw-pushpin.png</href>
                    </Icon>
                </IconStyle>
            </Style>
            <Style id="3536">
                <IconStyle id="3537">
                    <color>ff0000ff</color>
                    <colorMode>normal</colorMode>
                    <scale>1</scale>
                    <heading>0</heading>
                    <Icon id="3538">
                        <href>http://maps.google.com/mapfiles/kml/pushpin/ylw-pushpin.png</href>
                    </Icon>
                </IconStyle>
            </Style>
            <Style id="3541">
                <IconStyle id="3542">
                    <color>ff0000ff</color>
                    <colorMode>normal</colorMode>
                    <scale>1</scale>
                    <heading>0</heading>
                    <Icon id="3543">
                        <href>http://maps.google.com/mapfiles/kml/pushpin/ylw-pushpin.png</href>
                    </Icon>
                </IconStyle>
            </Style>
            <Style id="3546">
                <IconStyle id="3547">
                    <color>ff0000ff</color>
                    <colorMode>normal</colorMode>
                    <scale>1</scale>
                    <heading>0</heading>
                    <Icon id="3548">
                        <href>http://maps.google.com/mapfiles/kml/pushpin/ylw-pushpin.png</href>
                    </Icon>
                </IconStyle>
            </Style>
            <Style id="3551">
                <IconStyle id="3552">
                    <color>ff0000ff</color>
                    <colorMode>normal</colorMode>
                    <scale>1</scale>
                    <heading>0</heading>
                    <Icon id="3553">
                        <href>http://maps.google.com/mapfiles/kml/pushpin/ylw-pushpin.png</href>
                    </Icon>
                </IconStyle>
            </Style>
            <Style id="3556">
                <IconStyle id="3557">
                    <color>ff0000ff</color>
                    <colorMode>normal</colorMode>
                    <scale>1</scale>
                    <heading>0</heading>
                    <Icon id="3558">
                        <href>http://maps.google.com/mapfiles/kml/pushpin/ylw-pushpin.png</href>
                    </Icon>
                </IconStyle>
            </Style>
            <Style id="3561">
                <IconStyle id="3562">
                    <color>ff0000ff</color>
                    <colorMode>normal</colorMode>
                    <scale>1</scale>
                    <heading>0</heading>
                    <Icon id="3563">
                        <href>http://maps.google.com/mapfiles/kml/pushpin/ylw-pushpin.png</href>
                    </Icon>
                </IconStyle>
            </Style>
            <Style id="3566">
                <IconStyle id="3567">
                    <color>ff0000ff</color>
                    <colorMode>normal</colorMode>
                    <scale>1</scale>
                    <heading>0</heading>
                    <Icon id="3568">
                        <href>http://maps.google.com/mapfiles/kml/pushpin/ylw-pushpin.png</href>
                    </Icon>
                </IconStyle>
            </Style>
            <Style id="3571">
                <IconStyle id="3572">
                    <color>ff0000ff</color>
                    <colorMode>normal</colorMode>
                    <scale>1</scale>
                    <heading>0</heading>
                    <Icon id="3573">
                        <href>http://maps.google.com/mapfiles/kml/pushpin/ylw-pushpin.png</href>
                    </Icon>
                </IconStyle>
            </Style>
            <Style id="3576">
                <IconStyle id="3577">
                    <color>ff0000ff</color>
                    <colorMode>normal</colorMode>
                    <scale>1</scale>
                    <heading>0</heading>
                    <Icon id="3578">
                        <href>http://maps.google.com/mapfiles/kml/pushpin/ylw-pushpin.png</href>
                    </Icon>
                </IconStyle>
            </Style>
            <Style id="3581">
                <IconStyle id="3582">
                    <color>ff0000ff</color>
                    <colorMode>normal</colorMode>
                    <scale>1</scale>
                    <heading>0</heading>
                    <Icon id="3583">
                        <href>http://maps.google.com/mapfiles/kml/pushpin/ylw-pushpin.png</href>
                    </Icon>
                </IconStyle>
            </Style>
            <Style id="3586">
                <IconStyle id="3587">
                    <color>ff0000ff</color>
                    <colorMode>normal</colorMode>
                    <scale>1</scale>
                    <heading>0</heading>
                    <Icon id="3588">
                        <href>http://maps.google.com/mapfiles/kml/pushpin/ylw-pushpin.png</href>
                    </Icon>
                </IconStyle>
            </Style>
            <Style id="3591">
                <IconStyle id="3592">
                    <color>ff0000ff</color>
                    <colorMode>normal</colorMode>
                    <scale>1</scale>
                    <heading>0</heading>
                    <Icon id="3593">
                        <href>http://maps.google.com/mapfiles/kml/pushpin/ylw-pushpin.png</href>
                    </Icon>
                </IconStyle>
            </Style>
            <Style id="3596">
                <IconStyle id="3597">
                    <color>ff0000ff</color>
                    <colorMode>normal</colorMode>
                    <scale>1</scale>
                    <heading>0</heading>
                    <Icon id="3598">
                        <href>http://maps.google.com/mapfiles/kml/pushpin/ylw-pushpin.png</href>
                    </Icon>
                </IconStyle>
            </Style>
            <Style id="3601">
                <IconStyle id="3602">
                    <color>ff0000ff</color>
                    <colorMode>normal</colorMode>
                    <scale>1</scale>
                    <heading>0</heading>
                    <Icon id="3603">
                        <href>http://maps.google.com/mapfiles/kml/pushpin/ylw-pushpin.png</href>
                    </Icon>
                </IconStyle>
            </Style>
            <Style id="3606">
                <IconStyle id="3607">
                    <color>ff0000ff</color>
                    <colorMode>normal</colorMode>
                    <scale>1</scale>
                    <heading>0</heading>
                    <Icon id="3608">
                        <href>http://maps.google.com/mapfiles/kml/pushpin/ylw-pushpin.png</href>
                    </Icon>
                </IconStyle>
            </Style>
            <Style id="3611">
                <IconStyle id="3612">
                    <color>ff0000ff</color>
                    <colorMode>normal</colorMode>
                    <scale>1</scale>
                    <heading>0</heading>
                    <Icon id="3613">
                        <href>http://maps.google.com/mapfiles/kml/pushpin/ylw-pushpin.png</href>
                    </Icon>
                </IconStyle>
            </Style>
            <Style id="3616">
                <IconStyle id="3617">
                    <color>ff0000ff</color>
                    <colorMode>normal</colorMode>
                    <scale>1</scale>
                    <heading>0</heading>
                    <Icon id="3618">
                        <href>http://maps.google.com/mapfiles/kml/pushpin/ylw-pushpin.png</href>
                    </Icon>
                </IconStyle>
            </Style>
            <Style id="3621">
                <IconStyle id="3622">
                    <color>ff0000ff</color>
                    <colorMode>normal</colorMode>
                    <scale>1</scale>
                    <heading>0</heading>
                    <Icon id="3623">
                        <href>http://maps.google.com/mapfiles/kml/pushpin/ylw-pushpin.png</href>
                    </Icon>
                </IconStyle>
            </Style>
            <Style id="3626">
                <IconStyle id="3627">
                    <color>ff0000ff</color>
                    <colorMode>normal</colorMode>
                    <scale>1</scale>
                    <heading>0</heading>
                    <Icon id="3628">
                        <href>http://maps.google.com/mapfiles/kml/pushpin/ylw-pushpin.png</href>
                    </Icon>
                </IconStyle>
            </Style>
            <Style id="3631">
                <IconStyle id="3632">
                    <color>ff0000ff</color>
                    <colorMode>normal</colorMode>
                    <scale>1</scale>
                    <heading>0</heading>
                    <Icon id="3633">
                        <href>http://maps.google.com/mapfiles/kml/pushpin/ylw-pushpin.png</href>
                    </Icon>
                </IconStyle>
            </Style>
            <Style id="3636">
                <IconStyle id="3637">
                    <color>ff0000ff</color>
                    <colorMode>normal</colorMode>
                    <scale>1</scale>
                    <heading>0</heading>
                    <Icon id="3638">
                        <href>http://maps.google.com/mapfiles/kml/pushpin/ylw-pushpin.png</href>
                    </Icon>
                </IconStyle>
            </Style>
            <Style id="3641">
                <IconStyle id="3642">
                    <color>ff0000ff</color>
                    <colorMode>normal</colorMode>
                    <scale>1</scale>
                    <heading>0</heading>
                    <Icon id="3643">
                        <href>http://maps.google.com/mapfiles/kml/pushpin/ylw-pushpin.png</href>
                    </Icon>
                </IconStyle>
            </Style>
            <Style id="3646">
                <IconStyle id="3647">
                    <color>ff0000ff</color>
                    <colorMode>normal</colorMode>
                    <scale>1</scale>
                    <heading>0</heading>
                    <Icon id="3648">
                        <href>http://maps.google.com/mapfiles/kml/pushpin/ylw-pushpin.png</href>
                    </Icon>
                </IconStyle>
            </Style>
            <Style id="3651">
                <IconStyle id="3652">
                    <color>ff0000ff</color>
                    <colorMode>normal</colorMode>
                    <scale>1</scale>
                    <heading>0</heading>
                    <Icon id="3653">
                        <href>http://maps.google.com/mapfiles/kml/pushpin/ylw-pushpin.png</href>
                    </Icon>
                </IconStyle>
            </Style>
            <Style id="3656">
                <IconStyle id="3657">
                    <color>ff0000ff</color>
                    <colorMode>normal</colorMode>
                    <scale>1</scale>
                    <heading>0</heading>
                    <Icon id="3658">
                        <href>http://maps.google.com/mapfiles/kml/pushpin/ylw-pushpin.png</href>
                    </Icon>
                </IconStyle>
            </Style>
            <Style id="3661">
                <IconStyle id="3662">
                    <color>ff0000ff</color>
                    <colorMode>normal</colorMode>
                    <scale>1</scale>
                    <heading>0</heading>
                    <Icon id="3663">
                        <href>http://maps.google.com/mapfiles/kml/pushpin/ylw-pushpin.png</href>
                    </Icon>
                </IconStyle>
            </Style>
            <Style id="3666">
                <IconStyle id="3667">
                    <color>ff0000ff</color>
                    <colorMode>normal</colorMode>
                    <scale>1</scale>
                    <heading>0</heading>
                    <Icon id="3668">
                        <href>http://maps.google.com/mapfiles/kml/pushpin/ylw-pushpin.png</href>
                    </Icon>
                </IconStyle>
            </Style>
            <Style id="3671">
                <IconStyle id="3672">
                    <color>ff0000ff</color>
                    <colorMode>normal</colorMode>
                    <scale>1</scale>
                    <heading>0</heading>
                    <Icon id="3673">
                        <href>http://maps.google.com/mapfiles/kml/pushpin/ylw-pushpin.png</href>
                    </Icon>
                </IconStyle>
            </Style>
            <Style id="3676">
                <IconStyle id="3677">
                    <color>ff0000ff</color>
                    <colorMode>normal</colorMode>
                    <scale>1</scale>
                    <heading>0</heading>
                    <Icon id="3678">
                        <href>http://maps.google.com/mapfiles/kml/pushpin/ylw-pushpin.png</href>
                    </Icon>
                </IconStyle>
            </Style>
            <Style id="3681">
                <IconStyle id="3682">
                    <color>ff0000ff</color>
                    <colorMode>normal</colorMode>
                    <scale>1</scale>
                    <heading>0</heading>
                    <Icon id="3683">
                        <href>http://maps.google.com/mapfiles/kml/pushpin/ylw-pushpin.png</href>
                    </Icon>
                </IconStyle>
            </Style>
            <Style id="3686">
                <IconStyle id="3687">
                    <color>ff0000ff</color>
                    <colorMode>normal</colorMode>
                    <scale>1</scale>
                    <heading>0</heading>
                    <Icon id="3688">
                        <href>http://maps.google.com/mapfiles/kml/pushpin/ylw-pushpin.png</href>
                    </Icon>
                </IconStyle>
            </Style>
            <Style id="3691">
                <IconStyle id="3692">
                    <color>ff0000ff</color>
                    <colorMode>normal</colorMode>
                    <scale>1</scale>
                    <heading>0</heading>
                    <Icon id="3693">
                        <href>http://maps.google.com/mapfiles/kml/pushpin/ylw-pushpin.png</href>
                    </Icon>
                </IconStyle>
            </Style>
            <Style id="3696">
                <IconStyle id="3697">
                    <color>ff0000ff</color>
                    <colorMode>normal</colorMode>
                    <scale>1</scale>
                    <heading>0</heading>
                    <Icon id="3698">
                        <href>http://maps.google.com/mapfiles/kml/pushpin/ylw-pushpin.png</href>
                    </Icon>
                </IconStyle>
            </Style>
            <Style id="3701">
                <IconStyle id="3702">
                    <color>ff0000ff</color>
                    <colorMode>normal</colorMode>
                    <scale>1</scale>
                    <heading>0</heading>
                    <Icon id="3703">
                        <href>http://maps.google.com/mapfiles/kml/pushpin/ylw-pushpin.png</href>
                    </Icon>
                </IconStyle>
            </Style>
            <Style id="3706">
                <IconStyle id="3707">
                    <color>ff0000ff</color>
                    <colorMode>normal</colorMode>
                    <scale>1</scale>
                    <heading>0</heading>
                    <Icon id="3708">
                        <href>http://maps.google.com/mapfiles/kml/pushpin/ylw-pushpin.png</href>
                    </Icon>
                </IconStyle>
            </Style>
            <Style id="3711">
                <IconStyle id="3712">
                    <color>ff0000ff</color>
                    <colorMode>normal</colorMode>
                    <scale>1</scale>
                    <heading>0</heading>
                    <Icon id="3713">
                        <href>http://maps.google.com/mapfiles/kml/pushpin/ylw-pushpin.png</href>
                    </Icon>
                </IconStyle>
            </Style>
            <Style id="3716">
                <IconStyle id="3717">
                    <color>ff0000ff</color>
                    <colorMode>normal</colorMode>
                    <scale>1</scale>
                    <heading>0</heading>
                    <Icon id="3718">
                        <href>http://maps.google.com/mapfiles/kml/pushpin/ylw-pushpin.png</href>
                    </Icon>
                </IconStyle>
            </Style>
            <Style id="3721">
                <IconStyle id="3722">
                    <color>ff0000ff</color>
                    <colorMode>normal</colorMode>
                    <scale>1</scale>
                    <heading>0</heading>
                    <Icon id="3723">
                        <href>http://maps.google.com/mapfiles/kml/pushpin/ylw-pushpin.png</href>
                    </Icon>
                </IconStyle>
            </Style>
            <Style id="3726">
                <IconStyle id="3727">
                    <color>ff0000ff</color>
                    <colorMode>normal</colorMode>
                    <scale>1</scale>
                    <heading>0</heading>
                    <Icon id="3728">
                        <href>http://maps.google.com/mapfiles/kml/pushpin/ylw-pushpin.png</href>
                    </Icon>
                </IconStyle>
            </Style>
            <Style id="3731">
                <IconStyle id="3732">
                    <color>ff0000ff</color>
                    <colorMode>normal</colorMode>
                    <scale>1</scale>
                    <heading>0</heading>
                    <Icon id="3733">
                        <href>http://maps.google.com/mapfiles/kml/pushpin/ylw-pushpin.png</href>
                    </Icon>
                </IconStyle>
            </Style>
            <Style id="3736">
                <IconStyle id="3737">
                    <color>ff0000ff</color>
                    <colorMode>normal</colorMode>
                    <scale>1</scale>
                    <heading>0</heading>
                    <Icon id="3738">
                        <href>http://maps.google.com/mapfiles/kml/pushpin/ylw-pushpin.png</href>
                    </Icon>
                </IconStyle>
            </Style>
            <name>ANYI GLEIDY SALDAÑA ESPINOZA</name>
            <Placemark id="3515">
                <name>ROSAURA RUIZ JUAREZ</name>
                <description>CA.LOS ANGELES 303 CASTILLA
Castilla
Castilla
Piura
Perú</description>
                <styleUrl>#3516</styleUrl>
                <Point id="3514">
                    <coordinates>-80.6173949,-5.2014524,0.0</coordinates>
                </Point>
            </Placemark>
            <Placemark id="3520">
                <name>SUSANA MARGARITA VILCHEZ CARCAMO</name>
                <description>JR LAMBAYEQUE 705-1 CASTILLA Piura
Castilla
Castilla
Piura
Perú</description>
                <styleUrl>#3521</styleUrl>
                <Point id="3519">
                    <coordinates>-80.6173986,-5.1999797,0.0</coordinates>
                </Point>
            </Placemark>
            <Placemark id="3525">
                <name>PAJUELO CUROTTO MIGUEL ANGEL</name>
                <description>CALLE SAN PEDRO 390 CRUCE CON JUNIN CASTILLA
Castilla
Castilla
Piura
Perú</description>
                <styleUrl>#3526</styleUrl>
                <Point id="3524">
                    <coordinates>-80.620087,-5.2017431,0.0</coordinates>
                </Point>
            </Placemark>
            <Placemark id="3530">
                <name>WILMER PELTROCHE CORONADO</name>
                <description>Interior mercado castila puesto 64
Castilla
Castilla
Piura
Perú</description>
                <styleUrl>#3531</styleUrl>
                <Point id="3529">
                    <coordinates>-80.6226513,-5.1997934,0.0</coordinates>
                </Point>
            </Placemark>
            <Placemark id="3535">
                <name>ZAIDA DEL PILAR BERRU ALZAMORA</name>
                <description>MERCADO CASTILLA PUESTO 233-234
Castilla
Castilla
Piura
Perú</description>
                <styleUrl>#3536</styleUrl>
                <Point id="3534">
                    <coordinates>-80.6226117,-5.199835,0.0</coordinates>
                </Point>
            </Placemark>
            <Placemark id="3540">
                <name>SEGUNDO PALACIOS ESPINOZA</name>
                <description>Calle Tacna 415 - 1
Castilla
Castilla
Piura
Perú</description>
                <styleUrl>#3541</styleUrl>
                <Point id="3539">
                    <coordinates>-80.6240069,-5.2015393,0.0</coordinates>
                </Point>
            </Placemark>
            <Placemark id="3545">
                <name>MELIDA GUEVARA RUIZ</name>
                <description>MERCADO CASTILLA PTO 21
Castilla
Piura
Piura
Perú</description>
                <styleUrl>#3546</styleUrl>
                <Point id="3544">
                    <coordinates>-80.6224885,-5.1996713,0.0</coordinates>
                </Point>
            </Placemark>
            <Placemark id="3550">
                <name>PAMELA GARCIA OJEDA</name>
                <description>Interior mercado castilla puesto 76-77
Castilla
Castilla
Piura
Perú</description>
                <styleUrl>#3551</styleUrl>
                <Point id="3549">
                    <coordinates>-80.622671,-5.199776,0.0</coordinates>
                </Point>
            </Placemark>
            <Placemark id="3555">
                <name>ZAIDA DEL PILAR BERRU ALZAMORA</name>
                <description>MERCADO CASTILLA PUESTO 233-234
Castilla
Castilla
Piura
Perú</description>
                <styleUrl>#3556</styleUrl>
                <Point id="3554">
                    <coordinates>-80.6226117,-5.199835,0.0</coordinates>
                </Point>
            </Placemark>
            <Placemark id="3560">
                <name>PAUCAR GARCIA LUIS ANGEL</name>
                <description>INT MCDO PUEST 238 CASTILLA   
Castilla
Castilla
Piura
Perú</description>
                <styleUrl>#3561</styleUrl>
                <Point id="3559">
                    <coordinates>-80.622955,-5.199542,0.0</coordinates>
                </Point>
            </Placemark>
            <Placemark id="3565">
                <name>RAYMUNDO DE_ASTO ELSA MERCEDES</name>
                <description>AV.JUNIN 401                  
Castilla
Castilla
Piura
Perú</description>
                <styleUrl>#3566</styleUrl>
                <Point id="3564">
                    <coordinates>-80.623006,-5.200973,0.0</coordinates>
                </Point>
            </Placemark>
            <Placemark id="3570">
                <name>TINTA TAPIA ABEL</name>
                <description>CA.RAMON CASTILLA  138 CASTILLA
Castilla
Castilla
Piura
Perú</description>
                <styleUrl>#3571</styleUrl>
                <Point id="3569">
                    <coordinates>-80.6225804,-5.1976441,0.0</coordinates>
                </Point>
            </Placemark>
            <Placemark id="3575">
                <name>ANDRES CHANTA ZURITA</name>
                <description>CALLE LOS ANGELES 209 CASTILLA-Piura
Castilla
Castilla
Piura
Perú</description>
                <styleUrl>#3576</styleUrl>
                <Point id="3574">
                    <coordinates>-80.6172804,-5.2004374,0.0</coordinates>
                </Point>
            </Placemark>
            <Placemark id="3580">
                <name>GUERRERO BENITES JULIAN G.</name>
                <description>AV.RAMON CASTILLA 240 CASTILLA
Castilla

Piura
Perú</description>
                <styleUrl>#3581</styleUrl>
                <Point id="3579">
                    <coordinates>-80.622404,-5.198476,0.0</coordinates>
                </Point>
            </Placemark>
            <Placemark id="3585">
                <name>CIGUEÑAS CALLE SOLEDAD</name>
                <description>JR.ICA 1185 CASTILLA          
Castilla
Castilla
Piura
Perú</description>
                <styleUrl>#3586</styleUrl>
                <Point id="3584">
                    <coordinates>-80.61925,-5.203838,0.0</coordinates>
                </Point>
            </Placemark>
            <Placemark id="3590">
                <name>CANDELARIA RAMIREZ AQUINO</name>
                <description>CA.LOS ANGELES 111 -CASTILLA
Castilla
Castilla
Piura
Perú</description>
                <styleUrl>#3591</styleUrl>
                <Point id="3589">
                    <coordinates>-80.61718,-5.1993831,0.0</coordinates>
                </Point>
            </Placemark>
            <Placemark id="3595">
                <name>ALEJOS CHAVEZ GLADYS</name>
                <description>CA.LOS ANGELES 312            
Castilla
Castilla
Piura
Perú</description>
                <styleUrl>#3596</styleUrl>
                <Point id="3594">
                    <coordinates>-80.61776,-5.2019,0.0</coordinates>
                </Point>
            </Placemark>
            <Placemark id="3600">
                <name>MARIA FLOR SANDOVAL CORDOVA</name>
                <description>MARIA FLOR SANDOVAL CORDOVA
CA.LIMA 215 CERCADO CASTILLA
Castilla

Piura
Perú</description>
                <styleUrl>#3601</styleUrl>
                <Point id="3599">
                    <coordinates>-80.6177915,-5.2011515,0.0</coordinates>
                </Point>
            </Placemark>
            <Placemark id="3605">
                <name>ROJAS OJEDA ROSAS ROSARIO</name>
                <description>CA.BOLOGNESI 308              
Castilla
Castilla
Piura
Perú</description>
                <styleUrl>#3606</styleUrl>
                <Point id="3604">
                    <coordinates>-80.618947,-5.201785,0.0</coordinates>
                </Point>
            </Placemark>
            <Placemark id="3610">
                <name>KELLY APARICIO RUIZ</name>
                <description>KELLY APARICIO RUIZ
AV. JUNIN N 1103 (X CEMENTERIO CASTILLA)-CASTILLA
Castilla
Castilla
Piura
Perú</description>
                <styleUrl>#3611</styleUrl>
                <Point id="3609">
                    <coordinates>-80.6192955,-5.2021706,0.0</coordinates>
                </Point>
            </Placemark>
            <Placemark id="3615">
                <name>ARISMENDIS SECLEN DORIS</name>
                <description>ANGELES  526 CASTILLA
Castilla
Castilla
Piura
Perú</description>
                <styleUrl>#3616</styleUrl>
                <Point id="3614">
                    <coordinates>-80.618491,-5.204029,0.0</coordinates>
                </Point>
            </Placemark>
            <Placemark id="3620">
                <name>FASSIO RAMOS YESSENIA LIZBETH</name>
                <description>CA.LOS ANGELES 617 CAST       
Castilla
Castilla
Piura
Perú</description>
                <styleUrl>#3621</styleUrl>
                <Point id="3619">
                    <coordinates>-80.61855,-5.204724,0.0</coordinates>
                </Point>
            </Placemark>
            <Placemark id="3625">
                <name>SHARON CONSUELO ORTIZ ARANDA</name>
                <description>AV. BOLOGNESI 601 CASTILLA
Castilla
Castilla
Piura
Perú</description>
                <styleUrl>#3626</styleUrl>
                <Point id="3624">
                    <coordinates>-80.619773,-5.2051943,0.0</coordinates>
                </Point>
            </Placemark>
            <Placemark id="3630">
                <name>VANESA JULYANA CHIROQUE YARLEQUE</name>
                <description>Ca. BUENOS AIRES 607
Castilla
Castilla
Piura
Perú</description>
                <styleUrl>#3631</styleUrl>
                <Point id="3629">
                    <coordinates>-80.62016,-5.2055057,0.0</coordinates>
                </Point>
            </Placemark>
            <Placemark id="3635">
                <name>VIOLETA CLAUDIO GALVEZ</name>
                <description>CAPAC YUPANQUI 203 TALARITA
Castilla

Piura
Perú</description>
                <styleUrl>#3636</styleUrl>
                <Point id="3634">
                    <coordinates>-80.619697,-5.207254,0.0</coordinates>
                </Point>
            </Placemark>
            <Placemark id="3640">
                <name>ATARAMA VILCHEZ CANDELARIA</name>
                <description>CA MANCO CAPAC 205 CASTILLA   
Castilla
Castilla
Piura
Perú</description>
                <styleUrl>#3641</styleUrl>
                <Point id="3639">
                    <coordinates>-80.619188,-5.208271,0.0</coordinates>
                </Point>
            </Placemark>
            <Placemark id="3645">
                <name>DURAND JUAREZ BEATRIZ .B.</name>
                <description>CA.MAYTA CAPAC 201 CASTILLA   
Castilla
Castilla
Piura
Perú</description>
                <styleUrl>#3646</styleUrl>
                <Point id="3644">
                    <coordinates>-80.620304,-5.20775,0.0</coordinates>
                </Point>
            </Placemark>
            <Placemark id="3650">
                <name>ALINA CHERO ANDRADE</name>
                <description>LOS MOCHICAS 700 TALARITA CASTILLA-Piura
Castilla
Castilla
Piura
Perú</description>
                <styleUrl>#3651</styleUrl>
                <Point id="3649">
                    <coordinates>-80.6191461,-5.2093627,0.0</coordinates>
                </Point>
            </Placemark>
            <Placemark id="3655">
                <name>ATOCHE AYOSA FELICITA</name>
                <description>ATAHUALPA 315-B TALARITA      
Castilla
Piura
Piura
Perú</description>
                <styleUrl>#3656</styleUrl>
                <Point id="3654">
                    <coordinates>-80.618776,-5.20974,0.0</coordinates>
                </Point>
            </Placemark>
            <Placemark id="3660">
                <name>LUZ VICTORIA CARRION CASTILLO</name>
                <description>ATAHUALPA 408 TALARITA
Castilla
Castilla
Piura
Perú</description>
                <styleUrl>#3661</styleUrl>
                <Point id="3659">
                    <coordinates>-80.619223,-5.210396,0.0</coordinates>
                </Point>
            </Placemark>
            <Placemark id="3665">
                <name>JUAREZ DE TABAODA LUZ ELENA</name>
                <description>JUAREZ DE TABAODA LUZ ELENA
CA.MANCO CAPAC 525 CASTILLA
Castilla
Piura
Piura
Perú</description>
                <styleUrl>#3666</styleUrl>
                <Point id="3664">
                    <coordinates>-80.6204033,-5.2117426,0.0</coordinates>
                </Point>
            </Placemark>
            <Placemark id="3670">
                <name>JUDITH FLORES MURILLO</name>
                <description>CA.SINCHI ROCA. 410 TALARITA
Castilla
Castilla
Piura
Perú</description>
                <styleUrl>#3671</styleUrl>
                <Point id="3669">
                    <coordinates>-80.62024,-5.2101998,0.0</coordinates>
                </Point>
            </Placemark>
            <Placemark id="3675">
                <name>VILLASECA GUEVARA MARY ELISA</name>
                <description>SINCHI ROCA 429 TALARITA
Veintiséis de Octubre
Castilla
Piura
Perú</description>
                <styleUrl>#3676</styleUrl>
                <Point id="3674">
                    <coordinates>-80.6203139,-5.2108377,0.0</coordinates>
                </Point>
            </Placemark>
            <Placemark id="3680">
                <name>GLADYS ANTONIA RODRIGUEZ GARCIA</name>
                <description>CALLE YOQUE YUPANQUI  522 TALARITA CASTILLA-Piura
Castilla
Castilla
Piura
Perú</description>
                <styleUrl>#3681</styleUrl>
                <Point id="3679">
                    <coordinates>-80.6215507,-5.2110668,0.0</coordinates>
                </Point>
            </Placemark>
            <Placemark id="3685">
                <name>CASTILLO RUFASTO CLAUDIA G.</name>
                <description>PACHACUTEC 205  CASTILLA      
Castilla
Piura
Piura
Perú</description>
                <styleUrl>#3686</styleUrl>
                <Point id="3684">
                    <coordinates>-80.62311,-5.210671,0.0</coordinates>
                </Point>
            </Placemark>
            <Placemark id="3690">
                <name>ANA MARIA PACHERRES RAMIREZ</name>
                <description>AV. GRAU 1018 1ER PISO - CASTILLA
Castilla
Castilla
Piura
Perú</description>
                <styleUrl>#3691</styleUrl>
                <Point id="3689">
                    <coordinates>-80.622957,-5.2082361,0.0</coordinates>
                </Point>
            </Placemark>
            <Placemark id="3695">
                <name>RINCONCITO DEL PAN E.I.R.L.</name>
                <description>AV. MIGUEL GRAU NRO. 829
Castilla
200104Castilla
Piura
Perú</description>
                <styleUrl>#3696</styleUrl>
                <Point id="3694">
                    <coordinates>-80.6214393,-5.2054274,0.0</coordinates>
                </Point>
            </Placemark>
            <Placemark id="3700">
                <name>CHIROQUE MORE MARIBEL</name>
                <description>CA.AYACUCHO 534 CASTILLA      
Castilla
Castilla
Piura
Perú</description>
                <styleUrl>#3701</styleUrl>
                <Point id="3699">
                    <coordinates>-80.6233041,-5.2038357,0.0</coordinates>
                </Point>
            </Placemark>
            <Placemark id="3705">
                <name>JESSICA BERTHA GUERRERO VALDIVIEZO</name>
                <description>CALLE CUZCO 353 CASTILLO
Castilla
Castilla
Piura
Perú</description>
                <styleUrl>#3706</styleUrl>
                <Point id="3704">
                    <coordinates>-80.6237459,-5.2039114,0.0</coordinates>
                </Point>
            </Placemark>
            <Placemark id="3710">
                <name>LUIS ALBERTO ANCAJIMA MACALUPU</name>
                <description>CA.CUZCO 419                  
Castilla
Castilla
Piura
Perú</description>
                <styleUrl>#3711</styleUrl>
                <Point id="3709">
                    <coordinates>-80.623811,-5.204296,0.0</coordinates>
                </Point>
            </Placemark>
            <Placemark id="3715">
                <name>MACHUCA TIARA ALEXANDRA ARMESTAR VARGAS</name>
                <description>Ca. CALLAO 814
Castilla
Castilla
Piura
Perú</description>
                <styleUrl>#3716</styleUrl>
                <Point id="3714">
                    <coordinates>-80.6231683,-5.205975,0.0</coordinates>
                </Point>
            </Placemark>
            <Placemark id="3720">
                <name>ANTON GONZALES KATY JANNET</name>
                <description>CA.AMAZONAS 851 CASTILLA      
Castilla
Castilla
Piura
Perú</description>
                <styleUrl>#3721</styleUrl>
                <Point id="3719">
                    <coordinates>-80.623166,-5.207493,0.0</coordinates>
                </Point>
            </Placemark>
            <Placemark id="3725">
                <name>POICON YARLEQUE FLORENCIA</name>
                <description>CA.CALLAO 883 CASTILLA        
Castilla
Castilla
Piura
Perú</description>
                <styleUrl>#3726</styleUrl>
                <Point id="3724">
                    <coordinates>-80.624032,-5.208713,0.0</coordinates>
                </Point>
            </Placemark>
            <Placemark id="3730">
                <name>CARLOS ALBERTO SAAVEDRA VENEGAS</name>
                <description>CA.CALLAO 902 CASTILLA        
Castilla
Castilla
Piura
Perú</description>
                <styleUrl>#3731</styleUrl>
                <Point id="3729">
                    <coordinates>-80.624301,-5.208999,0.0</coordinates>
                </Point>
            </Placemark>
            <Placemark id="3735">
                <name>CESAR JESUS JUAREZ HUIMAN</name>
                <description>AV TACNA 730 - B CASTILLA
Castilla

Piura
Perú</description>
                <styleUrl>#3736</styleUrl>
                <Point id="3734">
                    <coordinates>-80.6249568,-5.2065679,0.0</coordinates>
                </Point>
            </Placemark>
        </Folder>
        <Folder id="3739">
            <Style id="3742">
                <IconStyle id="3743">
                    <color>ffff0000</color>
                    <colorMode>normal</colorMode>
                    <scale>1</scale>
                    <heading>0</heading>
                    <Icon id="3744">
                        <href>http://maps.google.com/mapfiles/kml/pushpin/ylw-pushpin.png</href>
                    </Icon>
                </IconStyle>
            </Style>
            <Style id="3747">
                <IconStyle id="3748">
                    <color>ffff0000</color>
                    <colorMode>normal</colorMode>
                    <scale>1</scale>
                    <heading>0</heading>
                    <Icon id="3749">
                        <href>http://maps.google.com/mapfiles/kml/pushpin/ylw-pushpin.png</href>
                    </Icon>
                </IconStyle>
            </Style>
            <Style id="3752">
                <IconStyle id="3753">
                    <color>ffff0000</color>
                    <colorMode>normal</colorMode>
                    <scale>1</scale>
                    <heading>0</heading>
                    <Icon id="3754">
                        <href>http://maps.google.com/mapfiles/kml/pushpin/ylw-pushpin.png</href>
                    </Icon>
                </IconStyle>
            </Style>
            <Style id="3757">
                <IconStyle id="3758">
                    <color>ffff0000</color>
                    <colorMode>normal</colorMode>
                    <scale>1</scale>
                    <heading>0</heading>
                    <Icon id="3759">
                        <href>http://maps.google.com/mapfiles/kml/pushpin/ylw-pushpin.png</href>
                    </Icon>
                </IconStyle>
            </Style>
            <Style id="3762">
                <IconStyle id="3763">
                    <color>ffff0000</color>
                    <colorMode>normal</colorMode>
                    <scale>1</scale>
                    <heading>0</heading>
                    <Icon id="3764">
                        <href>http://maps.google.com/mapfiles/kml/pushpin/ylw-pushpin.png</href>
                    </Icon>
                </IconStyle>
            </Style>
            <Style id="3767">
                <IconStyle id="3768">
                    <color>ffff0000</color>
                    <colorMode>normal</colorMode>
                    <scale>1</scale>
                    <heading>0</heading>
                    <Icon id="3769">
                        <href>http://maps.google.com/mapfiles/kml/pushpin/ylw-pushpin.png</href>
                    </Icon>
                </IconStyle>
            </Style>
            <Style id="3772">
                <IconStyle id="3773">
                    <color>ffff0000</color>
                    <colorMode>normal</colorMode>
                    <scale>1</scale>
                    <heading>0</heading>
                    <Icon id="3774">
                        <href>http://maps.google.com/mapfiles/kml/pushpin/ylw-pushpin.png</href>
                    </Icon>
                </IconStyle>
            </Style>
            <Style id="3777">
                <IconStyle id="3778">
                    <color>ffff0000</color>
                    <colorMode>normal</colorMode>
                    <scale>1</scale>
                    <heading>0</heading>
                    <Icon id="3779">
                        <href>http://maps.google.com/mapfiles/kml/pushpin/ylw-pushpin.png</href>
                    </Icon>
                </IconStyle>
            </Style>
            <Style id="3782">
                <IconStyle id="3783">
                    <color>ffff0000</color>
                    <colorMode>normal</colorMode>
                    <scale>1</scale>
                    <heading>0</heading>
                    <Icon id="3784">
                        <href>http://maps.google.com/mapfiles/kml/pushpin/ylw-pushpin.png</href>
                    </Icon>
                </IconStyle>
            </Style>
            <Style id="3787">
                <IconStyle id="3788">
                    <color>ffff0000</color>
                    <colorMode>normal</colorMode>
                    <scale>1</scale>
                    <heading>0</heading>
                    <Icon id="3789">
                        <href>http://maps.google.com/mapfiles/kml/pushpin/ylw-pushpin.png</href>
                    </Icon>
                </IconStyle>
            </Style>
            <Style id="3792">
                <IconStyle id="3793">
                    <color>ffff0000</color>
                    <colorMode>normal</colorMode>
                    <scale>1</scale>
                    <heading>0</heading>
                    <Icon id="3794">
                        <href>http://maps.google.com/mapfiles/kml/pushpin/ylw-pushpin.png</href>
                    </Icon>
                </IconStyle>
            </Style>
            <Style id="3797">
                <IconStyle id="3798">
                    <color>ffff0000</color>
                    <colorMode>normal</colorMode>
                    <scale>1</scale>
                    <heading>0</heading>
                    <Icon id="3799">
                        <href>http://maps.google.com/mapfiles/kml/pushpin/ylw-pushpin.png</href>
                    </Icon>
                </IconStyle>
            </Style>
            <Style id="3802">
                <IconStyle id="3803">
                    <color>ffff0000</color>
                    <colorMode>normal</colorMode>
                    <scale>1</scale>
                    <heading>0</heading>
                    <Icon id="3804">
                        <href>http://maps.google.com/mapfiles/kml/pushpin/ylw-pushpin.png</href>
                    </Icon>
                </IconStyle>
            </Style>
            <Style id="3807">
                <IconStyle id="3808">
                    <color>ffff0000</color>
                    <colorMode>normal</colorMode>
                    <scale>1</scale>
                    <heading>0</heading>
                    <Icon id="3809">
                        <href>http://maps.google.com/mapfiles/kml/pushpin/ylw-pushpin.png</href>
                    </Icon>
                </IconStyle>
            </Style>
            <Style id="3812">
                <IconStyle id="3813">
                    <color>ffff0000</color>
                    <colorMode>normal</colorMode>
                    <scale>1</scale>
                    <heading>0</heading>
                    <Icon id="3814">
                        <href>http://maps.google.com/mapfiles/kml/pushpin/ylw-pushpin.png</href>
                    </Icon>
                </IconStyle>
            </Style>
            <Style id="3817">
                <IconStyle id="3818">
                    <color>ffff0000</color>
                    <colorMode>normal</colorMode>
                    <scale>1</scale>
                    <heading>0</heading>
                    <Icon id="3819">
                        <href>http://maps.google.com/mapfiles/kml/pushpin/ylw-pushpin.png</href>
                    </Icon>
                </IconStyle>
            </Style>
            <Style id="3822">
                <IconStyle id="3823">
                    <color>ffff0000</color>
                    <colorMode>normal</colorMode>
                    <scale>1</scale>
                    <heading>0</heading>
                    <Icon id="3824">
                        <href>http://maps.google.com/mapfiles/kml/pushpin/ylw-pushpin.png</href>
                    </Icon>
                </IconStyle>
            </Style>
            <Style id="3827">
                <IconStyle id="3828">
                    <color>ffff0000</color>
                    <colorMode>normal</colorMode>
                    <scale>1</scale>
                    <heading>0</heading>
                    <Icon id="3829">
                        <href>http://maps.google.com/mapfiles/kml/pushpin/ylw-pushpin.png</href>
                    </Icon>
                </IconStyle>
            </Style>
            <Style id="3832">
                <IconStyle id="3833">
                    <color>ffff0000</color>
                    <colorMode>normal</colorMode>
                    <scale>1</scale>
                    <heading>0</heading>
                    <Icon id="3834">
                        <href>http://maps.google.com/mapfiles/kml/pushpin/ylw-pushpin.png</href>
                    </Icon>
                </IconStyle>
            </Style>
            <Style id="3837">
                <IconStyle id="3838">
                    <color>ffff0000</color>
                    <colorMode>normal</colorMode>
                    <scale>1</scale>
                    <heading>0</heading>
                    <Icon id="3839">
                        <href>http://maps.google.com/mapfiles/kml/pushpin/ylw-pushpin.png</href>
                    </Icon>
                </IconStyle>
            </Style>
            <Style id="3842">
                <IconStyle id="3843">
                    <color>ffff0000</color>
                    <colorMode>normal</colorMode>
                    <scale>1</scale>
                    <heading>0</heading>
                    <Icon id="3844">
                        <href>http://maps.google.com/mapfiles/kml/pushpin/ylw-pushpin.png</href>
                    </Icon>
                </IconStyle>
            </Style>
            <Style id="3847">
                <IconStyle id="3848">
                    <color>ffff0000</color>
                    <colorMode>normal</colorMode>
                    <scale>1</scale>
                    <heading>0</heading>
                    <Icon id="3849">
                        <href>http://maps.google.com/mapfiles/kml/pushpin/ylw-pushpin.png</href>
                    </Icon>
                </IconStyle>
            </Style>
            <Style id="3852">
                <IconStyle id="3853">
                    <color>ffff0000</color>
                    <colorMode>normal</colorMode>
                    <scale>1</scale>
                    <heading>0</heading>
                    <Icon id="3854">
                        <href>http://maps.google.com/mapfiles/kml/pushpin/ylw-pushpin.png</href>
                    </Icon>
                </IconStyle>
            </Style>
            <Style id="3857">
                <IconStyle id="3858">
                    <color>ffff0000</color>
                    <colorMode>normal</colorMode>
                    <scale>1</scale>
                    <heading>0</heading>
                    <Icon id="3859">
                        <href>http://maps.google.com/mapfiles/kml/pushpin/ylw-pushpin.png</href>
                    </Icon>
                </IconStyle>
            </Style>
            <Style id="3862">
                <IconStyle id="3863">
                    <color>ffff0000</color>
                    <colorMode>normal</colorMode>
                    <scale>1</scale>
                    <heading>0</heading>
                    <Icon id="3864">
                        <href>http://maps.google.com/mapfiles/kml/pushpin/ylw-pushpin.png</href>
                    </Icon>
                </IconStyle>
            </Style>
            <Style id="3867">
                <IconStyle id="3868">
                    <color>ffff0000</color>
                    <colorMode>normal</colorMode>
                    <scale>1</scale>
                    <heading>0</heading>
                    <Icon id="3869">
                        <href>http://maps.google.com/mapfiles/kml/pushpin/ylw-pushpin.png</href>
                    </Icon>
                </IconStyle>
            </Style>
            <Style id="3872">
                <IconStyle id="3873">
                    <color>ffff0000</color>
                    <colorMode>normal</colorMode>
                    <scale>1</scale>
                    <heading>0</heading>
                    <Icon id="3874">
                        <href>http://maps.google.com/mapfiles/kml/pushpin/ylw-pushpin.png</href>
                    </Icon>
                </IconStyle>
            </Style>
            <Style id="3877">
                <IconStyle id="3878">
                    <color>ffff0000</color>
                    <colorMode>normal</colorMode>
                    <scale>1</scale>
                    <heading>0</heading>
                    <Icon id="3879">
                        <href>http://maps.google.com/mapfiles/kml/pushpin/ylw-pushpin.png</href>
                    </Icon>
                </IconStyle>
            </Style>
            <Style id="3882">
                <IconStyle id="3883">
                    <color>ffff0000</color>
                    <colorMode>normal</colorMode>
                    <scale>1</scale>
                    <heading>0</heading>
                    <Icon id="3884">
                        <href>http://maps.google.com/mapfiles/kml/pushpin/ylw-pushpin.png</href>
                    </Icon>
                </IconStyle>
            </Style>
            <Style id="3887">
                <IconStyle id="3888">
                    <color>ffff0000</color>
                    <colorMode>normal</colorMode>
                    <scale>1</scale>
                    <heading>0</heading>
                    <Icon id="3889">
                        <href>http://maps.google.com/mapfiles/kml/pushpin/ylw-pushpin.png</href>
                    </Icon>
                </IconStyle>
            </Style>
            <Style id="3892">
                <IconStyle id="3893">
                    <color>ffff0000</color>
                    <colorMode>normal</colorMode>
                    <scale>1</scale>
                    <heading>0</heading>
                    <Icon id="3894">
                        <href>http://maps.google.com/mapfiles/kml/pushpin/ylw-pushpin.png</href>
                    </Icon>
                </IconStyle>
            </Style>
            <Style id="3897">
                <IconStyle id="3898">
                    <color>ffff0000</color>
                    <colorMode>normal</colorMode>
                    <scale>1</scale>
                    <heading>0</heading>
                    <Icon id="3899">
                        <href>http://maps.google.com/mapfiles/kml/pushpin/ylw-pushpin.png</href>
                    </Icon>
                </IconStyle>
            </Style>
            <name>BRAYAN ALEXANDER IPANAQUE CASTRO</name>
            <Placemark id="3741">
                <name>NANCY ESTELA PERICHE PANTA</name>
                <description>AHH LOS PORTALES MZ 10 LOT 1
Sechura

Piura
Perú</description>
                <styleUrl>#3742</styleUrl>
                <Point id="3740">
                    <coordinates>-80.816263,-5.579373,0.0</coordinates>
                </Point>
            </Placemark>
            <Placemark id="3746">
                <name>ANGELICA SUSANA INGA CALDERON</name>
                <description>MZ H LOTE 5B AH JUA BAUTISTA - SECHURA
Sechura
Sechura
Piura
Perú</description>
                <styleUrl>#3747</styleUrl>
                <Point id="3745">
                    <coordinates>-80.8103886,-5.5571512,0.0</coordinates>
                </Point>
            </Placemark>
            <Placemark id="3751">
                <name>ISIDRO DANIEL VITE QUIROGA</name>
                <description>CALLE POR VENIR SECHURA-SECHURA
Sechura
Sechura
Piura
Perú</description>
                <styleUrl>#3752</styleUrl>
                <Point id="3750">
                    <coordinates>-80.8205963,-5.5675142,0.0</coordinates>
                </Point>
            </Placemark>
            <Placemark id="3756">
                <name>MARIA PILAR PERICHE PANTA</name>
                <description>AAHH LOS PORTALES MZ 9 LOT 6
Sechura

Piura
Perú</description>
                <styleUrl>#3757</styleUrl>
                <Point id="3755">
                    <coordinates>-80.816552,-5.579463,0.0</coordinates>
                </Point>
            </Placemark>
            <Placemark id="3761">
                <name>MARTHA PULACHE NAVARRO</name>
                <description>Puesto 1 terminal de sechura
Sechura
Sechura
Piura
Perú</description>
                <styleUrl>#3762</styleUrl>
                <Point id="3760">
                    <coordinates>-80.821543,-5.564099,0.0</coordinates>
                </Point>
            </Placemark>
            <Placemark id="3766">
                <name>MARTHA PULACHE NAVARRO</name>
                <description>Puesto 1 terminal de sechura
Sechura
Sechura
Piura
Perú</description>
                <styleUrl>#3767</styleUrl>
                <Point id="3765">
                    <coordinates>-80.821543,-5.564099,0.0</coordinates>
                </Point>
            </Placemark>
            <Placemark id="3771">
                <name>FABIOLA LILIANA ECHE PUESCAS</name>
                <description>MZ. E LT. 14 SAN MARTIN - SECHURA
Sechura
Sechura
Piura
Perú</description>
                <styleUrl>#3772</styleUrl>
                <Point id="3770">
                    <coordinates>-80.8153032,-5.5631315,0.0</coordinates>
                </Point>
            </Placemark>
            <Placemark id="3776">
                <name>ARACELLY EMPERATRIZ RUIZ NAMUCHE</name>
                <description>MZ. M LT. 25 AH. SAN MARTIN - SECHU
Sechura
Sechura
Piura
Perú</description>
                <styleUrl>#3777</styleUrl>
                <Point id="3775">
                    <coordinates>-80.818338,-5.561078,0.0</coordinates>
                </Point>
            </Placemark>
            <Placemark id="3781">
                <name>MELISSA TUME PANTA</name>
                <description>AH LOS JARDINES MZ A LOT 18 SEGUNDA ETAPA REF MADERERA LA UNIÓN
Sechura
Sechura
Piura
Perú</description>
                <styleUrl>#3782</styleUrl>
                <Point id="3780">
                    <coordinates>-80.8071723,-5.563532,0.0</coordinates>
                </Point>
            </Placemark>
            <Placemark id="3786">
                <name>CYNTHIA LUCERO PAZO ECHE</name>
                <description>AAHH30 de agosto MZ A LOT 25
Sechura
Sechura
Piura
Perú</description>
                <styleUrl>#3787</styleUrl>
                <Point id="3785">
                    <coordinates>-80.8099221,-5.5624984,0.0</coordinates>
                </Point>
            </Placemark>
            <Placemark id="3791">
                <name>LOURDES AYALA MORALES</name>
                <description>AH LOS JARDINES MZ A LOT 11 SEGUNDA ESTAPA REF MADERERA LA UNIÓN
Sechura
Sechura
Piura
Perú</description>
                <styleUrl>#3792</styleUrl>
                <Point id="3790">
                    <coordinates>-80.807752,-5.5633131,0.0</coordinates>
                </Point>
            </Placemark>
            <Placemark id="3796">
                <name>CORREA QUINTANA JUAN CARLOS</name>
                <description>AH LOS JARDINES MZ D LOT 11
Sechura
Sechura
Piura
Perú</description>
                <styleUrl>#3797</styleUrl>
                <Point id="3795">
                    <coordinates>-80.8087544,-5.5633938,0.0</coordinates>
                </Point>
            </Placemark>
            <Placemark id="3801">
                <name>TERRAMAR PLAZA E.I.R.L.</name>
                <description>TERRAMAR PLAZA E.I.R.L.
AV. GRAU 1202 CENTRO SECHURA
Sechura
200801Sechura
Piura
Perú</description>
                <styleUrl>#3802</styleUrl>
                <Point id="3800">
                    <coordinates>-80.8161924,-5.5662313,0.0</coordinates>
                </Point>
            </Placemark>
            <Placemark id="3806">
                <name>MARIA CORINA QUEREVALU DE AYALA</name>
                <description>AAHH LOS JARDINES SEGUNDA ETAPA MZ E LOT 22
Sechura
Sechura
Piura
Perú</description>
                <styleUrl>#3807</styleUrl>
                <Point id="3805">
                    <coordinates>-80.80827,-5.56519,0.0</coordinates>
                </Point>
            </Placemark>
            <Placemark id="3811">
                <name>JANEE MERINO ABAD</name>
                <description>AH.LOS JARDINES MZ I LT 3 2 ETP SECHURA
Sechura
Sechura
Piura
Perú</description>
                <styleUrl>#3812</styleUrl>
                <Point id="3810">
                    <coordinates>-80.8075146,-5.5658435,0.0</coordinates>
                </Point>
            </Placemark>
            <Placemark id="3816">
                <name>DEYSI GUERRERO HUAMAN</name>
                <description>AH.LOS JARDINES MZ-I LT-01
Sechura
Sechura
Piura
Perú</description>
                <styleUrl>#3817</styleUrl>
                <Point id="3815">
                    <coordinates>-80.8076652,-5.5656675,0.0</coordinates>
                </Point>
            </Placemark>
            <Placemark id="3821">
                <name>ESDENY VANESSA TUME AMAYA</name>
                <description>LOS JARDINES II ETAPA MZ R LOTE 18-SECHURA-SECHURA
Sechura
Sechura
Piura
Perú</description>
                <styleUrl>#3822</styleUrl>
                <Point id="3820">
                    <coordinates>-80.8079234,-5.5674692,0.0</coordinates>
                </Point>
            </Placemark>
            <Placemark id="3826">
                <name>IRMA VEGAS ATARAMA</name>
                <description>AAHH Los Jardines 2sa etapa Mz Q lote 21
Sechura
Sechura
Piura
Perú</description>
                <styleUrl>#3827</styleUrl>
                <Point id="3825">
                    <coordinates>-80.80909,-5.56685,0.0</coordinates>
                </Point>
            </Placemark>
            <Placemark id="3831">
                <name>NOELI ISAMAR TACURE MONTALBAN</name>
                <description>AV.VILLA CANADA MZ M LT 21 AH.LOS JARDINES-SECHURA
Sechura
Sechura
Piura
Perú</description>
                <styleUrl>#3832</styleUrl>
                <Point id="3830">
                    <coordinates>-80.8112576,-5.5671124,0.0</coordinates>
                </Point>
            </Placemark>
            <Placemark id="3836">
                <name>BERTHA IGNACIO AVILA</name>
                <description>A H. LOS JARDINES SUR ESTE MZ. A LT. 08 - SECHURA
Sechura
Sechura
Piura
Perú</description>
                <styleUrl>#3837</styleUrl>
                <Point id="3835">
                    <coordinates>-80.812268,-5.5673574,0.0</coordinates>
                </Point>
            </Placemark>
            <Placemark id="3841">
                <name>TERRAMAR PLAZA E.I.R.L.</name>
                <description>TERRAMAR PLAZA E.I.R.L.
AV. GRAU 1202 CENTRO SECHURA
Sechura
200801Sechura
Piura
Perú</description>
                <styleUrl>#3842</styleUrl>
                <Point id="3840">
                    <coordinates>-80.8161924,-5.5662313,0.0</coordinates>
                </Point>
            </Placemark>
            <Placemark id="3846">
                <name>DIANA RUTH RUBIO HUERTAS</name>
                <description>MZ A LOTE 9 AH LA PERLA - SECHURA
Sechura
Sechura
Piura
Perú</description>
                <styleUrl>#3847</styleUrl>
                <Point id="3845">
                    <coordinates>-80.8120138,-5.5688399,0.0</coordinates>
                </Point>
            </Placemark>
            <Placemark id="3851">
                <name>BRYAM SAMIR PEREZ FIESTAS</name>
                <description>Ah SNTA ROSA S/N MZ D LOT 26
Sechura
Sechura
Piura
Perú</description>
                <styleUrl>#3852</styleUrl>
                <Point id="3850">
                    <coordinates>-80.8114277,-5.5694975,0.0</coordinates>
                </Point>
            </Placemark>
            <Placemark id="3856">
                <name>MIGUELINA MARQUEZ RAMIREZ</name>
                <description>NUEVO HORIZONTE MZ K LOT 7 -SECHURA-SECHURA
Sechura
Sechura
Piura
Perú</description>
                <styleUrl>#3857</styleUrl>
                <Point id="3855">
                    <coordinates>-80.8101867,-5.5724261,0.0</coordinates>
                </Point>
            </Placemark>
            <Placemark id="3861">
                <name>MAYRA MARILIN AYALA MORALES</name>
                <description>AMPLIACIÓN VILLA CANADA MZ A LOT 14
Sechura
Sechura
Piura
Perú</description>
                <styleUrl>#3862</styleUrl>
                <Point id="3860">
                    <coordinates>-80.8096777,-5.5715994,0.0</coordinates>
                </Point>
            </Placemark>
            <Placemark id="3866">
                <name>SHALY MARLENY FALCON LLOCLLA</name>
                <description>MZA. B LOTE. 12 A.H. NUEVO HORIZONTE - SECHURA
Sechura
Sechura
Piura
Perú</description>
                <styleUrl>#3867</styleUrl>
                <Point id="3865">
                    <coordinates>-80.8123446,-5.5694041,0.0</coordinates>
                </Point>
            </Placemark>
            <Placemark id="3871">
                <name>ESTELA JANET ECHE FIESTAS</name>
                <description>AH.NUEVO BAZAN MZ G LT 16 - SECHURA
Sechura
Sechura
Piura
Perú</description>
                <styleUrl>#3872</styleUrl>
                <Point id="3870">
                    <coordinates>-80.8127742,-5.5694177,0.0</coordinates>
                </Point>
            </Placemark>
            <Placemark id="3876">
                <name>MARIA AUGUSTA QUEREVALU FIESTAS</name>
                <description>AAHH NUEVO BAZAN MZ J LOT 21
Sechura
Sechura
Piura
Perú</description>
                <styleUrl>#3877</styleUrl>
                <Point id="3875">
                    <coordinates>-80.8127835,-5.5696017,0.0</coordinates>
                </Point>
            </Placemark>
            <Placemark id="3881">
                <name>MARIA YSABEL CARMEN CHINCHAY</name>
                <description>AAHH NUEVO BAZAN MZ C LOT 14
Sechura
Sechura
Piura
Perú</description>
                <styleUrl>#3882</styleUrl>
                <Point id="3880">
                    <coordinates>-80.8143804,-5.5703667,0.0</coordinates>
                </Point>
            </Placemark>
            <Placemark id="3886">
                <name>JULIA ELENA VITE CHAPA</name>
                <description>AAHH.NVO.BAZAN MZ-I LT-10
Sechura
Sechura
Piura
Perú</description>
                <styleUrl>#3887</styleUrl>
                <Point id="3885">
                    <coordinates>-80.8131282,-5.5706496,0.0</coordinates>
                </Point>
            </Placemark>
            <Placemark id="3891">
                <name>LILIANA FLOR NORIEGA ROCHA</name>
                <description>AV BRASIL MZ 1 LOTE 63-LA FLORIDA 3ERA ETAPA-SECHURA-SECHURA
Sechura
Sechura
Piura
Perú</description>
                <styleUrl>#3892</styleUrl>
                <Point id="3890">
                    <coordinates>-80.816227,-5.56383,0.0</coordinates>
                </Point>
            </Placemark>
            <Placemark id="3896">
                <name>IVONNE MABEL MORALES PEÑA</name>
                <description>TERMINAL TERRESTRE PUESTO N° 7
Sechura
Sechura
Piura
Perú</description>
                <styleUrl>#3897</styleUrl>
                <Point id="3895">
                    <coordinates>-80.820884,-5.563122,0.0</coordinates>
                </Point>
            </Placemark>
        </Folder>
        <Folder id="3900">
            <Style id="3903">
                <IconStyle id="3904">
                    <color>ff008000</color>
                    <colorMode>normal</colorMode>
                    <scale>1</scale>
                    <heading>0</heading>
                    <Icon id="3905">
                        <href>http://maps.google.com/mapfiles/kml/pushpin/ylw-pushpin.png</href>
                    </Icon>
                </IconStyle>
            </Style>
            <Style id="3908">
                <IconStyle id="3909">
                    <color>ff008000</color>
                    <colorMode>normal</colorMode>
                    <scale>1</scale>
                    <heading>0</heading>
                    <Icon id="3910">
                        <href>http://maps.google.com/mapfiles/kml/pushpin/ylw-pushpin.png</href>
                    </Icon>
                </IconStyle>
            </Style>
            <Style id="3913">
                <IconStyle id="3914">
                    <color>ff008000</color>
                    <colorMode>normal</colorMode>
                    <scale>1</scale>
                    <heading>0</heading>
                    <Icon id="3915">
                        <href>http://maps.google.com/mapfiles/kml/pushpin/ylw-pushpin.png</href>
                    </Icon>
                </IconStyle>
            </Style>
            <Style id="3918">
                <IconStyle id="3919">
                    <color>ff008000</color>
                    <colorMode>normal</colorMode>
                    <scale>1</scale>
                    <heading>0</heading>
                    <Icon id="3920">
                        <href>http://maps.google.com/mapfiles/kml/pushpin/ylw-pushpin.png</href>
                    </Icon>
                </IconStyle>
            </Style>
            <Style id="3923">
                <IconStyle id="3924">
                    <color>ff008000</color>
                    <colorMode>normal</colorMode>
                    <scale>1</scale>
                    <heading>0</heading>
                    <Icon id="3925">
                        <href>http://maps.google.com/mapfiles/kml/pushpin/ylw-pushpin.png</href>
                    </Icon>
                </IconStyle>
            </Style>
            <Style id="3928">
                <IconStyle id="3929">
                    <color>ff008000</color>
                    <colorMode>normal</colorMode>
                    <scale>1</scale>
                    <heading>0</heading>
                    <Icon id="3930">
                        <href>http://maps.google.com/mapfiles/kml/pushpin/ylw-pushpin.png</href>
                    </Icon>
                </IconStyle>
            </Style>
            <Style id="3933">
                <IconStyle id="3934">
                    <color>ff008000</color>
                    <colorMode>normal</colorMode>
                    <scale>1</scale>
                    <heading>0</heading>
                    <Icon id="3935">
                        <href>http://maps.google.com/mapfiles/kml/pushpin/ylw-pushpin.png</href>
                    </Icon>
                </IconStyle>
            </Style>
            <Style id="3938">
                <IconStyle id="3939">
                    <color>ff008000</color>
                    <colorMode>normal</colorMode>
                    <scale>1</scale>
                    <heading>0</heading>
                    <Icon id="3940">
                        <href>http://maps.google.com/mapfiles/kml/pushpin/ylw-pushpin.png</href>
                    </Icon>
                </IconStyle>
            </Style>
            <Style id="3943">
                <IconStyle id="3944">
                    <color>ff008000</color>
                    <colorMode>normal</colorMode>
                    <scale>1</scale>
                    <heading>0</heading>
                    <Icon id="3945">
                        <href>http://maps.google.com/mapfiles/kml/pushpin/ylw-pushpin.png</href>
                    </Icon>
                </IconStyle>
            </Style>
            <Style id="3948">
                <IconStyle id="3949">
                    <color>ff008000</color>
                    <colorMode>normal</colorMode>
                    <scale>1</scale>
                    <heading>0</heading>
                    <Icon id="3950">
                        <href>http://maps.google.com/mapfiles/kml/pushpin/ylw-pushpin.png</href>
                    </Icon>
                </IconStyle>
            </Style>
            <Style id="3953">
                <IconStyle id="3954">
                    <color>ff008000</color>
                    <colorMode>normal</colorMode>
                    <scale>1</scale>
                    <heading>0</heading>
                    <Icon id="3955">
                        <href>http://maps.google.com/mapfiles/kml/pushpin/ylw-pushpin.png</href>
                    </Icon>
                </IconStyle>
            </Style>
            <Style id="3958">
                <IconStyle id="3959">
                    <color>ff008000</color>
                    <colorMode>normal</colorMode>
                    <scale>1</scale>
                    <heading>0</heading>
                    <Icon id="3960">
                        <href>http://maps.google.com/mapfiles/kml/pushpin/ylw-pushpin.png</href>
                    </Icon>
                </IconStyle>
            </Style>
            <Style id="3963">
                <IconStyle id="3964">
                    <color>ff008000</color>
                    <colorMode>normal</colorMode>
                    <scale>1</scale>
                    <heading>0</heading>
                    <Icon id="3965">
                        <href>http://maps.google.com/mapfiles/kml/pushpin/ylw-pushpin.png</href>
                    </Icon>
                </IconStyle>
            </Style>
            <Style id="3968">
                <IconStyle id="3969">
                    <color>ff008000</color>
                    <colorMode>normal</colorMode>
                    <scale>1</scale>
                    <heading>0</heading>
                    <Icon id="3970">
                        <href>http://maps.google.com/mapfiles/kml/pushpin/ylw-pushpin.png</href>
                    </Icon>
                </IconStyle>
            </Style>
            <Style id="3973">
                <IconStyle id="3974">
                    <color>ff008000</color>
                    <colorMode>normal</colorMode>
                    <scale>1</scale>
                    <heading>0</heading>
                    <Icon id="3975">
                        <href>http://maps.google.com/mapfiles/kml/pushpin/ylw-pushpin.png</href>
                    </Icon>
                </IconStyle>
            </Style>
            <Style id="3978">
                <IconStyle id="3979">
                    <color>ff008000</color>
                    <colorMode>normal</colorMode>
                    <scale>1</scale>
                    <heading>0</heading>
                    <Icon id="3980">
                        <href>http://maps.google.com/mapfiles/kml/pushpin/ylw-pushpin.png</href>
                    </Icon>
                </IconStyle>
            </Style>
            <Style id="3983">
                <IconStyle id="3984">
                    <color>ff008000</color>
                    <colorMode>normal</colorMode>
                    <scale>1</scale>
                    <heading>0</heading>
                    <Icon id="3985">
                        <href>http://maps.google.com/mapfiles/kml/pushpin/ylw-pushpin.png</href>
                    </Icon>
                </IconStyle>
            </Style>
            <Style id="3988">
                <IconStyle id="3989">
                    <color>ff008000</color>
                    <colorMode>normal</colorMode>
                    <scale>1</scale>
                    <heading>0</heading>
                    <Icon id="3990">
                        <href>http://maps.google.com/mapfiles/kml/pushpin/ylw-pushpin.png</href>
                    </Icon>
                </IconStyle>
            </Style>
            <Style id="3993">
                <IconStyle id="3994">
                    <color>ff008000</color>
                    <colorMode>normal</colorMode>
                    <scale>1</scale>
                    <heading>0</heading>
                    <Icon id="3995">
                        <href>http://maps.google.com/mapfiles/kml/pushpin/ylw-pushpin.png</href>
                    </Icon>
                </IconStyle>
            </Style>
            <Style id="3998">
                <IconStyle id="3999">
                    <color>ff008000</color>
                    <colorMode>normal</colorMode>
                    <scale>1</scale>
                    <heading>0</heading>
                    <Icon id="4000">
                        <href>http://maps.google.com/mapfiles/kml/pushpin/ylw-pushpin.png</href>
                    </Icon>
                </IconStyle>
            </Style>
            <Style id="4003">
                <IconStyle id="4004">
                    <color>ff008000</color>
                    <colorMode>normal</colorMode>
                    <scale>1</scale>
                    <heading>0</heading>
                    <Icon id="4005">
                        <href>http://maps.google.com/mapfiles/kml/pushpin/ylw-pushpin.png</href>
                    </Icon>
                </IconStyle>
            </Style>
            <Style id="4008">
                <IconStyle id="4009">
                    <color>ff008000</color>
                    <colorMode>normal</colorMode>
                    <scale>1</scale>
                    <heading>0</heading>
                    <Icon id="4010">
                        <href>http://maps.google.com/mapfiles/kml/pushpin/ylw-pushpin.png</href>
                    </Icon>
                </IconStyle>
            </Style>
            <Style id="4013">
                <IconStyle id="4014">
                    <color>ff008000</color>
                    <colorMode>normal</colorMode>
                    <scale>1</scale>
                    <heading>0</heading>
                    <Icon id="4015">
                        <href>http://maps.google.com/mapfiles/kml/pushpin/ylw-pushpin.png</href>
                    </Icon>
                </IconStyle>
            </Style>
            <Style id="4018">
                <IconStyle id="4019">
                    <color>ff008000</color>
                    <colorMode>normal</colorMode>
                    <scale>1</scale>
                    <heading>0</heading>
                    <Icon id="4020">
                        <href>http://maps.google.com/mapfiles/kml/pushpin/ylw-pushpin.png</href>
                    </Icon>
                </IconStyle>
            </Style>
            <Style id="4023">
                <IconStyle id="4024">
                    <color>ff008000</color>
                    <colorMode>normal</colorMode>
                    <scale>1</scale>
                    <heading>0</heading>
                    <Icon id="4025">
                        <href>http://maps.google.com/mapfiles/kml/pushpin/ylw-pushpin.png</href>
                    </Icon>
                </IconStyle>
            </Style>
            <Style id="4028">
                <IconStyle id="4029">
                    <color>ff008000</color>
                    <colorMode>normal</colorMode>
                    <scale>1</scale>
                    <heading>0</heading>
                    <Icon id="4030">
                        <href>http://maps.google.com/mapfiles/kml/pushpin/ylw-pushpin.png</href>
                    </Icon>
                </IconStyle>
            </Style>
            <Style id="4033">
                <IconStyle id="4034">
                    <color>ff008000</color>
                    <colorMode>normal</colorMode>
                    <scale>1</scale>
                    <heading>0</heading>
                    <Icon id="4035">
                        <href>http://maps.google.com/mapfiles/kml/pushpin/ylw-pushpin.png</href>
                    </Icon>
                </IconStyle>
            </Style>
            <Style id="4038">
                <IconStyle id="4039">
                    <color>ff008000</color>
                    <colorMode>normal</colorMode>
                    <scale>1</scale>
                    <heading>0</heading>
                    <Icon id="4040">
                        <href>http://maps.google.com/mapfiles/kml/pushpin/ylw-pushpin.png</href>
                    </Icon>
                </IconStyle>
            </Style>
            <Style id="4043">
                <IconStyle id="4044">
                    <color>ff008000</color>
                    <colorMode>normal</colorMode>
                    <scale>1</scale>
                    <heading>0</heading>
                    <Icon id="4045">
                        <href>http://maps.google.com/mapfiles/kml/pushpin/ylw-pushpin.png</href>
                    </Icon>
                </IconStyle>
            </Style>
            <Style id="4048">
                <IconStyle id="4049">
                    <color>ff008000</color>
                    <colorMode>normal</colorMode>
                    <scale>1</scale>
                    <heading>0</heading>
                    <Icon id="4050">
                        <href>http://maps.google.com/mapfiles/kml/pushpin/ylw-pushpin.png</href>
                    </Icon>
                </IconStyle>
            </Style>
            <Style id="4053">
                <IconStyle id="4054">
                    <color>ff008000</color>
                    <colorMode>normal</colorMode>
                    <scale>1</scale>
                    <heading>0</heading>
                    <Icon id="4055">
                        <href>http://maps.google.com/mapfiles/kml/pushpin/ylw-pushpin.png</href>
                    </Icon>
                </IconStyle>
            </Style>
            <Style id="4058">
                <IconStyle id="4059">
                    <color>ff008000</color>
                    <colorMode>normal</colorMode>
                    <scale>1</scale>
                    <heading>0</heading>
                    <Icon id="4060">
                        <href>http://maps.google.com/mapfiles/kml/pushpin/ylw-pushpin.png</href>
                    </Icon>
                </IconStyle>
            </Style>
            <Style id="4063">
                <IconStyle id="4064">
                    <color>ff008000</color>
                    <colorMode>normal</colorMode>
                    <scale>1</scale>
                    <heading>0</heading>
                    <Icon id="4065">
                        <href>http://maps.google.com/mapfiles/kml/pushpin/ylw-pushpin.png</href>
                    </Icon>
                </IconStyle>
            </Style>
            <Style id="4068">
                <IconStyle id="4069">
                    <color>ff008000</color>
                    <colorMode>normal</colorMode>
                    <scale>1</scale>
                    <heading>0</heading>
                    <Icon id="4070">
                        <href>http://maps.google.com/mapfiles/kml/pushpin/ylw-pushpin.png</href>
                    </Icon>
                </IconStyle>
            </Style>
            <Style id="4073">
                <IconStyle id="4074">
                    <color>ff008000</color>
                    <colorMode>normal</colorMode>
                    <scale>1</scale>
                    <heading>0</heading>
                    <Icon id="4075">
                        <href>http://maps.google.com/mapfiles/kml/pushpin/ylw-pushpin.png</href>
                    </Icon>
                </IconStyle>
            </Style>
            <Style id="4078">
                <IconStyle id="4079">
                    <color>ff008000</color>
                    <colorMode>normal</colorMode>
                    <scale>1</scale>
                    <heading>0</heading>
                    <Icon id="4080">
                        <href>http://maps.google.com/mapfiles/kml/pushpin/ylw-pushpin.png</href>
                    </Icon>
                </IconStyle>
            </Style>
            <Style id="4083">
                <IconStyle id="4084">
                    <color>ff008000</color>
                    <colorMode>normal</colorMode>
                    <scale>1</scale>
                    <heading>0</heading>
                    <Icon id="4085">
                        <href>http://maps.google.com/mapfiles/kml/pushpin/ylw-pushpin.png</href>
                    </Icon>
                </IconStyle>
            </Style>
            <Style id="4088">
                <IconStyle id="4089">
                    <color>ff008000</color>
                    <colorMode>normal</colorMode>
                    <scale>1</scale>
                    <heading>0</heading>
                    <Icon id="4090">
                        <href>http://maps.google.com/mapfiles/kml/pushpin/ylw-pushpin.png</href>
                    </Icon>
                </IconStyle>
            </Style>
            <Style id="4093">
                <IconStyle id="4094">
                    <color>ff008000</color>
                    <colorMode>normal</colorMode>
                    <scale>1</scale>
                    <heading>0</heading>
                    <Icon id="4095">
                        <href>http://maps.google.com/mapfiles/kml/pushpin/ylw-pushpin.png</href>
                    </Icon>
                </IconStyle>
            </Style>
            <Style id="4098">
                <IconStyle id="4099">
                    <color>ff008000</color>
                    <colorMode>normal</colorMode>
                    <scale>1</scale>
                    <heading>0</heading>
                    <Icon id="4100">
                        <href>http://maps.google.com/mapfiles/kml/pushpin/ylw-pushpin.png</href>
                    </Icon>
                </IconStyle>
            </Style>
            <Style id="4103">
                <IconStyle id="4104">
                    <color>ff008000</color>
                    <colorMode>normal</colorMode>
                    <scale>1</scale>
                    <heading>0</heading>
                    <Icon id="4105">
                        <href>http://maps.google.com/mapfiles/kml/pushpin/ylw-pushpin.png</href>
                    </Icon>
                </IconStyle>
            </Style>
            <Style id="4108">
                <IconStyle id="4109">
                    <color>ff008000</color>
                    <colorMode>normal</colorMode>
                    <scale>1</scale>
                    <heading>0</heading>
                    <Icon id="4110">
                        <href>http://maps.google.com/mapfiles/kml/pushpin/ylw-pushpin.png</href>
                    </Icon>
                </IconStyle>
            </Style>
            <Style id="4113">
                <IconStyle id="4114">
                    <color>ff008000</color>
                    <colorMode>normal</colorMode>
                    <scale>1</scale>
                    <heading>0</heading>
                    <Icon id="4115">
                        <href>http://maps.google.com/mapfiles/kml/pushpin/ylw-pushpin.png</href>
                    </Icon>
                </IconStyle>
            </Style>
            <name>CINTHYA FABIOLA CASTRO FARIAS</name>
            <Placemark id="3902">
                <name>GONZALES ORDINOLA DE SUNCION</name>
                <description>MARRIO AGUIRRE F-17
Talara
Talara
Piura
Perú</description>
                <styleUrl>#3903</styleUrl>
                <Point id="3901">
                    <coordinates>-81.2479165,-4.5871341,0.0</coordinates>
                </Point>
            </Placemark>
            <Placemark id="3907">
                <name>KATHERINE KIMBERLI SEMINARIO RUIZ</name>
                <description>Elian car E-2
Talara
Talara
Piura
Perú</description>
                <styleUrl>#3908</styleUrl>
                <Point id="3906">
                    <coordinates>-81.262235,-4.593536,0.0</coordinates>
                </Point>
            </Placemark>
            <Placemark id="3912">
                <name>LUIS ENRIQUE NIMA MOGOLLON</name>
                <description>AAHH 28 DE JULIO D-13
Talara
Talara
Piura
Perú</description>
                <styleUrl>#3913</styleUrl>
                <Point id="3911">
                    <coordinates>-81.2583929,-4.5985127,0.0</coordinates>
                </Point>
            </Placemark>
            <Placemark id="3917">
                <name>DELIA AUSI CHUNGA FALLA</name>
                <description>AH.BELLO HORIZONTE MZ C LT 17 - PARIÑAS
Talara
Talara
Piura
Perú</description>
                <styleUrl>#3918</styleUrl>
                <Point id="3916">
                    <coordinates>-81.2600156,-4.5931256,0.0</coordinates>
                </Point>
            </Placemark>
            <Placemark id="3922">
                <name>YESSICA MERCEDES MORAN NIZAMA</name>
                <description>San Judas F-6
Pariñas
Pariñas
Piura
Perú</description>
                <styleUrl>#3923</styleUrl>
                <Point id="3921">
                    <coordinates>-81.2740793,-4.5677277,0.0</coordinates>
                </Point>
            </Placemark>
            <Placemark id="3927">
                <name>CHERYL DAYANA ANTON AGURTO</name>
                <description>AAHH Martha Chávez B-8. TALARA
Talara
Talara
Piura
Perú</description>
                <styleUrl>#3928</styleUrl>
                <Point id="3926">
                    <coordinates>-81.2600442,-4.5981183,0.0</coordinates>
                </Point>
            </Placemark>
            <Placemark id="3932">
                <name>JUAN WILFREDO PANTA FLORES</name>
                <description>James torres s/n por el tahmajal a espaldas
Talara

Piura
Perú</description>
                <styleUrl>#3933</styleUrl>
                <Point id="3931">
                    <coordinates>-81.270541,-4.591553,0.0</coordinates>
                </Point>
            </Placemark>
            <Placemark id="3937">
                <name>JUAN WILFREDO PANTA FLORES</name>
                <description>James torres s/n por el tahmajal a espaldas
Talara

Piura
Perú</description>
                <styleUrl>#3938</styleUrl>
                <Point id="3936">
                    <coordinates>-81.270541,-4.591553,0.0</coordinates>
                </Point>
            </Placemark>
            <Placemark id="3942">
                <name>MARIZA RUIZ GUERRERO</name>
                <description>28 de julio G -31
Talara

Piura
Perú</description>
                <styleUrl>#3943</styleUrl>
                <Point id="3941">
                    <coordinates>-81.261477,-4.592923,0.0</coordinates>
                </Point>
            </Placemark>
            <Placemark id="3947">
                <name>NELLY DUQUE DE GUERRERO</name>
                <description>Maria Auxiliadora de los cristianos B 12
Talara

Piura
Perú</description>
                <styleUrl>#3948</styleUrl>
                <Point id="3946">
                    <coordinates>-81.261701,-4.592727,0.0</coordinates>
                </Point>
            </Placemark>
            <Placemark id="3952">
                <name>KATHERINE KIMBERLI SEMINARIO RUIZ</name>
                <description>Elian car E-2
Talara
Talara
Piura
Perú</description>
                <styleUrl>#3953</styleUrl>
                <Point id="3951">
                    <coordinates>-81.262235,-4.593536,0.0</coordinates>
                </Point>
            </Placemark>
            <Placemark id="3957">
                <name>LUIS ENRIQUE NIMA MOGOLLON</name>
                <description>AAHH 28 DE JULIO D-13
Talara
Talara
Piura
Perú</description>
                <styleUrl>#3958</styleUrl>
                <Point id="3956">
                    <coordinates>-81.2583929,-4.5985127,0.0</coordinates>
                </Point>
            </Placemark>
            <Placemark id="3962">
                <name>SONIA ZAPATA NOLE</name>
                <description>LAS AMERICAS A-4 TALARA
Talara
Talara
Piura
Perú</description>
                <styleUrl>#3963</styleUrl>
                <Point id="3961">
                    <coordinates>-81.262428,-4.594193,0.0</coordinates>
                </Point>
            </Placemark>
            <Placemark id="3967">
                <name>ELDA MARIA PALACIOS HURTADO</name>
                <description>Las Américas A-8
Talara
Talara
Piura
Perú</description>
                <styleUrl>#3968</styleUrl>
                <Point id="3966">
                    <coordinates>-81.26231,-4.594545,0.0</coordinates>
                </Point>
            </Placemark>
            <Placemark id="3972">
                <name>Lopez timana susana</name>
                <description>AAHH José Carlos Mariátegui A-16
Talara
Talara
Piura
Perú</description>
                <styleUrl>#3973</styleUrl>
                <Point id="3971">
                    <coordinates>-81.2632655,-4.5952084,0.0</coordinates>
                </Point>
            </Placemark>
            <Placemark id="3977">
                <name>VANESSA MARGARET SANCHEZ SANCHEZ</name>
                <description>AAHH LOS ROBLESC-19
Talara
Talara
Piura
Perú</description>
                <styleUrl>#3978</styleUrl>
                <Point id="3976">
                    <coordinates>-81.2640763,-4.5970012,0.0</coordinates>
                </Point>
            </Placemark>
            <Placemark id="3982">
                <name>MARIA MARTINA VILLEGAS TIMANA</name>
                <description>LOS ROBLES C-16B
Talara
Talara
Piura
Perú</description>
                <styleUrl>#3983</styleUrl>
                <Point id="3981">
                    <coordinates>-81.2638382,-4.5967683,0.0</coordinates>
                </Point>
            </Placemark>
            <Placemark id="3987">
                <name>MARIELA DEL PILAR ANTON SEMINARIO</name>
                <description>AAHH LOS ROBLES 2DA ETAPA D_2E
Talara
Talara
Piura
Perú</description>
                <styleUrl>#3988</styleUrl>
                <Point id="3986">
                    <coordinates>-81.2638001,-4.5963484,0.0</coordinates>
                </Point>
            </Placemark>
            <Placemark id="3992">
                <name>MARIA HILDA ABAD FLORES</name>
                <description>MARIA HILDA ABAD FLORES
MZ.C LTE.20 AH.7 DE JUNIO TALARA AL
Talara
Talara
Piura
Perú</description>
                <styleUrl>#3993</styleUrl>
                <Point id="3991">
                    <coordinates>-81.2624304,-4.5952787,0.0</coordinates>
                </Point>
            </Placemark>
            <Placemark id="3997">
                <name>ALBERTO GONZALES CORNEJO</name>
                <description>A.H.07 DE JUNIO C-2 
Talara
Talara
Piura
Perú</description>
                <styleUrl>#3998</styleUrl>
                <Point id="3996">
                    <coordinates>-81.2611838,-4.595069,0.0</coordinates>
                </Point>
            </Placemark>
            <Placemark id="4002">
                <name>Luis crisanto pasache</name>
                <description>Alan García I-52
Pariñas
Pariñas
Piura
Perú</description>
                <styleUrl>#4003</styleUrl>
                <Point id="4001">
                    <coordinates>-81.2603633,-4.5971045,0.0</coordinates>
                </Point>
            </Placemark>
            <Placemark id="4007">
                <name>MARIA MARLENE PEÑA MEDINA</name>
                <description>02 DE FEBRERO E 15
Talara
Talara
Piura
Perú</description>
                <styleUrl>#4008</styleUrl>
                <Point id="4006">
                    <coordinates>-81.2606052,-4.5968198,0.0</coordinates>
                </Point>
            </Placemark>
            <Placemark id="4012">
                <name>ELEAZAR GONZA SANTUR</name>
                <description>ELEAZAR GONZA SANTUR
AAHH ALAN GARCIA J_29
Talara
Talara
Piura
Perú</description>
                <styleUrl>#4013</styleUrl>
                <Point id="4011">
                    <coordinates>-81.2606102,-4.5972546,0.0</coordinates>
                </Point>
            </Placemark>
            <Placemark id="4017">
                <name>MERCEDES MARITZA PAIVA PAZOS</name>
                <description>Luis Alberto Sanchez C-4
Pariñas
Pariñas
Piura
Perú</description>
                <styleUrl>#4018</styleUrl>
                <Point id="4016">
                    <coordinates>-81.2610027,-4.5971733,0.0</coordinates>
                </Point>
            </Placemark>
            <Placemark id="4022">
                <name>JESSY PAOLA ALBURQUEQUE PEÑA</name>
                <description>AAHH JOSE GALVEZ B-1
Talara
Talara
Piura
Perú</description>
                <styleUrl>#4023</styleUrl>
                <Point id="4021">
                    <coordinates>-81.2565294,-4.5975105,0.0</coordinates>
                </Point>
            </Placemark>
            <Placemark id="4027">
                <name>INES AMADA PEÑA GONZALES</name>
                <description>A.H.ALAN GARCIA MZ.I LT.26
Talara
Talara
Piura
Perú</description>
                <styleUrl>#4028</styleUrl>
                <Point id="4026">
                    <coordinates>-81.2604587,-4.5975521,0.0</coordinates>
                </Point>
            </Placemark>
            <Placemark id="4032">
                <name>BETY MARISOL RIVERA VALLE</name>
                <description>CESAR VALLEJO D_17
Talara
Talara
Piura
Perú</description>
                <styleUrl>#4033</styleUrl>
                <Point id="4031">
                    <coordinates>-81.2614274,-4.5988973,0.0</coordinates>
                </Point>
            </Placemark>
            <Placemark id="4037">
                <name>YAJAIRA PASACHE GIRON</name>
                <description>Nuevo paraíso A-6
Pariñas
Pariñas
Piura
Perú</description>
                <styleUrl>#4038</styleUrl>
                <Point id="4036">
                    <coordinates>-81.2609794,-4.5981211,0.0</coordinates>
                </Point>
            </Placemark>
            <Placemark id="4042">
                <name>BETY MARISOL RIVERA VALLE</name>
                <description>CESAR VALLEJO D_17
Talara
Talara
Piura
Perú</description>
                <styleUrl>#4043</styleUrl>
                <Point id="4041">
                    <coordinates>-81.2614274,-4.5988973,0.0</coordinates>
                </Point>
            </Placemark>
            <Placemark id="4047">
                <name>EVANGELINA CASTRO HIDALGO</name>
                <description>EVANGELINA CASTRO HIDALGO
MZA. F LOTE. 4 A.H. ALAN GARCIA PAR
Talara
Talara
Piura
Perú</description>
                <styleUrl>#4048</styleUrl>
                <Point id="4046">
                    <coordinates>-81.2587905,-4.598451,0.0</coordinates>
                </Point>
            </Placemark>
            <Placemark id="4052">
                <name>GALVEZ AYALA SHIRLEY ESTEFANY</name>
                <description>AMP. ALAN GARCIA MZ E1 LT 23 TALARA
Talara
Talara
Piura
Perú</description>
                <styleUrl>#4053</styleUrl>
                <Point id="4051">
                    <coordinates>-81.2585872,-4.5990061,0.0</coordinates>
                </Point>
            </Placemark>
            <Placemark id="4057">
                <name>YENIFFER PULACHE PACHERRES</name>
                <description>JOSE GALVEZ F_13
Talara
Talara
Piura
Perú</description>
                <styleUrl>#4058</styleUrl>
                <Point id="4056">
                    <coordinates>-81.2577213,-4.599428,0.0</coordinates>
                </Point>
            </Placemark>
            <Placemark id="4062">
                <name>FABIOLA DEL PILAR ORDINOLA PEÑA</name>
                <description>AMPLIACION FICUS D_8
Talara
Talara
Piura
Perú</description>
                <styleUrl>#4063</styleUrl>
                <Point id="4061">
                    <coordinates>-81.2587552,-4.6005937,0.0</coordinates>
                </Point>
            </Placemark>
            <Placemark id="4067">
                <name>MARITZA LOURDES CORONADO ESTRADA</name>
                <description>AAHH AMPLIACIÓN LOS FICUS A-22
Talara
Talara
Piura
Perú</description>
                <styleUrl>#4068</styleUrl>
                <Point id="4066">
                    <coordinates>-81.2582865,-4.6001694,0.0</coordinates>
                </Point>
            </Placemark>
            <Placemark id="4072">
                <name>MARIA CONSUELO SILVA JUAREZ</name>
                <description>AAHH JOSÉ GÁLVEZ D-13
Talara
Talara
Piura
Perú</description>
                <styleUrl>#4073</styleUrl>
                <Point id="4071">
                    <coordinates>-81.2565276,-4.5994744,0.0</coordinates>
                </Point>
            </Placemark>
            <Placemark id="4077">
                <name>ELIZABETH GISELLA SUPO CASTILLO</name>
                <description>AA HH JOSE GALVEZ I _12
Talara
Talara
Piura
Perú</description>
                <styleUrl>#4078</styleUrl>
                <Point id="4076">
                    <coordinates>-81.2559992,-4.5994045,0.0</coordinates>
                </Point>
            </Placemark>
            <Placemark id="4082">
                <name>JESSY PAOLA ALBURQUEQUE PEÑA</name>
                <description>AAHH JOSE GALVEZ B-1
Talara
Talara
Piura
Perú</description>
                <styleUrl>#4083</styleUrl>
                <Point id="4081">
                    <coordinates>-81.2565294,-4.5975105,0.0</coordinates>
                </Point>
            </Placemark>
            <Placemark id="4087">
                <name>NELLY DIANA SILVA FLORES</name>
                <description>NELLY DIANA SILVA FLORES
ALAN GARCIA MZ.A1 LTE.1 TALARA ALTA
Talara
Talara
Piura
Perú</description>
                <styleUrl>#4088</styleUrl>
                <Point id="4086">
                    <coordinates>-81.2575666,-4.5983567,0.0</coordinates>
                </Point>
            </Placemark>
            <Placemark id="4092">
                <name>GRACIELA MARGOT MORALES LOPEZ</name>
                <description>QUIÑONEZ W-19
Talara
Talara
Piura
Perú</description>
                <styleUrl>#4093</styleUrl>
                <Point id="4091">
                    <coordinates>-81.2577255,-4.5968897,0.0</coordinates>
                </Point>
            </Placemark>
            <Placemark id="4097">
                <name>LUCRECIA CHIROQUE RUIZ DE AMAYA</name>
                <description>A.H 2 DE FEBRERO MZ B LOTE 35 TALAR
Talara
Talara
Piura
Perú</description>
                <styleUrl>#4098</styleUrl>
                <Point id="4096">
                    <coordinates>-81.2584866,-4.5956187,0.0</coordinates>
                </Point>
            </Placemark>
            <Placemark id="4102">
                <name>AMAYA PASACHE MANUEL ARMANDO</name>
                <description>AMAYA PASACHE MANUEL ARMANDO
A.H.PILAR NORES MZ.I LT.4
Talara
Talara
Piura
Perú</description>
                <styleUrl>#4103</styleUrl>
                <Point id="4101">
                    <coordinates>-81.2485948,-4.5982051,0.0</coordinates>
                </Point>
            </Placemark>
            <Placemark id="4107">
                <name>JIMENEZ ZAPATA DE COELLO PETRONILA</name>
                <description>JIMENEZ ZAPATA DE COELLO PETRONILA
Urb los pinos E-10
Talara
Talara
Piura
Perú</description>
                <styleUrl>#4108</styleUrl>
                <Point id="4106">
                    <coordinates>-81.2577126,-4.5814713,0.0</coordinates>
                </Point>
            </Placemark>
            <Placemark id="4112">
                <name>MERINO JARAMILLO</name>
                <description>Jorge Chávez B-02
Talara

Piura
Perú</description>
                <styleUrl>#4113</styleUrl>
                <Point id="4111">
                    <coordinates>-81.250313,-4.592433,0.0</coordinates>
                </Point>
            </Placemark>
        </Folder>
        <Folder id="4116">
            <Style id="4119">
                <IconStyle id="4120">
                    <color>ff800080</color>
                    <colorMode>normal</colorMode>
                    <scale>1</scale>
                    <heading>0</heading>
                    <Icon id="4121">
                        <href>http://maps.google.com/mapfiles/kml/pushpin/ylw-pushpin.png</href>
                    </Icon>
                </IconStyle>
            </Style>
            <Style id="4124">
                <IconStyle id="4125">
                    <color>ff800080</color>
                    <colorMode>normal</colorMode>
                    <scale>1</scale>
                    <heading>0</heading>
                    <Icon id="4126">
                        <href>http://maps.google.com/mapfiles/kml/pushpin/ylw-pushpin.png</href>
                    </Icon>
                </IconStyle>
            </Style>
            <Style id="4129">
                <IconStyle id="4130">
                    <color>ff800080</color>
                    <colorMode>normal</colorMode>
                    <scale>1</scale>
                    <heading>0</heading>
                    <Icon id="4131">
                        <href>http://maps.google.com/mapfiles/kml/pushpin/ylw-pushpin.png</href>
                    </Icon>
                </IconStyle>
            </Style>
            <Style id="4134">
                <IconStyle id="4135">
                    <color>ff800080</color>
                    <colorMode>normal</colorMode>
                    <scale>1</scale>
                    <heading>0</heading>
                    <Icon id="4136">
                        <href>http://maps.google.com/mapfiles/kml/pushpin/ylw-pushpin.png</href>
                    </Icon>
                </IconStyle>
            </Style>
            <Style id="4139">
                <IconStyle id="4140">
                    <color>ff800080</color>
                    <colorMode>normal</colorMode>
                    <scale>1</scale>
                    <heading>0</heading>
                    <Icon id="4141">
                        <href>http://maps.google.com/mapfiles/kml/pushpin/ylw-pushpin.png</href>
                    </Icon>
                </IconStyle>
            </Style>
            <Style id="4144">
                <IconStyle id="4145">
                    <color>ff800080</color>
                    <colorMode>normal</colorMode>
                    <scale>1</scale>
                    <heading>0</heading>
                    <Icon id="4146">
                        <href>http://maps.google.com/mapfiles/kml/pushpin/ylw-pushpin.png</href>
                    </Icon>
                </IconStyle>
            </Style>
            <Style id="4149">
                <IconStyle id="4150">
                    <color>ff800080</color>
                    <colorMode>normal</colorMode>
                    <scale>1</scale>
                    <heading>0</heading>
                    <Icon id="4151">
                        <href>http://maps.google.com/mapfiles/kml/pushpin/ylw-pushpin.png</href>
                    </Icon>
                </IconStyle>
            </Style>
            <Style id="4154">
                <IconStyle id="4155">
                    <color>ff800080</color>
                    <colorMode>normal</colorMode>
                    <scale>1</scale>
                    <heading>0</heading>
                    <Icon id="4156">
                        <href>http://maps.google.com/mapfiles/kml/pushpin/ylw-pushpin.png</href>
                    </Icon>
                </IconStyle>
            </Style>
            <Style id="4159">
                <IconStyle id="4160">
                    <color>ff800080</color>
                    <colorMode>normal</colorMode>
                    <scale>1</scale>
                    <heading>0</heading>
                    <Icon id="4161">
                        <href>http://maps.google.com/mapfiles/kml/pushpin/ylw-pushpin.png</href>
                    </Icon>
                </IconStyle>
            </Style>
            <Style id="4164">
                <IconStyle id="4165">
                    <color>ff800080</color>
                    <colorMode>normal</colorMode>
                    <scale>1</scale>
                    <heading>0</heading>
                    <Icon id="4166">
                        <href>http://maps.google.com/mapfiles/kml/pushpin/ylw-pushpin.png</href>
                    </Icon>
                </IconStyle>
            </Style>
            <Style id="4169">
                <IconStyle id="4170">
                    <color>ff800080</color>
                    <colorMode>normal</colorMode>
                    <scale>1</scale>
                    <heading>0</heading>
                    <Icon id="4171">
                        <href>http://maps.google.com/mapfiles/kml/pushpin/ylw-pushpin.png</href>
                    </Icon>
                </IconStyle>
            </Style>
            <Style id="4174">
                <IconStyle id="4175">
                    <color>ff800080</color>
                    <colorMode>normal</colorMode>
                    <scale>1</scale>
                    <heading>0</heading>
                    <Icon id="4176">
                        <href>http://maps.google.com/mapfiles/kml/pushpin/ylw-pushpin.png</href>
                    </Icon>
                </IconStyle>
            </Style>
            <Style id="4179">
                <IconStyle id="4180">
                    <color>ff800080</color>
                    <colorMode>normal</colorMode>
                    <scale>1</scale>
                    <heading>0</heading>
                    <Icon id="4181">
                        <href>http://maps.google.com/mapfiles/kml/pushpin/ylw-pushpin.png</href>
                    </Icon>
                </IconStyle>
            </Style>
            <Style id="4184">
                <IconStyle id="4185">
                    <color>ff800080</color>
                    <colorMode>normal</colorMode>
                    <scale>1</scale>
                    <heading>0</heading>
                    <Icon id="4186">
                        <href>http://maps.google.com/mapfiles/kml/pushpin/ylw-pushpin.png</href>
                    </Icon>
                </IconStyle>
            </Style>
            <Style id="4189">
                <IconStyle id="4190">
                    <color>ff800080</color>
                    <colorMode>normal</colorMode>
                    <scale>1</scale>
                    <heading>0</heading>
                    <Icon id="4191">
                        <href>http://maps.google.com/mapfiles/kml/pushpin/ylw-pushpin.png</href>
                    </Icon>
                </IconStyle>
            </Style>
            <Style id="4194">
                <IconStyle id="4195">
                    <color>ff800080</color>
                    <colorMode>normal</colorMode>
                    <scale>1</scale>
                    <heading>0</heading>
                    <Icon id="4196">
                        <href>http://maps.google.com/mapfiles/kml/pushpin/ylw-pushpin.png</href>
                    </Icon>
                </IconStyle>
            </Style>
            <Style id="4199">
                <IconStyle id="4200">
                    <color>ff800080</color>
                    <colorMode>normal</colorMode>
                    <scale>1</scale>
                    <heading>0</heading>
                    <Icon id="4201">
                        <href>http://maps.google.com/mapfiles/kml/pushpin/ylw-pushpin.png</href>
                    </Icon>
                </IconStyle>
            </Style>
            <Style id="4204">
                <IconStyle id="4205">
                    <color>ff800080</color>
                    <colorMode>normal</colorMode>
                    <scale>1</scale>
                    <heading>0</heading>
                    <Icon id="4206">
                        <href>http://maps.google.com/mapfiles/kml/pushpin/ylw-pushpin.png</href>
                    </Icon>
                </IconStyle>
            </Style>
            <Style id="4209">
                <IconStyle id="4210">
                    <color>ff800080</color>
                    <colorMode>normal</colorMode>
                    <scale>1</scale>
                    <heading>0</heading>
                    <Icon id="4211">
                        <href>http://maps.google.com/mapfiles/kml/pushpin/ylw-pushpin.png</href>
                    </Icon>
                </IconStyle>
            </Style>
            <Style id="4214">
                <IconStyle id="4215">
                    <color>ff800080</color>
                    <colorMode>normal</colorMode>
                    <scale>1</scale>
                    <heading>0</heading>
                    <Icon id="4216">
                        <href>http://maps.google.com/mapfiles/kml/pushpin/ylw-pushpin.png</href>
                    </Icon>
                </IconStyle>
            </Style>
            <Style id="4219">
                <IconStyle id="4220">
                    <color>ff800080</color>
                    <colorMode>normal</colorMode>
                    <scale>1</scale>
                    <heading>0</heading>
                    <Icon id="4221">
                        <href>http://maps.google.com/mapfiles/kml/pushpin/ylw-pushpin.png</href>
                    </Icon>
                </IconStyle>
            </Style>
            <Style id="4224">
                <IconStyle id="4225">
                    <color>ff800080</color>
                    <colorMode>normal</colorMode>
                    <scale>1</scale>
                    <heading>0</heading>
                    <Icon id="4226">
                        <href>http://maps.google.com/mapfiles/kml/pushpin/ylw-pushpin.png</href>
                    </Icon>
                </IconStyle>
            </Style>
            <Style id="4229">
                <IconStyle id="4230">
                    <color>ff800080</color>
                    <colorMode>normal</colorMode>
                    <scale>1</scale>
                    <heading>0</heading>
                    <Icon id="4231">
                        <href>http://maps.google.com/mapfiles/kml/pushpin/ylw-pushpin.png</href>
                    </Icon>
                </IconStyle>
            </Style>
            <Style id="4234">
                <IconStyle id="4235">
                    <color>ff800080</color>
                    <colorMode>normal</colorMode>
                    <scale>1</scale>
                    <heading>0</heading>
                    <Icon id="4236">
                        <href>http://maps.google.com/mapfiles/kml/pushpin/ylw-pushpin.png</href>
                    </Icon>
                </IconStyle>
            </Style>
            <Style id="4239">
                <IconStyle id="4240">
                    <color>ff800080</color>
                    <colorMode>normal</colorMode>
                    <scale>1</scale>
                    <heading>0</heading>
                    <Icon id="4241">
                        <href>http://maps.google.com/mapfiles/kml/pushpin/ylw-pushpin.png</href>
                    </Icon>
                </IconStyle>
            </Style>
            <Style id="4244">
                <IconStyle id="4245">
                    <color>ff800080</color>
                    <colorMode>normal</colorMode>
                    <scale>1</scale>
                    <heading>0</heading>
                    <Icon id="4246">
                        <href>http://maps.google.com/mapfiles/kml/pushpin/ylw-pushpin.png</href>
                    </Icon>
                </IconStyle>
            </Style>
            <Style id="4249">
                <IconStyle id="4250">
                    <color>ff800080</color>
                    <colorMode>normal</colorMode>
                    <scale>1</scale>
                    <heading>0</heading>
                    <Icon id="4251">
                        <href>http://maps.google.com/mapfiles/kml/pushpin/ylw-pushpin.png</href>
                    </Icon>
                </IconStyle>
            </Style>
            <Style id="4254">
                <IconStyle id="4255">
                    <color>ff800080</color>
                    <colorMode>normal</colorMode>
                    <scale>1</scale>
                    <heading>0</heading>
                    <Icon id="4256">
                        <href>http://maps.google.com/mapfiles/kml/pushpin/ylw-pushpin.png</href>
                    </Icon>
                </IconStyle>
            </Style>
            <Style id="4259">
                <IconStyle id="4260">
                    <color>ff800080</color>
                    <colorMode>normal</colorMode>
                    <scale>1</scale>
                    <heading>0</heading>
                    <Icon id="4261">
                        <href>http://maps.google.com/mapfiles/kml/pushpin/ylw-pushpin.png</href>
                    </Icon>
                </IconStyle>
            </Style>
            <Style id="4264">
                <IconStyle id="4265">
                    <color>ff800080</color>
                    <colorMode>normal</colorMode>
                    <scale>1</scale>
                    <heading>0</heading>
                    <Icon id="4266">
                        <href>http://maps.google.com/mapfiles/kml/pushpin/ylw-pushpin.png</href>
                    </Icon>
                </IconStyle>
            </Style>
            <Style id="4269">
                <IconStyle id="4270">
                    <color>ff800080</color>
                    <colorMode>normal</colorMode>
                    <scale>1</scale>
                    <heading>0</heading>
                    <Icon id="4271">
                        <href>http://maps.google.com/mapfiles/kml/pushpin/ylw-pushpin.png</href>
                    </Icon>
                </IconStyle>
            </Style>
            <Style id="4274">
                <IconStyle id="4275">
                    <color>ff800080</color>
                    <colorMode>normal</colorMode>
                    <scale>1</scale>
                    <heading>0</heading>
                    <Icon id="4276">
                        <href>http://maps.google.com/mapfiles/kml/pushpin/ylw-pushpin.png</href>
                    </Icon>
                </IconStyle>
            </Style>
            <Style id="4279">
                <IconStyle id="4280">
                    <color>ff800080</color>
                    <colorMode>normal</colorMode>
                    <scale>1</scale>
                    <heading>0</heading>
                    <Icon id="4281">
                        <href>http://maps.google.com/mapfiles/kml/pushpin/ylw-pushpin.png</href>
                    </Icon>
                </IconStyle>
            </Style>
            <Style id="4284">
                <IconStyle id="4285">
                    <color>ff800080</color>
                    <colorMode>normal</colorMode>
                    <scale>1</scale>
                    <heading>0</heading>
                    <Icon id="4286">
                        <href>http://maps.google.com/mapfiles/kml/pushpin/ylw-pushpin.png</href>
                    </Icon>
                </IconStyle>
            </Style>
            <Style id="4289">
                <IconStyle id="4290">
                    <color>ff800080</color>
                    <colorMode>normal</colorMode>
                    <scale>1</scale>
                    <heading>0</heading>
                    <Icon id="4291">
                        <href>http://maps.google.com/mapfiles/kml/pushpin/ylw-pushpin.png</href>
                    </Icon>
                </IconStyle>
            </Style>
            <Style id="4294">
                <IconStyle id="4295">
                    <color>ff800080</color>
                    <colorMode>normal</colorMode>
                    <scale>1</scale>
                    <heading>0</heading>
                    <Icon id="4296">
                        <href>http://maps.google.com/mapfiles/kml/pushpin/ylw-pushpin.png</href>
                    </Icon>
                </IconStyle>
            </Style>
            <Style id="4299">
                <IconStyle id="4300">
                    <color>ff800080</color>
                    <colorMode>normal</colorMode>
                    <scale>1</scale>
                    <heading>0</heading>
                    <Icon id="4301">
                        <href>http://maps.google.com/mapfiles/kml/pushpin/ylw-pushpin.png</href>
                    </Icon>
                </IconStyle>
            </Style>
            <Style id="4304">
                <IconStyle id="4305">
                    <color>ff800080</color>
                    <colorMode>normal</colorMode>
                    <scale>1</scale>
                    <heading>0</heading>
                    <Icon id="4306">
                        <href>http://maps.google.com/mapfiles/kml/pushpin/ylw-pushpin.png</href>
                    </Icon>
                </IconStyle>
            </Style>
            <Style id="4309">
                <IconStyle id="4310">
                    <color>ff800080</color>
                    <colorMode>normal</colorMode>
                    <scale>1</scale>
                    <heading>0</heading>
                    <Icon id="4311">
                        <href>http://maps.google.com/mapfiles/kml/pushpin/ylw-pushpin.png</href>
                    </Icon>
                </IconStyle>
            </Style>
            <Style id="4314">
                <IconStyle id="4315">
                    <color>ff800080</color>
                    <colorMode>normal</colorMode>
                    <scale>1</scale>
                    <heading>0</heading>
                    <Icon id="4316">
                        <href>http://maps.google.com/mapfiles/kml/pushpin/ylw-pushpin.png</href>
                    </Icon>
                </IconStyle>
            </Style>
            <Style id="4319">
                <IconStyle id="4320">
                    <color>ff800080</color>
                    <colorMode>normal</colorMode>
                    <scale>1</scale>
                    <heading>0</heading>
                    <Icon id="4321">
                        <href>http://maps.google.com/mapfiles/kml/pushpin/ylw-pushpin.png</href>
                    </Icon>
                </IconStyle>
            </Style>
            <Style id="4324">
                <IconStyle id="4325">
                    <color>ff800080</color>
                    <colorMode>normal</colorMode>
                    <scale>1</scale>
                    <heading>0</heading>
                    <Icon id="4326">
                        <href>http://maps.google.com/mapfiles/kml/pushpin/ylw-pushpin.png</href>
                    </Icon>
                </IconStyle>
            </Style>
            <Style id="4329">
                <IconStyle id="4330">
                    <color>ff800080</color>
                    <colorMode>normal</colorMode>
                    <scale>1</scale>
                    <heading>0</heading>
                    <Icon id="4331">
                        <href>http://maps.google.com/mapfiles/kml/pushpin/ylw-pushpin.png</href>
                    </Icon>
                </IconStyle>
            </Style>
            <Style id="4334">
                <IconStyle id="4335">
                    <color>ff800080</color>
                    <colorMode>normal</colorMode>
                    <scale>1</scale>
                    <heading>0</heading>
                    <Icon id="4336">
                        <href>http://maps.google.com/mapfiles/kml/pushpin/ylw-pushpin.png</href>
                    </Icon>
                </IconStyle>
            </Style>
            <Style id="4339">
                <IconStyle id="4340">
                    <color>ff800080</color>
                    <colorMode>normal</colorMode>
                    <scale>1</scale>
                    <heading>0</heading>
                    <Icon id="4341">
                        <href>http://maps.google.com/mapfiles/kml/pushpin/ylw-pushpin.png</href>
                    </Icon>
                </IconStyle>
            </Style>
            <name>CRISTHIAN ALEXANDER ALVARADO GONZALES</name>
            <Placemark id="4118">
                <name>IRINA GORETTY HINSBI GONZALES</name>
                <description>Calle la Arena 203 Bellavista
Bellavista
Bellavista
Piura
Perú</description>
                <styleUrl>#4119</styleUrl>
                <Point id="4117">
                    <coordinates>-80.6739057,-4.8924116,0.0</coordinates>
                </Point>
            </Placemark>
            <Placemark id="4123">
                <name>JOEL FRANCISCO VALDIVIEZO PALACIOS</name>
                <description>LAMBAYEQUE  149 / BELLAVISTA
Sullana
Sullana
Piura
Perú</description>
                <styleUrl>#4124</styleUrl>
                <Point id="4122">
                    <coordinates>-80.6819677,-4.8908217,0.0</coordinates>
                </Point>
            </Placemark>
            <Placemark id="4128">
                <name>CLARA ISABEL ZAPATA PALACIOS</name>
                <description>CA.CASTRO SILVA N393 - BELLOSVISTA
Bellavista
Bellavista
Piura
Perú</description>
                <styleUrl>#4129</styleUrl>
                <Point id="4127">
                    <coordinates>-80.677366,-4.886643,0.0</coordinates>
                </Point>
            </Placemark>
            <Placemark id="4133">
                <name>DE ZAPATA AURORA LLOCLLA</name>
                <description>DE ZAPATA AURORA LLOCLLA
CA.LORETO N320 - BELLAVISTA - SULLANA
Bellavista
Bellavista
Piura
Perú</description>
                <styleUrl>#4134</styleUrl>
                <Point id="4132">
                    <coordinates>-80.6803466,-4.8911939,0.0</coordinates>
                </Point>
            </Placemark>
            <Placemark id="4138">
                <name>DOLY ABIGAIL HUAYAMA DURAZNO</name>
                <description>Trav.ayabaca#370
Bellavista
Bellavista
Piura
Perú</description>
                <styleUrl>#4139</styleUrl>
                <Point id="4137">
                    <coordinates>-80.681263,-4.8924,0.0</coordinates>
                </Point>
            </Placemark>
            <Placemark id="4143">
                <name>CAMILA SUGEY JUAREZ MEDINA</name>
                <description>Trans. Los laureles - Bellavista
Bellavista
Bellavista
Piura
Perú</description>
                <styleUrl>#4144</styleUrl>
                <Point id="4142">
                    <coordinates>-80.6723158,-4.8809577,0.0</coordinates>
                </Point>
            </Placemark>
            <Placemark id="4148">
                <name>BECERRA DE LA CRUZ CHARITO</name>
                <description>APURIMAC 375 - Bellavista
Bellavista
Bellavista
Piura
Perú</description>
                <styleUrl>#4149</styleUrl>
                <Point id="4147">
                    <coordinates>-80.6751659,-4.8900695,0.0</coordinates>
                </Point>
            </Placemark>
            <Placemark id="4153">
                <name>JUDITH LISBETH YABAR MENDOZA</name>
                <description>Calle Arena 137_B El Porvenir Bellavista
Bellavista
Bellavista
Piura
Perú</description>
                <styleUrl>#4154</styleUrl>
                <Point id="4152">
                    <coordinates>-80.6746101,-4.8927809,0.0</coordinates>
                </Point>
            </Placemark>
            <Placemark id="4158">
                <name>ROSA ELENA REYES DE CRISANTO</name>
                <description>CA.CUZCO 290 Bellavista
Bellavista
Bellavista
Piura
Perú</description>
                <styleUrl>#4159</styleUrl>
                <Point id="4157">
                    <coordinates>-80.6793321,-4.8915596,0.0</coordinates>
                </Point>
            </Placemark>
            <Placemark id="4163">
                <name>SANTOS HUANCA ESCOBAR</name>
                <description>CA.CUZCO 711 BELLAVISTA
Bellavista
Bellavista
Piura
Perú</description>
                <styleUrl>#4164</styleUrl>
                <Point id="4162">
                    <coordinates>-80.6774747,-4.8876953,0.0</coordinates>
                </Point>
            </Placemark>
            <Placemark id="4168">
                <name>FABIOLA PATRICIA MORE SEMINARIO</name>
                <description>CA.ANCASH 572 Bellavista
Bellavista
Bellavista
Piura
Perú</description>
                <styleUrl>#4169</styleUrl>
                <Point id="4167">
                    <coordinates>-80.6752491,-4.8874711,0.0</coordinates>
                </Point>
            </Placemark>
            <Placemark id="4173">
                <name>KATERY GLORIA VILCHEZ ZEGARRA</name>
                <description>Calle Huancavelica 595 Bellavista
Bellavista
Bellavista
Piura
Perú</description>
                <styleUrl>#4174</styleUrl>
                <Point id="4172">
                    <coordinates>-80.6745172,-4.8872218,0.0</coordinates>
                </Point>
            </Placemark>
            <Placemark id="4178">
                <name>MARIA ISABEL ARIZOLA SALES</name>
                <description>Calle Huancavelica 528 Bellavista
Bellavista
Bellavista
Piura
Perú</description>
                <styleUrl>#4179</styleUrl>
                <Point id="4177">
                    <coordinates>-80.6752532,-4.888485,0.0</coordinates>
                </Point>
            </Placemark>
            <Placemark id="4183">
                <name>JUANA ROSA OLIVA LOPEZ</name>
                <description>HUANCAVELICA 494 Bellavista
Bellavista
Bellavista
Piura
Perú</description>
                <styleUrl>#4184</styleUrl>
                <Point id="4182">
                    <coordinates>-80.6757466,-4.889258,0.0</coordinates>
                </Point>
            </Placemark>
            <Placemark id="4188">
                <name>ROSA MARCELA SEMINARIO PACHERREZ</name>
                <description>ROSA MARCELA SEMINARIO PACHERREZ
CA.MADRE DE DIOS 407 BELLAVISTA SULLANA
Bellavista
Bellavista
Piura
Perú</description>
                <styleUrl>#4189</styleUrl>
                <Point id="4187">
                    <coordinates>-80.6763458,-4.8906293,0.0</coordinates>
                </Point>
            </Placemark>
            <Placemark id="4193">
                <name>MARIA MAGDALENA CORDOVA DE ALBAN</name>
                <description>APURIMAC 474 BELLAVISTA
Bellavista
Bellavista
Piura
Perú</description>
                <styleUrl>#4194</styleUrl>
                <Point id="4192">
                    <coordinates>-80.6738255,-4.8882829,0.0</coordinates>
                </Point>
            </Placemark>
            <Placemark id="4198">
                <name>MARCOS ANTONIO ABRAMONTE GIRON</name>
                <description>CASTILLA 228-BELLAVISTA-SULLANA
Bellavista
Bellavista
Piura
Perú</description>
                <styleUrl>#4199</styleUrl>
                <Point id="4197">
                    <coordinates>-80.6756865,-4.892554,0.0</coordinates>
                </Point>
            </Placemark>
            <Placemark id="4203">
                <name>CARMEN ALVARADO GLORIA DEL PILAR</name>
                <description>CARMEN ALVARADO GLORIA DEL PILAR
CA. SAN ISIDRO 246 AA. HH PORVENIR- BELLAVISTA
Bellavista
Bellavista
Piura
Perú</description>
                <styleUrl>#4204</styleUrl>
                <Point id="4202">
                    <coordinates>-80.6721912,-4.8917866,0.0</coordinates>
                </Point>
            </Placemark>
            <Placemark id="4208">
                <name>DE PAICO AMERICA RISCO GIRON</name>
                <description>Calle castilla 259
Bellavista
Bellavista
Piura
Perú</description>
                <styleUrl>#4209</styleUrl>
                <Point id="4207">
                    <coordinates>-80.6751653,-4.8919869,0.0</coordinates>
                </Point>
            </Placemark>
            <Placemark id="4213">
                <name>MARCOS ANTONIO ABRAMONTE GIRON</name>
                <description>CASTILLA 228-BELLAVISTA-SULLANA
Bellavista
Bellavista
Piura
Perú</description>
                <styleUrl>#4214</styleUrl>
                <Point id="4212">
                    <coordinates>-80.6756865,-4.892554,0.0</coordinates>
                </Point>
            </Placemark>
            <Placemark id="4218">
                <name>SANTOS PAULA RIVERA FARFAN</name>
                <description>SANTOS PAULA RIVERA FARFAN
CALLE CATACOS  331 BELLAVISTA
Bellavista
Bellavista
Piura
Perú</description>
                <styleUrl>#4219</styleUrl>
                <Point id="4217">
                    <coordinates>-80.6729656,-4.889924,0.0</coordinates>
                </Point>
            </Placemark>
            <Placemark id="4223">
                <name>VENTURA COBA ERNICIDA SYOLANDA</name>
                <description>CA.CATACAOS 153
Bellavista
Bellavista
Piura
Perú</description>
                <styleUrl>#4224</styleUrl>
                <Point id="4222">
                    <coordinates>-80.6747924,-4.8923736,0.0</coordinates>
                </Point>
            </Placemark>
            <Placemark id="4228">
                <name>CARMEN ALVARADO GLORIA DEL PILAR</name>
                <description>CARMEN ALVARADO GLORIA DEL PILAR
CA. SAN ISIDRO 246 AA. HH PORVENIR- BELLAVISTA
Bellavista
Bellavista
Piura
Perú</description>
                <styleUrl>#4229</styleUrl>
                <Point id="4227">
                    <coordinates>-80.6721912,-4.8917866,0.0</coordinates>
                </Point>
            </Placemark>
            <Placemark id="4233">
                <name>ELIZABETH SANCHEZ GENNELL</name>
                <description>ELIZABETH SANCHEZ GENNELL
CA. SAN ISIDRO N 470 BAR. PORVENIR-BELLAVISTA
Bellavista
Bellavista
Piura
Perú</description>
                <styleUrl>#4234</styleUrl>
                <Point id="4232">
                    <coordinates>-80.6711911,-4.8902549,0.0</coordinates>
                </Point>
            </Placemark>
            <Placemark id="4238">
                <name>NANCY TATIANA VILLASECA AGURTO</name>
                <description>CALLE LAMBAYEQUE 235 / SULLANA
Sullana
Sullana
Piura
Perú</description>
                <styleUrl>#4239</styleUrl>
                <Point id="4237">
                    <coordinates>-80.681479,-4.8903295,0.0</coordinates>
                </Point>
            </Placemark>
            <Placemark id="4243">
                <name>JOSE ONOFRE ATOCHE HEREDIA</name>
                <description>CA.SAN ISIDRO 494 AH PORVEN
Bellavista
Bellavista
Piura
Perú</description>
                <styleUrl>#4244</styleUrl>
                <Point id="4242">
                    <coordinates>-80.6709839,-4.8900306,0.0</coordinates>
                </Point>
            </Placemark>
            <Placemark id="4248">
                <name>RIVERA MONTERO MARIA</name>
                <description>Calle sarumilla 407
Bellavista
Bellavista
Piura
Perú</description>
                <styleUrl>#4249</styleUrl>
                <Point id="4247">
                    <coordinates>-80.6710021,-4.8890748,0.0</coordinates>
                </Point>
            </Placemark>
            <Placemark id="4253">
                <name>DOMINGO NAVARRO CARMEN</name>
                <description>CA.CATACAOS 465 AA. HH TUPAC AMARU- SULLANA
Bellavista
Sullana
Piura
Perú</description>
                <styleUrl>#4254</styleUrl>
                <Point id="4252">
                    <coordinates>-80.6715763,-4.8877986,0.0</coordinates>
                </Point>
            </Placemark>
            <Placemark id="4258">
                <name>LILIANA CASTILLO DIOSES</name>
                <description>CAL. CATACAOS MZ. A LT.23 - BELLAVI
Bellavista
Bellavista
Piura
Perú</description>
                <styleUrl>#4259</styleUrl>
                <Point id="4257">
                    <coordinates>-80.6710032,-4.8873196,0.0</coordinates>
                </Point>
            </Placemark>
            <Placemark id="4263">
                <name>LEIDY JAZMIN CISNEROS VIERA</name>
                <description>LUCIANO CASTILLO C 35 -SULLANA
Sullana
Sullana
Piura
Perú</description>
                <styleUrl>#4264</styleUrl>
                <Point id="4262">
                    <coordinates>-80.6704402,-4.8853895,0.0</coordinates>
                </Point>
            </Placemark>
            <Placemark id="4268">
                <name>AGUILERA VIERA YESSICA</name>
                <description>TRANSV. LUCIANE MZ C LT 47 - BELLAVISTA
Bellavista
Bellavista
Piura
Perú</description>
                <styleUrl>#4269</styleUrl>
                <Point id="4267">
                    <coordinates>-80.670867,-4.8850287,0.0</coordinates>
                </Point>
            </Placemark>
            <Placemark id="4273">
                <name>MICSI MARIBEL CASTILLO SALES</name>
                <description>Calle madre de Dios MZ D Lt 21 Bellavista
Sullana
Sullana
Piura
Perú</description>
                <styleUrl>#4274</styleUrl>
                <Point id="4272">
                    <coordinates>-80.6706605,-4.8832163,0.0</coordinates>
                </Point>
            </Placemark>
            <Placemark id="4278">
                <name>BERTHA LILIANA GUTIERREZ SANCHEZ DE ADRIANZEN</name>
                <description>CALLE HUANCAVELICA MZ C LOTE 32 AA.HH ESTEBAN PABLETICH
Sullana
Sullana
Piura
Perú</description>
                <styleUrl>#4279</styleUrl>
                <Point id="4277">
                    <coordinates>-80.6711666,-4.8827778,0.0</coordinates>
                </Point>
            </Placemark>
            <Placemark id="4283">
                <name>MARIA JOSEFINA FLORES MONTERO</name>
                <description>MARIA JOSEFINA FLORES MONTERO
HUANCAVELICA N 670
Bellavista
Bellavista
Piura
Perú</description>
                <styleUrl>#4284</styleUrl>
                <Point id="4282">
                    <coordinates>-80.6732531,-4.8857774,0.0</coordinates>
                </Point>
            </Placemark>
            <Placemark id="4288">
                <name>ROSA AMELIA AGUIRRE DE VILCHEZ</name>
                <description>CA.ANCASH MZ B Lt 04 AA. HH ESTEBAN PAVL
Bellavista
Bellavista
Piura
Perú</description>
                <styleUrl>#4289</styleUrl>
                <Point id="4287">
                    <coordinates>-80.6725593,-4.8837692,0.0</coordinates>
                </Point>
            </Placemark>
            <Placemark id="4293">
                <name>NANCY TATIANA VILLASECA AGURTO</name>
                <description>CALLE LAMBAYEQUE 235 / SULLANA
Sullana
Sullana
Piura
Perú</description>
                <styleUrl>#4294</styleUrl>
                <Point id="4292">
                    <coordinates>-80.681479,-4.8903295,0.0</coordinates>
                </Point>
            </Placemark>
            <Placemark id="4298">
                <name>MARIA VIOLETA VILLALTA SIANCAS</name>
                <description>CA.MOQUEGUA MZ E LT 16
Bellavista
Bellavista
Piura
Perú</description>
                <styleUrl>#4299</styleUrl>
                <Point id="4297">
                    <coordinates>-80.673185,-4.8834074,0.0</coordinates>
                </Point>
            </Placemark>
            <Placemark id="4303">
                <name>MARIA ELENA CALVAS CASTILLO</name>
                <description>CALLE JOVINO ARAMBULO 3 ETAPA MZ E LOTE 49
Bellavista
Bellavista
Piura
Perú</description>
                <styleUrl>#4304</styleUrl>
                <Point id="4302">
                    <coordinates>-80.6723131,-4.8814623,0.0</coordinates>
                </Point>
            </Placemark>
            <Placemark id="4308">
                <name>MARIA MARGOT GARCIA CAMACHO</name>
                <description>AAHH Esteban Pabletich MZ A LT 24 Bellavista
Bellavista
Bellavista
Piura
Perú</description>
                <styleUrl>#4309</styleUrl>
                <Point id="4307">
                    <coordinates>-80.6730618,-4.8823539,0.0</coordinates>
                </Point>
            </Placemark>
            <Placemark id="4313">
                <name>LISBETH ATOCHE DE LA CRUZ</name>
                <description>CA.JOBINO ARAMBULO 355 47-69
Bellavista
Bellavista
Piura
Perú</description>
                <styleUrl>#4314</styleUrl>
                <Point id="4312">
                    <coordinates>-80.6749912,-4.8853162,0.0</coordinates>
                </Point>
            </Placemark>
            <Placemark id="4318">
                <name>CRUZ RUTH GUINOCHIO DE DE LA</name>
                <description>JOVINO ARAMBULO 296 BELLAVISTA-SULL
Bellavista
Bellavista
Piura
Perú</description>
                <styleUrl>#4319</styleUrl>
                <Point id="4317">
                    <coordinates>-80.6760176,-4.8863652,0.0</coordinates>
                </Point>
            </Placemark>
            <Placemark id="4323">
                <name>AMPARO CASTILLO ATARAMA</name>
                <description>AMPARO CASTILLO ATARAMA
CA. JOSE CASTRO SILVA N 490 - BELLA
Bellavista
Bellavista
Piura
Perú</description>
                <styleUrl>#4324</styleUrl>
                <Point id="4322">
                    <coordinates>-80.6767322,-4.8854923,0.0</coordinates>
                </Point>
            </Placemark>
            <Placemark id="4328">
                <name>HERMINIA LUDEÑA AÑAZCO</name>
                <description>Calle Castro Silva 470 Bellavista
Bellavista
Bellavista
Piura
Perú</description>
                <styleUrl>#4329</styleUrl>
                <Point id="4327">
                    <coordinates>-80.6768546,-4.8856968,0.0</coordinates>
                </Point>
            </Placemark>
            <Placemark id="4333">
                <name>FRANCISCA LUCRECIA CORDOVA CELI</name>
                <description>FRANCISCA LUCRECIA CORDOVA CELI
LORETO Nº 708,BELLA
Bellavista
Bellavista
Piura
Perú</description>
                <styleUrl>#4334</styleUrl>
                <Point id="4332">
                    <coordinates>-80.6782709,-4.8872552,0.0</coordinates>
                </Point>
            </Placemark>
            <Placemark id="4338">
                <name>REYES MORE MARIA DEL PILAR</name>
                <description>REYES MORE MARIA DEL PILAR
CAJAMARCA 401.
Bellavista
Bellavista
Piura
Perú</description>
                <styleUrl>#4339</styleUrl>
                <Point id="4337">
                    <coordinates>-80.6803117,-4.8900085,0.0</coordinates>
                </Point>
            </Placemark>
        </Folder>
        <Folder id="4342">
            <Style id="4345">
                <IconStyle id="4346">
                    <color>ff00a5ff</color>
                    <colorMode>normal</colorMode>
                    <scale>1</scale>
                    <heading>0</heading>
                    <Icon id="4347">
                        <href>http://maps.google.com/mapfiles/kml/pushpin/ylw-pushpin.png</href>
                    </Icon>
                </IconStyle>
            </Style>
            <Style id="4350">
                <IconStyle id="4351">
                    <color>ff00a5ff</color>
                    <colorMode>normal</colorMode>
                    <scale>1</scale>
                    <heading>0</heading>
                    <Icon id="4352">
                        <href>http://maps.google.com/mapfiles/kml/pushpin/ylw-pushpin.png</href>
                    </Icon>
                </IconStyle>
            </Style>
            <Style id="4355">
                <IconStyle id="4356">
                    <color>ff00a5ff</color>
                    <colorMode>normal</colorMode>
                    <scale>1</scale>
                    <heading>0</heading>
                    <Icon id="4357">
                        <href>http://maps.google.com/mapfiles/kml/pushpin/ylw-pushpin.png</href>
                    </Icon>
                </IconStyle>
            </Style>
            <Style id="4360">
                <IconStyle id="4361">
                    <color>ff00a5ff</color>
                    <colorMode>normal</colorMode>
                    <scale>1</scale>
                    <heading>0</heading>
                    <Icon id="4362">
                        <href>http://maps.google.com/mapfiles/kml/pushpin/ylw-pushpin.png</href>
                    </Icon>
                </IconStyle>
            </Style>
            <Style id="4365">
                <IconStyle id="4366">
                    <color>ff00a5ff</color>
                    <colorMode>normal</colorMode>
                    <scale>1</scale>
                    <heading>0</heading>
                    <Icon id="4367">
                        <href>http://maps.google.com/mapfiles/kml/pushpin/ylw-pushpin.png</href>
                    </Icon>
                </IconStyle>
            </Style>
            <Style id="4370">
                <IconStyle id="4371">
                    <color>ff00a5ff</color>
                    <colorMode>normal</colorMode>
                    <scale>1</scale>
                    <heading>0</heading>
                    <Icon id="4372">
                        <href>http://maps.google.com/mapfiles/kml/pushpin/ylw-pushpin.png</href>
                    </Icon>
                </IconStyle>
            </Style>
            <Style id="4375">
                <IconStyle id="4376">
                    <color>ff00a5ff</color>
                    <colorMode>normal</colorMode>
                    <scale>1</scale>
                    <heading>0</heading>
                    <Icon id="4377">
                        <href>http://maps.google.com/mapfiles/kml/pushpin/ylw-pushpin.png</href>
                    </Icon>
                </IconStyle>
            </Style>
            <Style id="4380">
                <IconStyle id="4381">
                    <color>ff00a5ff</color>
                    <colorMode>normal</colorMode>
                    <scale>1</scale>
                    <heading>0</heading>
                    <Icon id="4382">
                        <href>http://maps.google.com/mapfiles/kml/pushpin/ylw-pushpin.png</href>
                    </Icon>
                </IconStyle>
            </Style>
            <Style id="4385">
                <IconStyle id="4386">
                    <color>ff00a5ff</color>
                    <colorMode>normal</colorMode>
                    <scale>1</scale>
                    <heading>0</heading>
                    <Icon id="4387">
                        <href>http://maps.google.com/mapfiles/kml/pushpin/ylw-pushpin.png</href>
                    </Icon>
                </IconStyle>
            </Style>
            <Style id="4390">
                <IconStyle id="4391">
                    <color>ff00a5ff</color>
                    <colorMode>normal</colorMode>
                    <scale>1</scale>
                    <heading>0</heading>
                    <Icon id="4392">
                        <href>http://maps.google.com/mapfiles/kml/pushpin/ylw-pushpin.png</href>
                    </Icon>
                </IconStyle>
            </Style>
            <Style id="4395">
                <IconStyle id="4396">
                    <color>ff00a5ff</color>
                    <colorMode>normal</colorMode>
                    <scale>1</scale>
                    <heading>0</heading>
                    <Icon id="4397">
                        <href>http://maps.google.com/mapfiles/kml/pushpin/ylw-pushpin.png</href>
                    </Icon>
                </IconStyle>
            </Style>
            <Style id="4400">
                <IconStyle id="4401">
                    <color>ff00a5ff</color>
                    <colorMode>normal</colorMode>
                    <scale>1</scale>
                    <heading>0</heading>
                    <Icon id="4402">
                        <href>http://maps.google.com/mapfiles/kml/pushpin/ylw-pushpin.png</href>
                    </Icon>
                </IconStyle>
            </Style>
            <Style id="4405">
                <IconStyle id="4406">
                    <color>ff00a5ff</color>
                    <colorMode>normal</colorMode>
                    <scale>1</scale>
                    <heading>0</heading>
                    <Icon id="4407">
                        <href>http://maps.google.com/mapfiles/kml/pushpin/ylw-pushpin.png</href>
                    </Icon>
                </IconStyle>
            </Style>
            <Style id="4410">
                <IconStyle id="4411">
                    <color>ff00a5ff</color>
                    <colorMode>normal</colorMode>
                    <scale>1</scale>
                    <heading>0</heading>
                    <Icon id="4412">
                        <href>http://maps.google.com/mapfiles/kml/pushpin/ylw-pushpin.png</href>
                    </Icon>
                </IconStyle>
            </Style>
            <Style id="4415">
                <IconStyle id="4416">
                    <color>ff00a5ff</color>
                    <colorMode>normal</colorMode>
                    <scale>1</scale>
                    <heading>0</heading>
                    <Icon id="4417">
                        <href>http://maps.google.com/mapfiles/kml/pushpin/ylw-pushpin.png</href>
                    </Icon>
                </IconStyle>
            </Style>
            <Style id="4420">
                <IconStyle id="4421">
                    <color>ff00a5ff</color>
                    <colorMode>normal</colorMode>
                    <scale>1</scale>
                    <heading>0</heading>
                    <Icon id="4422">
                        <href>http://maps.google.com/mapfiles/kml/pushpin/ylw-pushpin.png</href>
                    </Icon>
                </IconStyle>
            </Style>
            <Style id="4425">
                <IconStyle id="4426">
                    <color>ff00a5ff</color>
                    <colorMode>normal</colorMode>
                    <scale>1</scale>
                    <heading>0</heading>
                    <Icon id="4427">
                        <href>http://maps.google.com/mapfiles/kml/pushpin/ylw-pushpin.png</href>
                    </Icon>
                </IconStyle>
            </Style>
            <Style id="4430">
                <IconStyle id="4431">
                    <color>ff00a5ff</color>
                    <colorMode>normal</colorMode>
                    <scale>1</scale>
                    <heading>0</heading>
                    <Icon id="4432">
                        <href>http://maps.google.com/mapfiles/kml/pushpin/ylw-pushpin.png</href>
                    </Icon>
                </IconStyle>
            </Style>
            <Style id="4435">
                <IconStyle id="4436">
                    <color>ff00a5ff</color>
                    <colorMode>normal</colorMode>
                    <scale>1</scale>
                    <heading>0</heading>
                    <Icon id="4437">
                        <href>http://maps.google.com/mapfiles/kml/pushpin/ylw-pushpin.png</href>
                    </Icon>
                </IconStyle>
            </Style>
            <Style id="4440">
                <IconStyle id="4441">
                    <color>ff00a5ff</color>
                    <colorMode>normal</colorMode>
                    <scale>1</scale>
                    <heading>0</heading>
                    <Icon id="4442">
                        <href>http://maps.google.com/mapfiles/kml/pushpin/ylw-pushpin.png</href>
                    </Icon>
                </IconStyle>
            </Style>
            <Style id="4445">
                <IconStyle id="4446">
                    <color>ff00a5ff</color>
                    <colorMode>normal</colorMode>
                    <scale>1</scale>
                    <heading>0</heading>
                    <Icon id="4447">
                        <href>http://maps.google.com/mapfiles/kml/pushpin/ylw-pushpin.png</href>
                    </Icon>
                </IconStyle>
            </Style>
            <Style id="4450">
                <IconStyle id="4451">
                    <color>ff00a5ff</color>
                    <colorMode>normal</colorMode>
                    <scale>1</scale>
                    <heading>0</heading>
                    <Icon id="4452">
                        <href>http://maps.google.com/mapfiles/kml/pushpin/ylw-pushpin.png</href>
                    </Icon>
                </IconStyle>
            </Style>
            <Style id="4455">
                <IconStyle id="4456">
                    <color>ff00a5ff</color>
                    <colorMode>normal</colorMode>
                    <scale>1</scale>
                    <heading>0</heading>
                    <Icon id="4457">
                        <href>http://maps.google.com/mapfiles/kml/pushpin/ylw-pushpin.png</href>
                    </Icon>
                </IconStyle>
            </Style>
            <Style id="4460">
                <IconStyle id="4461">
                    <color>ff00a5ff</color>
                    <colorMode>normal</colorMode>
                    <scale>1</scale>
                    <heading>0</heading>
                    <Icon id="4462">
                        <href>http://maps.google.com/mapfiles/kml/pushpin/ylw-pushpin.png</href>
                    </Icon>
                </IconStyle>
            </Style>
            <Style id="4465">
                <IconStyle id="4466">
                    <color>ff00a5ff</color>
                    <colorMode>normal</colorMode>
                    <scale>1</scale>
                    <heading>0</heading>
                    <Icon id="4467">
                        <href>http://maps.google.com/mapfiles/kml/pushpin/ylw-pushpin.png</href>
                    </Icon>
                </IconStyle>
            </Style>
            <Style id="4470">
                <IconStyle id="4471">
                    <color>ff00a5ff</color>
                    <colorMode>normal</colorMode>
                    <scale>1</scale>
                    <heading>0</heading>
                    <Icon id="4472">
                        <href>http://maps.google.com/mapfiles/kml/pushpin/ylw-pushpin.png</href>
                    </Icon>
                </IconStyle>
            </Style>
            <Style id="4475">
                <IconStyle id="4476">
                    <color>ff00a5ff</color>
                    <colorMode>normal</colorMode>
                    <scale>1</scale>
                    <heading>0</heading>
                    <Icon id="4477">
                        <href>http://maps.google.com/mapfiles/kml/pushpin/ylw-pushpin.png</href>
                    </Icon>
                </IconStyle>
            </Style>
            <Style id="4480">
                <IconStyle id="4481">
                    <color>ff00a5ff</color>
                    <colorMode>normal</colorMode>
                    <scale>1</scale>
                    <heading>0</heading>
                    <Icon id="4482">
                        <href>http://maps.google.com/mapfiles/kml/pushpin/ylw-pushpin.png</href>
                    </Icon>
                </IconStyle>
            </Style>
            <Style id="4485">
                <IconStyle id="4486">
                    <color>ff00a5ff</color>
                    <colorMode>normal</colorMode>
                    <scale>1</scale>
                    <heading>0</heading>
                    <Icon id="4487">
                        <href>http://maps.google.com/mapfiles/kml/pushpin/ylw-pushpin.png</href>
                    </Icon>
                </IconStyle>
            </Style>
            <Style id="4490">
                <IconStyle id="4491">
                    <color>ff00a5ff</color>
                    <colorMode>normal</colorMode>
                    <scale>1</scale>
                    <heading>0</heading>
                    <Icon id="4492">
                        <href>http://maps.google.com/mapfiles/kml/pushpin/ylw-pushpin.png</href>
                    </Icon>
                </IconStyle>
            </Style>
            <Style id="4495">
                <IconStyle id="4496">
                    <color>ff00a5ff</color>
                    <colorMode>normal</colorMode>
                    <scale>1</scale>
                    <heading>0</heading>
                    <Icon id="4497">
                        <href>http://maps.google.com/mapfiles/kml/pushpin/ylw-pushpin.png</href>
                    </Icon>
                </IconStyle>
            </Style>
            <Style id="4500">
                <IconStyle id="4501">
                    <color>ff00a5ff</color>
                    <colorMode>normal</colorMode>
                    <scale>1</scale>
                    <heading>0</heading>
                    <Icon id="4502">
                        <href>http://maps.google.com/mapfiles/kml/pushpin/ylw-pushpin.png</href>
                    </Icon>
                </IconStyle>
            </Style>
            <Style id="4505">
                <IconStyle id="4506">
                    <color>ff00a5ff</color>
                    <colorMode>normal</colorMode>
                    <scale>1</scale>
                    <heading>0</heading>
                    <Icon id="4507">
                        <href>http://maps.google.com/mapfiles/kml/pushpin/ylw-pushpin.png</href>
                    </Icon>
                </IconStyle>
            </Style>
            <Style id="4510">
                <IconStyle id="4511">
                    <color>ff00a5ff</color>
                    <colorMode>normal</colorMode>
                    <scale>1</scale>
                    <heading>0</heading>
                    <Icon id="4512">
                        <href>http://maps.google.com/mapfiles/kml/pushpin/ylw-pushpin.png</href>
                    </Icon>
                </IconStyle>
            </Style>
            <Style id="4515">
                <IconStyle id="4516">
                    <color>ff00a5ff</color>
                    <colorMode>normal</colorMode>
                    <scale>1</scale>
                    <heading>0</heading>
                    <Icon id="4517">
                        <href>http://maps.google.com/mapfiles/kml/pushpin/ylw-pushpin.png</href>
                    </Icon>
                </IconStyle>
            </Style>
            <Style id="4520">
                <IconStyle id="4521">
                    <color>ff00a5ff</color>
                    <colorMode>normal</colorMode>
                    <scale>1</scale>
                    <heading>0</heading>
                    <Icon id="4522">
                        <href>http://maps.google.com/mapfiles/kml/pushpin/ylw-pushpin.png</href>
                    </Icon>
                </IconStyle>
            </Style>
            <Style id="4525">
                <IconStyle id="4526">
                    <color>ff00a5ff</color>
                    <colorMode>normal</colorMode>
                    <scale>1</scale>
                    <heading>0</heading>
                    <Icon id="4527">
                        <href>http://maps.google.com/mapfiles/kml/pushpin/ylw-pushpin.png</href>
                    </Icon>
                </IconStyle>
            </Style>
            <Style id="4530">
                <IconStyle id="4531">
                    <color>ff00a5ff</color>
                    <colorMode>normal</colorMode>
                    <scale>1</scale>
                    <heading>0</heading>
                    <Icon id="4532">
                        <href>http://maps.google.com/mapfiles/kml/pushpin/ylw-pushpin.png</href>
                    </Icon>
                </IconStyle>
            </Style>
            <Style id="4535">
                <IconStyle id="4536">
                    <color>ff00a5ff</color>
                    <colorMode>normal</colorMode>
                    <scale>1</scale>
                    <heading>0</heading>
                    <Icon id="4537">
                        <href>http://maps.google.com/mapfiles/kml/pushpin/ylw-pushpin.png</href>
                    </Icon>
                </IconStyle>
            </Style>
            <name>CRISTIAN DARWIN ESPINOZA OLIVA</name>
            <Placemark id="4344">
                <name>IMPORTACIONES Y DISTRIBUCIONES ONCE SOCIEDAD ANONIMA CERRADA</name>
                <description>MZA. AW LOTE. 2 URB.  MIRAFLORES
Piura
200101Castilla
Piura
Perú</description>
                <styleUrl>#4345</styleUrl>
                <Point id="4343">
                    <coordinates>-80.6110699,-5.1773963,0.0</coordinates>
                </Point>
            </Placemark>
            <Placemark id="4349">
                <name>CARLOS ALBERTO MECA YARLEQUE</name>
                <description>CA.21 MZ R LT 3 URB. MIRAFLORES-CASTILLA
Castilla
Piura
Piura
Perú</description>
                <styleUrl>#4350</styleUrl>
                <Point id="4348">
                    <coordinates>-80.6161037,-5.1870866,0.0</coordinates>
                </Point>
            </Placemark>
            <Placemark id="4354">
                <name>FRANCISCO LABAN CHUQUILLANQUE</name>
                <description>Calle Av Luis Montero MZ o lote 1 bodega mechita
Castilla
Castilla
Piura
Perú</description>
                <styleUrl>#4355</styleUrl>
                <Point id="4353">
                    <coordinates>-80.6177388,-5.1886981,0.0</coordinates>
                </Point>
            </Placemark>
            <Placemark id="4359">
                <name>CORREA VDA DE ZARATE RAMONA</name>
                <description>VICTOR RAUL HAYA MZ.D LT.09   
Castilla
Castilla
Piura
Perú</description>
                <styleUrl>#4360</styleUrl>
                <Point id="4358">
                    <coordinates>-80.60782,-5.192735,0.0</coordinates>
                </Point>
            </Placemark>
            <Placemark id="4364">
                <name>ORLANDO DAVID VELASQUEZ VALDIVIEZO</name>
                <description>AV. PARDO Y ALIAGA MZ V1 LT 42 URB.MIRAFLORES-CASTI
Castilla
Castilla
Piura
Perú</description>
                <styleUrl>#4365</styleUrl>
                <Point id="4363">
                    <coordinates>-80.6164907,-5.1914366,0.0</coordinates>
                </Point>
            </Placemark>
            <Placemark id="4369">
                <name>MINERIA Y CONSTRUCCION MAR S.A.C.</name>
                <description>CAL.LOS ROBLES NRO. 168 URB. MIRAFLORES
Castilla
200104Castilla
Piura
Perú</description>
                <styleUrl>#4370</styleUrl>
                <Point id="4368">
                    <coordinates>-80.6157354,-5.1898489,0.0</coordinates>
                </Point>
            </Placemark>
            <Placemark id="4374">
                <name>NORA ALICIA BACA ADRIANZEN</name>
                <description>NORA ALICIA BACA ADRIANZEN
CA.LOS ROBLES 110 MIRAFLORES - CASTILLA
Castilla
Piura
Piura
Perú</description>
                <styleUrl>#4375</styleUrl>
                <Point id="4373">
                    <coordinates>-80.6167891,-5.1893003,0.0</coordinates>
                </Point>
            </Placemark>
            <Placemark id="4379">
                <name>ORDINOLA ARIZOLA JUANA</name>
                <description>LOS NOGALES MZ S1 LT 05       
Castilla
Castilla
Piura
Perú</description>
                <styleUrl>#4380</styleUrl>
                <Point id="4378">
                    <coordinates>-80.616101,-5.189073,0.0</coordinates>
                </Point>
            </Placemark>
            <Placemark id="4384">
                <name>MARGOT LIDA PALACIOS SILVA</name>
                <description>MZ L PRIMA LTE. 6 URB. MIRAFLORES I
Castilla
Piura
Piura
Perú</description>
                <styleUrl>#4385</styleUrl>
                <Point id="4383">
                    <coordinates>-80.6171098,-5.1858153,0.0</coordinates>
                </Point>
            </Placemark>
            <Placemark id="4389">
                <name>CARLOS ALBERTO MECA YARLEQUE</name>
                <description>CA.21 MZ R LT 3 URB. MIRAFLORES-CASTILLA
Castilla
Piura
Piura
Perú</description>
                <styleUrl>#4390</styleUrl>
                <Point id="4388">
                    <coordinates>-80.6161037,-5.1870866,0.0</coordinates>
                </Point>
            </Placemark>
            <Placemark id="4394">
                <name>BARRIENTOS CORONADO DE ZAVALA LISSET SHUILIEN</name>
                <description>BARRIENTOS CORONADO DE ZAVALA LISSET SHUILIEN
Mz BE Lt.12 Av. Camino solar Country Club Miraflores - Castilla
Castilla
Castilla
Piura
Perú</description>
                <styleUrl>#4395</styleUrl>
                <Point id="4393">
                    <coordinates>-80.6094367,-5.179615,0.0</coordinates>
                </Point>
            </Placemark>
            <Placemark id="4399">
                <name>CRISTINA ISABEL MORALES CAMACHO</name>
                <description>A.H VÍCTOR RAUL AYA DE LA TORRE MZ A LT 03 AMPLIACIÓN CASTILLA
Castilla

Piura
Perú</description>
                <styleUrl>#4400</styleUrl>
                <Point id="4398">
                    <coordinates>-80.607564,-5.195956,0.0</coordinates>
                </Point>
            </Placemark>
            <Placemark id="4404">
                <name>GRUPO CHERAL SOCIEDAD ANONIMA CERRADA</name>
                <description>MZ BL Lt 29 Urb Miraflores Country club
Castilla
200104
Piura
Perú</description>
                <styleUrl>#4405</styleUrl>
                <Point id="4403">
                    <coordinates>-80.610702,-5.179971,0.0</coordinates>
                </Point>
            </Placemark>
            <Placemark id="4409">
                <name>YESENIA DEL ROCIO VALENCIA VEGA</name>
                <description>Mz K LT 05 CASERIO MIRAFLORES
Castilla
Castilla
Piura
Perú</description>
                <styleUrl>#4410</styleUrl>
                <Point id="4408">
                    <coordinates>-80.613303,-5.1638743,0.0</coordinates>
                </Point>
            </Placemark>
            <Placemark id="4414">
                <name>JULIO CESAR CARDENAS VIERA</name>
                <description>MZ c Lote 6 centro poblado Miraflores
Castilla
Castilla
Piura
Perú</description>
                <styleUrl>#4415</styleUrl>
                <Point id="4413">
                    <coordinates>-80.6141891,-5.1623379,0.0</coordinates>
                </Point>
            </Placemark>
            <Placemark id="4419">
                <name>MAURA RAMOS CASTILLO</name>
                <description>Caserío Miraflores MZ H LTE 06
Castilla
Castilla
Piura
Perú</description>
                <styleUrl>#4420</styleUrl>
                <Point id="4418">
                    <coordinates>-80.614255,-5.166285,0.0</coordinates>
                </Point>
            </Placemark>
            <Placemark id="4424">
                <name>SAYDA MABEL SANDOVAL CHAVEZ</name>
                <description>CASERIO MIRAFLORES MZ G LTE 1
Castilla
Castilla
Piura
Perú</description>
                <styleUrl>#4425</styleUrl>
                <Point id="4423">
                    <coordinates>-80.6147752,-5.1657328,0.0</coordinates>
                </Point>
            </Placemark>
            <Placemark id="4429">
                <name>SAYDA MABEL SANDOVAL CHAVEZ</name>
                <description>CASERIO MIRAFLORES MZ G LTE 1
Castilla
Castilla
Piura
Perú</description>
                <styleUrl>#4430</styleUrl>
                <Point id="4428">
                    <coordinates>-80.6147752,-5.1657328,0.0</coordinates>
                </Point>
            </Placemark>
            <Placemark id="4434">
                <name>LORENZO ALDAIR ROSADO VICENTE</name>
                <description>CASERÍO MIRAFLORES Mz B LTE 10
Castilla
Castilla
Piura
Perú</description>
                <styleUrl>#4435</styleUrl>
                <Point id="4433">
                    <coordinates>-80.6150561,-5.1636123,0.0</coordinates>
                </Point>
            </Placemark>
            <Placemark id="4439">
                <name>MARGARITA CASTRO ROJAS</name>
                <description>MZ.18 LT.6 CAS.MIRAFLORES     
Castilla
Castilla
Piura
Perú</description>
                <styleUrl>#4440</styleUrl>
                <Point id="4438">
                    <coordinates>-80.6147981,-5.164181,0.0</coordinates>
                </Point>
            </Placemark>
            <Placemark id="4444">
                <name>ANGELICA BECERRA CHORRES</name>
                <description>Mz 18 LTE 02 CASERIO MIRAFLORES
Castilla
Castilla
Piura
Perú</description>
                <styleUrl>#4445</styleUrl>
                <Point id="4443">
                    <coordinates>-80.6146791,-5.1629891,0.0</coordinates>
                </Point>
            </Placemark>
            <Placemark id="4449">
                <name>FLOR ROSANA VALDIVIESO NUÑEZ</name>
                <description>Mz FE LTE 55 BOULEVARD PARKPLAZA MIRAFLORES
Castilla
Castilla
Piura
Perú</description>
                <styleUrl>#4450</styleUrl>
                <Point id="4448">
                    <coordinates>-80.600475,-5.1653883,0.0</coordinates>
                </Point>
            </Placemark>
            <Placemark id="4454">
                <name>CORPORACION KACKMAN E.I.R.L.</name>
                <description>MZ CF lote 23 Urb. Miraflores Country Club Castilla
Castilla
Castilla
Piura
Perú</description>
                <styleUrl>#4455</styleUrl>
                <Point id="4453">
                    <coordinates>-80.606491,-5.171039,0.0</coordinates>
                </Point>
            </Placemark>
            <Placemark id="4459">
                <name>HUAMAN FERNANDEZ DE CHERRES SEMIRA</name>
                <description>MZ C U lt 09 Miralfores country club boulevard plaza
Castilla


Perú</description>
                <styleUrl>#4460</styleUrl>
                <Point id="4458">
                    <coordinates>-80.606619,-5.171401,0.0</coordinates>
                </Point>
            </Placemark>
            <Placemark id="4464">
                <name>DAYSI ROMERO NAVARRETE</name>
                <description>URB.MIRA.COUNTRY CLUB AX LT.25
Castilla
Castilla
Piura
Perú</description>
                <styleUrl>#4465</styleUrl>
                <Point id="4463">
                    <coordinates>-80.6102097,-5.17517,0.0</coordinates>
                </Point>
            </Placemark>
            <Placemark id="4469">
                <name>IMPORTACIONES Y DISTRIBUCIONES ONCE SOCIEDAD ANONIMA CERRADA</name>
                <description>MZA. AW LOTE. 2 URB.  MIRAFLORES
Piura
200101Castilla
Piura
Perú</description>
                <styleUrl>#4470</styleUrl>
                <Point id="4468">
                    <coordinates>-80.6110699,-5.1773963,0.0</coordinates>
                </Point>
            </Placemark>
            <Placemark id="4474">
                <name>FERNANDEZ ALBAN LIZBETH SOLEDAD</name>
                <description>FERNANDEZ ALBAN LIZBETH SOLEDAD
URB.EL BOSQUE MZ H LT 18 Castilla
Castilla
Piura
Piura
Perú</description>
                <styleUrl>#4475</styleUrl>
                <Point id="4473">
                    <coordinates>-80.6111473,-5.1881915,0.0</coordinates>
                </Point>
            </Placemark>
            <Placemark id="4479">
                <name>VIZUETA DE MOGOLLON GRETA</name>
                <description>URB.EL BOSQUE F-19 INT01      
Castilla
Castilla
Piura
Perú</description>
                <styleUrl>#4480</styleUrl>
                <Point id="4478">
                    <coordinates>-80.611093,-5.18834,0.0</coordinates>
                </Point>
            </Placemark>
            <Placemark id="4484">
                <name>REYNERIO SMITH YARLEQUE CORDERO</name>
                <description>REYNERIO SMITH YARLEQUE CORDERO
URB.EL BOSQUE MZ D LT 02- CASTILLATILLA
Castilla
Piura
Piura
Perú</description>
                <styleUrl>#4485</styleUrl>
                <Point id="4483">
                    <coordinates>-80.6111001,-5.188742,0.0</coordinates>
                </Point>
            </Placemark>
            <Placemark id="4489">
                <name>YOVERA DE RIOS GRACIELA</name>
                <description>MARIA GORETTY MZ O 11 CASTILLA
Castilla
Castilla
Piura
Perú</description>
                <styleUrl>#4490</styleUrl>
                <Point id="4488">
                    <coordinates>-80.610332,-5.189967,0.0</coordinates>
                </Point>
            </Placemark>
            <Placemark id="4494">
                <name>ZURITA DE CESPEDES HAYDEE CONSUELO</name>
                <description>ZURITA DE CESPEDES HAYDEE CONSUELO
MZ O LTE.9 MARIA GORETTI CASTILLA
Castilla
Piura
Piura
Perú</description>
                <styleUrl>#4495</styleUrl>
                <Point id="4493">
                    <coordinates>-80.61003,-5.1900669,0.0</coordinates>
                </Point>
            </Placemark>
            <Placemark id="4499">
                <name>IRINA ELIZABETH CRUZ GUTIERREZ</name>
                <description>Maria Goretti MZ N lote 06
Castilla

Piura
Perú</description>
                <styleUrl>#4500</styleUrl>
                <Point id="4498">
                    <coordinates>-80.609763,-5.189733,0.0</coordinates>
                </Point>
            </Placemark>
            <Placemark id="4504">
                <name>ESTHER MELI GUERRERO DE CRUZ</name>
                <description>Maria Goretti MZ D lote 06
Castilla

Piura
Perú</description>
                <styleUrl>#4505</styleUrl>
                <Point id="4503">
                    <coordinates>-80.609115,-5.191062,0.0</coordinates>
                </Point>
            </Placemark>
            <Placemark id="4509">
                <name>JUAN JESUS ZETA CHIROQUE</name>
                <description>MARIA GORETI-G-01-CASTILLA-PIURA
Castilla
Piura
Piura
Perú</description>
                <styleUrl>#4510</styleUrl>
                <Point id="4508">
                    <coordinates>-80.6113102,-5.1915133,0.0</coordinates>
                </Point>
            </Placemark>
            <Placemark id="4514">
                <name>ALBERTO CALLE POLO</name>
                <description>MZ A LT 10 EL BOSQUE CASTILLA
Castilla
Castilla
Piura
Perú</description>
                <styleUrl>#4515</styleUrl>
                <Point id="4513">
                    <coordinates>-80.611058,-5.1924502,0.0</coordinates>
                </Point>
            </Placemark>
            <Placemark id="4519">
                <name>CARRASCO CRUZ ANGELA .R</name>
                <description>MZ A-1 LT 2-VICTOR RAUL       
Castilla
Castilla
Piura
Perú</description>
                <styleUrl>#4520</styleUrl>
                <Point id="4518">
                    <coordinates>-80.607736,-5.194429,0.0</coordinates>
                </Point>
            </Placemark>
            <Placemark id="4524">
                <name>CALLE ROSAURA BAYONA DE</name>
                <description>A-1 LT-19 AH VICTOR RAUL CASTILLA
Castilla
Piura
Piura
Perú</description>
                <styleUrl>#4525</styleUrl>
                <Point id="4523">
                    <coordinates>-80.6077534,-5.195407,0.0</coordinates>
                </Point>
            </Placemark>
            <Placemark id="4529">
                <name>ESTRADA RUESTA LUZ MARIA</name>
                <description>AH VICTOR RAUL MZ E LT 09 - CASTILL
Castilla
Piura
Piura
Perú</description>
                <styleUrl>#4530</styleUrl>
                <Point id="4528">
                    <coordinates>-80.608051,-5.192331,0.0</coordinates>
                </Point>
            </Placemark>
            <Placemark id="4534">
                <name>CORREA VDA DE ZARATE RAMONA</name>
                <description>VICTOR RAUL HAYA MZ.D LT.09   
Castilla
Castilla
Piura
Perú</description>
                <styleUrl>#4535</styleUrl>
                <Point id="4533">
                    <coordinates>-80.60782,-5.192735,0.0</coordinates>
                </Point>
            </Placemark>
        </Folder>
        <Folder id="4538">
            <Style id="4541">
                <IconStyle id="4542">
                    <color>ff00ffff</color>
                    <colorMode>normal</colorMode>
                    <scale>1</scale>
                    <heading>0</heading>
                    <Icon id="4543">
                        <href>http://maps.google.com/mapfiles/kml/pushpin/ylw-pushpin.png</href>
                    </Icon>
                </IconStyle>
            </Style>
            <Style id="4546">
                <IconStyle id="4547">
                    <color>ff00ffff</color>
                    <colorMode>normal</colorMode>
                    <scale>1</scale>
                    <heading>0</heading>
                    <Icon id="4548">
                        <href>http://maps.google.com/mapfiles/kml/pushpin/ylw-pushpin.png</href>
                    </Icon>
                </IconStyle>
            </Style>
            <Style id="4551">
                <IconStyle id="4552">
                    <color>ff00ffff</color>
                    <colorMode>normal</colorMode>
                    <scale>1</scale>
                    <heading>0</heading>
                    <Icon id="4553">
                        <href>http://maps.google.com/mapfiles/kml/pushpin/ylw-pushpin.png</href>
                    </Icon>
                </IconStyle>
            </Style>
            <Style id="4556">
                <IconStyle id="4557">
                    <color>ff00ffff</color>
                    <colorMode>normal</colorMode>
                    <scale>1</scale>
                    <heading>0</heading>
                    <Icon id="4558">
                        <href>http://maps.google.com/mapfiles/kml/pushpin/ylw-pushpin.png</href>
                    </Icon>
                </IconStyle>
            </Style>
            <Style id="4561">
                <IconStyle id="4562">
                    <color>ff00ffff</color>
                    <colorMode>normal</colorMode>
                    <scale>1</scale>
                    <heading>0</heading>
                    <Icon id="4563">
                        <href>http://maps.google.com/mapfiles/kml/pushpin/ylw-pushpin.png</href>
                    </Icon>
                </IconStyle>
            </Style>
            <Style id="4566">
                <IconStyle id="4567">
                    <color>ff00ffff</color>
                    <colorMode>normal</colorMode>
                    <scale>1</scale>
                    <heading>0</heading>
                    <Icon id="4568">
                        <href>http://maps.google.com/mapfiles/kml/pushpin/ylw-pushpin.png</href>
                    </Icon>
                </IconStyle>
            </Style>
            <Style id="4571">
                <IconStyle id="4572">
                    <color>ff00ffff</color>
                    <colorMode>normal</colorMode>
                    <scale>1</scale>
                    <heading>0</heading>
                    <Icon id="4573">
                        <href>http://maps.google.com/mapfiles/kml/pushpin/ylw-pushpin.png</href>
                    </Icon>
                </IconStyle>
            </Style>
            <Style id="4576">
                <IconStyle id="4577">
                    <color>ff00ffff</color>
                    <colorMode>normal</colorMode>
                    <scale>1</scale>
                    <heading>0</heading>
                    <Icon id="4578">
                        <href>http://maps.google.com/mapfiles/kml/pushpin/ylw-pushpin.png</href>
                    </Icon>
                </IconStyle>
            </Style>
            <Style id="4581">
                <IconStyle id="4582">
                    <color>ff00ffff</color>
                    <colorMode>normal</colorMode>
                    <scale>1</scale>
                    <heading>0</heading>
                    <Icon id="4583">
                        <href>http://maps.google.com/mapfiles/kml/pushpin/ylw-pushpin.png</href>
                    </Icon>
                </IconStyle>
            </Style>
            <Style id="4586">
                <IconStyle id="4587">
                    <color>ff00ffff</color>
                    <colorMode>normal</colorMode>
                    <scale>1</scale>
                    <heading>0</heading>
                    <Icon id="4588">
                        <href>http://maps.google.com/mapfiles/kml/pushpin/ylw-pushpin.png</href>
                    </Icon>
                </IconStyle>
            </Style>
            <Style id="4591">
                <IconStyle id="4592">
                    <color>ff00ffff</color>
                    <colorMode>normal</colorMode>
                    <scale>1</scale>
                    <heading>0</heading>
                    <Icon id="4593">
                        <href>http://maps.google.com/mapfiles/kml/pushpin/ylw-pushpin.png</href>
                    </Icon>
                </IconStyle>
            </Style>
            <Style id="4596">
                <IconStyle id="4597">
                    <color>ff00ffff</color>
                    <colorMode>normal</colorMode>
                    <scale>1</scale>
                    <heading>0</heading>
                    <Icon id="4598">
                        <href>http://maps.google.com/mapfiles/kml/pushpin/ylw-pushpin.png</href>
                    </Icon>
                </IconStyle>
            </Style>
            <Style id="4601">
                <IconStyle id="4602">
                    <color>ff00ffff</color>
                    <colorMode>normal</colorMode>
                    <scale>1</scale>
                    <heading>0</heading>
                    <Icon id="4603">
                        <href>http://maps.google.com/mapfiles/kml/pushpin/ylw-pushpin.png</href>
                    </Icon>
                </IconStyle>
            </Style>
            <Style id="4606">
                <IconStyle id="4607">
                    <color>ff00ffff</color>
                    <colorMode>normal</colorMode>
                    <scale>1</scale>
                    <heading>0</heading>
                    <Icon id="4608">
                        <href>http://maps.google.com/mapfiles/kml/pushpin/ylw-pushpin.png</href>
                    </Icon>
                </IconStyle>
            </Style>
            <Style id="4611">
                <IconStyle id="4612">
                    <color>ff00ffff</color>
                    <colorMode>normal</colorMode>
                    <scale>1</scale>
                    <heading>0</heading>
                    <Icon id="4613">
                        <href>http://maps.google.com/mapfiles/kml/pushpin/ylw-pushpin.png</href>
                    </Icon>
                </IconStyle>
            </Style>
            <Style id="4616">
                <IconStyle id="4617">
                    <color>ff00ffff</color>
                    <colorMode>normal</colorMode>
                    <scale>1</scale>
                    <heading>0</heading>
                    <Icon id="4618">
                        <href>http://maps.google.com/mapfiles/kml/pushpin/ylw-pushpin.png</href>
                    </Icon>
                </IconStyle>
            </Style>
            <Style id="4621">
                <IconStyle id="4622">
                    <color>ff00ffff</color>
                    <colorMode>normal</colorMode>
                    <scale>1</scale>
                    <heading>0</heading>
                    <Icon id="4623">
                        <href>http://maps.google.com/mapfiles/kml/pushpin/ylw-pushpin.png</href>
                    </Icon>
                </IconStyle>
            </Style>
            <Style id="4626">
                <IconStyle id="4627">
                    <color>ff00ffff</color>
                    <colorMode>normal</colorMode>
                    <scale>1</scale>
                    <heading>0</heading>
                    <Icon id="4628">
                        <href>http://maps.google.com/mapfiles/kml/pushpin/ylw-pushpin.png</href>
                    </Icon>
                </IconStyle>
            </Style>
            <Style id="4631">
                <IconStyle id="4632">
                    <color>ff00ffff</color>
                    <colorMode>normal</colorMode>
                    <scale>1</scale>
                    <heading>0</heading>
                    <Icon id="4633">
                        <href>http://maps.google.com/mapfiles/kml/pushpin/ylw-pushpin.png</href>
                    </Icon>
                </IconStyle>
            </Style>
            <Style id="4636">
                <IconStyle id="4637">
                    <color>ff00ffff</color>
                    <colorMode>normal</colorMode>
                    <scale>1</scale>
                    <heading>0</heading>
                    <Icon id="4638">
                        <href>http://maps.google.com/mapfiles/kml/pushpin/ylw-pushpin.png</href>
                    </Icon>
                </IconStyle>
            </Style>
            <Style id="4641">
                <IconStyle id="4642">
                    <color>ff00ffff</color>
                    <colorMode>normal</colorMode>
                    <scale>1</scale>
                    <heading>0</heading>
                    <Icon id="4643">
                        <href>http://maps.google.com/mapfiles/kml/pushpin/ylw-pushpin.png</href>
                    </Icon>
                </IconStyle>
            </Style>
            <Style id="4646">
                <IconStyle id="4647">
                    <color>ff00ffff</color>
                    <colorMode>normal</colorMode>
                    <scale>1</scale>
                    <heading>0</heading>
                    <Icon id="4648">
                        <href>http://maps.google.com/mapfiles/kml/pushpin/ylw-pushpin.png</href>
                    </Icon>
                </IconStyle>
            </Style>
            <Style id="4651">
                <IconStyle id="4652">
                    <color>ff00ffff</color>
                    <colorMode>normal</colorMode>
                    <scale>1</scale>
                    <heading>0</heading>
                    <Icon id="4653">
                        <href>http://maps.google.com/mapfiles/kml/pushpin/ylw-pushpin.png</href>
                    </Icon>
                </IconStyle>
            </Style>
            <Style id="4656">
                <IconStyle id="4657">
                    <color>ff00ffff</color>
                    <colorMode>normal</colorMode>
                    <scale>1</scale>
                    <heading>0</heading>
                    <Icon id="4658">
                        <href>http://maps.google.com/mapfiles/kml/pushpin/ylw-pushpin.png</href>
                    </Icon>
                </IconStyle>
            </Style>
            <Style id="4661">
                <IconStyle id="4662">
                    <color>ff00ffff</color>
                    <colorMode>normal</colorMode>
                    <scale>1</scale>
                    <heading>0</heading>
                    <Icon id="4663">
                        <href>http://maps.google.com/mapfiles/kml/pushpin/ylw-pushpin.png</href>
                    </Icon>
                </IconStyle>
            </Style>
            <Style id="4666">
                <IconStyle id="4667">
                    <color>ff00ffff</color>
                    <colorMode>normal</colorMode>
                    <scale>1</scale>
                    <heading>0</heading>
                    <Icon id="4668">
                        <href>http://maps.google.com/mapfiles/kml/pushpin/ylw-pushpin.png</href>
                    </Icon>
                </IconStyle>
            </Style>
            <Style id="4671">
                <IconStyle id="4672">
                    <color>ff00ffff</color>
                    <colorMode>normal</colorMode>
                    <scale>1</scale>
                    <heading>0</heading>
                    <Icon id="4673">
                        <href>http://maps.google.com/mapfiles/kml/pushpin/ylw-pushpin.png</href>
                    </Icon>
                </IconStyle>
            </Style>
            <Style id="4676">
                <IconStyle id="4677">
                    <color>ff00ffff</color>
                    <colorMode>normal</colorMode>
                    <scale>1</scale>
                    <heading>0</heading>
                    <Icon id="4678">
                        <href>http://maps.google.com/mapfiles/kml/pushpin/ylw-pushpin.png</href>
                    </Icon>
                </IconStyle>
            </Style>
            <Style id="4681">
                <IconStyle id="4682">
                    <color>ff00ffff</color>
                    <colorMode>normal</colorMode>
                    <scale>1</scale>
                    <heading>0</heading>
                    <Icon id="4683">
                        <href>http://maps.google.com/mapfiles/kml/pushpin/ylw-pushpin.png</href>
                    </Icon>
                </IconStyle>
            </Style>
            <Style id="4686">
                <IconStyle id="4687">
                    <color>ff00ffff</color>
                    <colorMode>normal</colorMode>
                    <scale>1</scale>
                    <heading>0</heading>
                    <Icon id="4688">
                        <href>http://maps.google.com/mapfiles/kml/pushpin/ylw-pushpin.png</href>
                    </Icon>
                </IconStyle>
            </Style>
            <Style id="4691">
                <IconStyle id="4692">
                    <color>ff00ffff</color>
                    <colorMode>normal</colorMode>
                    <scale>1</scale>
                    <heading>0</heading>
                    <Icon id="4693">
                        <href>http://maps.google.com/mapfiles/kml/pushpin/ylw-pushpin.png</href>
                    </Icon>
                </IconStyle>
            </Style>
            <Style id="4696">
                <IconStyle id="4697">
                    <color>ff00ffff</color>
                    <colorMode>normal</colorMode>
                    <scale>1</scale>
                    <heading>0</heading>
                    <Icon id="4698">
                        <href>http://maps.google.com/mapfiles/kml/pushpin/ylw-pushpin.png</href>
                    </Icon>
                </IconStyle>
            </Style>
            <Style id="4701">
                <IconStyle id="4702">
                    <color>ff00ffff</color>
                    <colorMode>normal</colorMode>
                    <scale>1</scale>
                    <heading>0</heading>
                    <Icon id="4703">
                        <href>http://maps.google.com/mapfiles/kml/pushpin/ylw-pushpin.png</href>
                    </Icon>
                </IconStyle>
            </Style>
            <Style id="4706">
                <IconStyle id="4707">
                    <color>ff00ffff</color>
                    <colorMode>normal</colorMode>
                    <scale>1</scale>
                    <heading>0</heading>
                    <Icon id="4708">
                        <href>http://maps.google.com/mapfiles/kml/pushpin/ylw-pushpin.png</href>
                    </Icon>
                </IconStyle>
            </Style>
            <Style id="4711">
                <IconStyle id="4712">
                    <color>ff00ffff</color>
                    <colorMode>normal</colorMode>
                    <scale>1</scale>
                    <heading>0</heading>
                    <Icon id="4713">
                        <href>http://maps.google.com/mapfiles/kml/pushpin/ylw-pushpin.png</href>
                    </Icon>
                </IconStyle>
            </Style>
            <Style id="4716">
                <IconStyle id="4717">
                    <color>ff00ffff</color>
                    <colorMode>normal</colorMode>
                    <scale>1</scale>
                    <heading>0</heading>
                    <Icon id="4718">
                        <href>http://maps.google.com/mapfiles/kml/pushpin/ylw-pushpin.png</href>
                    </Icon>
                </IconStyle>
            </Style>
            <Style id="4721">
                <IconStyle id="4722">
                    <color>ff00ffff</color>
                    <colorMode>normal</colorMode>
                    <scale>1</scale>
                    <heading>0</heading>
                    <Icon id="4723">
                        <href>http://maps.google.com/mapfiles/kml/pushpin/ylw-pushpin.png</href>
                    </Icon>
                </IconStyle>
            </Style>
            <Style id="4726">
                <IconStyle id="4727">
                    <color>ff00ffff</color>
                    <colorMode>normal</colorMode>
                    <scale>1</scale>
                    <heading>0</heading>
                    <Icon id="4728">
                        <href>http://maps.google.com/mapfiles/kml/pushpin/ylw-pushpin.png</href>
                    </Icon>
                </IconStyle>
            </Style>
            <Style id="4731">
                <IconStyle id="4732">
                    <color>ff00ffff</color>
                    <colorMode>normal</colorMode>
                    <scale>1</scale>
                    <heading>0</heading>
                    <Icon id="4733">
                        <href>http://maps.google.com/mapfiles/kml/pushpin/ylw-pushpin.png</href>
                    </Icon>
                </IconStyle>
            </Style>
            <Style id="4736">
                <IconStyle id="4737">
                    <color>ff00ffff</color>
                    <colorMode>normal</colorMode>
                    <scale>1</scale>
                    <heading>0</heading>
                    <Icon id="4738">
                        <href>http://maps.google.com/mapfiles/kml/pushpin/ylw-pushpin.png</href>
                    </Icon>
                </IconStyle>
            </Style>
            <Style id="4741">
                <IconStyle id="4742">
                    <color>ff00ffff</color>
                    <colorMode>normal</colorMode>
                    <scale>1</scale>
                    <heading>0</heading>
                    <Icon id="4743">
                        <href>http://maps.google.com/mapfiles/kml/pushpin/ylw-pushpin.png</href>
                    </Icon>
                </IconStyle>
            </Style>
            <Style id="4746">
                <IconStyle id="4747">
                    <color>ff00ffff</color>
                    <colorMode>normal</colorMode>
                    <scale>1</scale>
                    <heading>0</heading>
                    <Icon id="4748">
                        <href>http://maps.google.com/mapfiles/kml/pushpin/ylw-pushpin.png</href>
                    </Icon>
                </IconStyle>
            </Style>
            <Style id="4751">
                <IconStyle id="4752">
                    <color>ff00ffff</color>
                    <colorMode>normal</colorMode>
                    <scale>1</scale>
                    <heading>0</heading>
                    <Icon id="4753">
                        <href>http://maps.google.com/mapfiles/kml/pushpin/ylw-pushpin.png</href>
                    </Icon>
                </IconStyle>
            </Style>
            <Style id="4756">
                <IconStyle id="4757">
                    <color>ff00ffff</color>
                    <colorMode>normal</colorMode>
                    <scale>1</scale>
                    <heading>0</heading>
                    <Icon id="4758">
                        <href>http://maps.google.com/mapfiles/kml/pushpin/ylw-pushpin.png</href>
                    </Icon>
                </IconStyle>
            </Style>
            <Style id="4761">
                <IconStyle id="4762">
                    <color>ff00ffff</color>
                    <colorMode>normal</colorMode>
                    <scale>1</scale>
                    <heading>0</heading>
                    <Icon id="4763">
                        <href>http://maps.google.com/mapfiles/kml/pushpin/ylw-pushpin.png</href>
                    </Icon>
                </IconStyle>
            </Style>
            <Style id="4766">
                <IconStyle id="4767">
                    <color>ff00ffff</color>
                    <colorMode>normal</colorMode>
                    <scale>1</scale>
                    <heading>0</heading>
                    <Icon id="4768">
                        <href>http://maps.google.com/mapfiles/kml/pushpin/ylw-pushpin.png</href>
                    </Icon>
                </IconStyle>
            </Style>
            <Style id="4771">
                <IconStyle id="4772">
                    <color>ff00ffff</color>
                    <colorMode>normal</colorMode>
                    <scale>1</scale>
                    <heading>0</heading>
                    <Icon id="4773">
                        <href>http://maps.google.com/mapfiles/kml/pushpin/ylw-pushpin.png</href>
                    </Icon>
                </IconStyle>
            </Style>
            <Style id="4776">
                <IconStyle id="4777">
                    <color>ff00ffff</color>
                    <colorMode>normal</colorMode>
                    <scale>1</scale>
                    <heading>0</heading>
                    <Icon id="4778">
                        <href>http://maps.google.com/mapfiles/kml/pushpin/ylw-pushpin.png</href>
                    </Icon>
                </IconStyle>
            </Style>
            <Style id="4781">
                <IconStyle id="4782">
                    <color>ff00ffff</color>
                    <colorMode>normal</colorMode>
                    <scale>1</scale>
                    <heading>0</heading>
                    <Icon id="4783">
                        <href>http://maps.google.com/mapfiles/kml/pushpin/ylw-pushpin.png</href>
                    </Icon>
                </IconStyle>
            </Style>
            <Style id="4786">
                <IconStyle id="4787">
                    <color>ff00ffff</color>
                    <colorMode>normal</colorMode>
                    <scale>1</scale>
                    <heading>0</heading>
                    <Icon id="4788">
                        <href>http://maps.google.com/mapfiles/kml/pushpin/ylw-pushpin.png</href>
                    </Icon>
                </IconStyle>
            </Style>
            <Style id="4791">
                <IconStyle id="4792">
                    <color>ff00ffff</color>
                    <colorMode>normal</colorMode>
                    <scale>1</scale>
                    <heading>0</heading>
                    <Icon id="4793">
                        <href>http://maps.google.com/mapfiles/kml/pushpin/ylw-pushpin.png</href>
                    </Icon>
                </IconStyle>
            </Style>
            <Style id="4796">
                <IconStyle id="4797">
                    <color>ff00ffff</color>
                    <colorMode>normal</colorMode>
                    <scale>1</scale>
                    <heading>0</heading>
                    <Icon id="4798">
                        <href>http://maps.google.com/mapfiles/kml/pushpin/ylw-pushpin.png</href>
                    </Icon>
                </IconStyle>
            </Style>
            <Style id="4801">
                <IconStyle id="4802">
                    <color>ff00ffff</color>
                    <colorMode>normal</colorMode>
                    <scale>1</scale>
                    <heading>0</heading>
                    <Icon id="4803">
                        <href>http://maps.google.com/mapfiles/kml/pushpin/ylw-pushpin.png</href>
                    </Icon>
                </IconStyle>
            </Style>
            <Style id="4806">
                <IconStyle id="4807">
                    <color>ff00ffff</color>
                    <colorMode>normal</colorMode>
                    <scale>1</scale>
                    <heading>0</heading>
                    <Icon id="4808">
                        <href>http://maps.google.com/mapfiles/kml/pushpin/ylw-pushpin.png</href>
                    </Icon>
                </IconStyle>
            </Style>
            <Style id="4811">
                <IconStyle id="4812">
                    <color>ff00ffff</color>
                    <colorMode>normal</colorMode>
                    <scale>1</scale>
                    <heading>0</heading>
                    <Icon id="4813">
                        <href>http://maps.google.com/mapfiles/kml/pushpin/ylw-pushpin.png</href>
                    </Icon>
                </IconStyle>
            </Style>
            <Style id="4816">
                <IconStyle id="4817">
                    <color>ff00ffff</color>
                    <colorMode>normal</colorMode>
                    <scale>1</scale>
                    <heading>0</heading>
                    <Icon id="4818">
                        <href>http://maps.google.com/mapfiles/kml/pushpin/ylw-pushpin.png</href>
                    </Icon>
                </IconStyle>
            </Style>
            <Style id="4821">
                <IconStyle id="4822">
                    <color>ff00ffff</color>
                    <colorMode>normal</colorMode>
                    <scale>1</scale>
                    <heading>0</heading>
                    <Icon id="4823">
                        <href>http://maps.google.com/mapfiles/kml/pushpin/ylw-pushpin.png</href>
                    </Icon>
                </IconStyle>
            </Style>
            <Style id="4826">
                <IconStyle id="4827">
                    <color>ff00ffff</color>
                    <colorMode>normal</colorMode>
                    <scale>1</scale>
                    <heading>0</heading>
                    <Icon id="4828">
                        <href>http://maps.google.com/mapfiles/kml/pushpin/ylw-pushpin.png</href>
                    </Icon>
                </IconStyle>
            </Style>
            <Style id="4831">
                <IconStyle id="4832">
                    <color>ff00ffff</color>
                    <colorMode>normal</colorMode>
                    <scale>1</scale>
                    <heading>0</heading>
                    <Icon id="4833">
                        <href>http://maps.google.com/mapfiles/kml/pushpin/ylw-pushpin.png</href>
                    </Icon>
                </IconStyle>
            </Style>
            <Style id="4836">
                <IconStyle id="4837">
                    <color>ff00ffff</color>
                    <colorMode>normal</colorMode>
                    <scale>1</scale>
                    <heading>0</heading>
                    <Icon id="4838">
                        <href>http://maps.google.com/mapfiles/kml/pushpin/ylw-pushpin.png</href>
                    </Icon>
                </IconStyle>
            </Style>
            <Style id="4841">
                <IconStyle id="4842">
                    <color>ff00ffff</color>
                    <colorMode>normal</colorMode>
                    <scale>1</scale>
                    <heading>0</heading>
                    <Icon id="4843">
                        <href>http://maps.google.com/mapfiles/kml/pushpin/ylw-pushpin.png</href>
                    </Icon>
                </IconStyle>
            </Style>
            <name>DOMITILA QUISPE MIRANDA</name>
            <Placemark id="4540">
                <name>CLEMENTE CHUNGA CHUNGA</name>
                <description>AV MANUELITA SAENZ MZ Ñ LT22 SAN FRANCISCO PAITA-PIURA
Paita
Paita
Piura
Perú</description>
                <styleUrl>#4541</styleUrl>
                <Point id="4539">
                    <coordinates>-81.1083277,-5.1003383,0.0</coordinates>
                </Point>
            </Placemark>
            <Placemark id="4545">
                <name>BENILDA JABO CORREA</name>
                <description>Mz E lt 8  dos de mayo
Paita
Paita
Piura
Perú</description>
                <styleUrl>#4546</styleUrl>
                <Point id="4544">
                    <coordinates>-81.1142781,-5.1024063,0.0</coordinates>
                </Point>
            </Placemark>
            <Placemark id="4550">
                <name>JANETH LA MADRID</name>
                <description>Ah dos de mayo mz E lote 15
Paita
Paita
Piura
Perú</description>
                <styleUrl>#4551</styleUrl>
                <Point id="4549">
                    <coordinates>-81.1143279,-5.1028367,0.0</coordinates>
                </Point>
            </Placemark>
            <Placemark id="4555">
                <name>HORTELIA NIÑO HUAYANAY DE ZEVALLOS</name>
                <description>CA.LOS LIRIOS MZ J LT 15 AH.JUAN Noel
Paita
Paita
Piura
Perú</description>
                <styleUrl>#4556</styleUrl>
                <Point id="4554">
                    <coordinates>-81.1137742,-5.0995959,0.0</coordinates>
                </Point>
            </Placemark>
            <Placemark id="4560">
                <name>FABIOLA MILAGROS TAPIA AVALO</name>
                <description>MZ M LT 6 AH 2 DE MAYO - PAITA
Paita
Paita
Piura
Perú</description>
                <styleUrl>#4561</styleUrl>
                <Point id="4559">
                    <coordinates>-81.1172294,-5.1050959,0.0</coordinates>
                </Point>
            </Placemark>
            <Placemark id="4565">
                <name>EFREN GARCIA REYES</name>
                <description>Mz E lote 22 AAHH Nuevo Horizonte
Paita
Paita
Piura
Perú</description>
                <styleUrl>#4566</styleUrl>
                <Point id="4564">
                    <coordinates>-81.1187163,-5.1057502,0.0</coordinates>
                </Point>
            </Placemark>
            <Placemark id="4570">
                <name>LILIANA SAAVEDRA PEREZ</name>
                <description>Aahh bahia pait mz a lote 03
Paita

Piura
Perú</description>
                <styleUrl>#4571</styleUrl>
                <Point id="4569">
                    <coordinates>-81.1227135,-5.1051865,0.0</coordinates>
                </Point>
            </Placemark>
            <Placemark id="4575">
                <name>Quiroga chulle de chunga maria</name>
                <description>Amplicion miraflores mz s lote 22
Paita
Paita
Piura
Perú</description>
                <styleUrl>#4576</styleUrl>
                <Point id="4574">
                    <coordinates>-81.1216066,-5.103778,0.0</coordinates>
                </Point>
            </Placemark>
            <Placemark id="4580">
                <name>JUANA ANATOLIA LUNA BURGOS</name>
                <description>AAHH MIRAFLORES X LT12 PAITA-PIURA
Paita
Paita
Piura
Perú</description>
                <styleUrl>#4581</styleUrl>
                <Point id="4579">
                    <coordinates>-81.1203417,-5.1021271,0.0</coordinates>
                </Point>
            </Placemark>
            <Placemark id="4585">
                <name>MARS ANTHONNY FIESTAS LOPEZ</name>
                <description>AMP. MIRAFLORES MZ D LT 15 PAITA-PIURA
Paita
Paita
Piura
Perú</description>
                <styleUrl>#4586</styleUrl>
                <Point id="4584">
                    <coordinates>-81.1202049,-5.0998932,0.0</coordinates>
                </Point>
            </Placemark>
            <Placemark id="4590">
                <name>ESTHER HUAMAN DELGADO</name>
                <description>AMPLIACION MIGUEL GRAU MZ I-1 PAITA-PIURA
Paita
Paita
Piura
Perú</description>
                <styleUrl>#4591</styleUrl>
                <Point id="4589">
                    <coordinates>-81.120126,-5.0997504,0.0</coordinates>
                </Point>
            </Placemark>
            <Placemark id="4595">
                <name>KAREN MARICEL NALLI PAZ HUATANGARI</name>
                <description>Aahh ampliacion miguel grau heruoes del milenio mz i lote 07
Paita

Piura
Perú</description>
                <styleUrl>#4596</styleUrl>
                <Point id="4594">
                    <coordinates>-81.1217911,-5.0964512,0.0</coordinates>
                </Point>
            </Placemark>
            <Placemark id="4600">
                <name>JOSELYN MARIA CHUQUILLANQUI VILCHEZ</name>
                <description>AMPLIACIÓN MIGUEL GRAU MZ G LOTE 21
Paita
Paita
Piura
Perú</description>
                <styleUrl>#4601</styleUrl>
                <Point id="4599">
                    <coordinates>-81.1213014,-5.0966872,0.0</coordinates>
                </Point>
            </Placemark>
            <Placemark id="4605">
                <name>SARITA GUERRERO ROMAN</name>
                <description>AHH AMPLIACIÓN MIGUEL GRAU MZ L LT 35
Paita
Paita
Piura
Perú</description>
                <styleUrl>#4606</styleUrl>
                <Point id="4604">
                    <coordinates>-81.1210757,-5.096745,0.0</coordinates>
                </Point>
            </Placemark>
            <Placemark id="4610">
                <name>CRISTHIAN ALBERTO TUME PAZOS</name>
                <description>Ah Miguel Grau Mz j lt 28
Paita
Paita
Piura
Perú</description>
                <styleUrl>#4611</styleUrl>
                <Point id="4609">
                    <coordinates>-81.1196386,-5.0971854,0.0</coordinates>
                </Point>
            </Placemark>
            <Placemark id="4615">
                <name>ISABEL DEL ROCIO DAMIAN ACEDO</name>
                <description>AH MIGUEL GRAU MZ A2 LT 4 - PAITA
Paita
Paita
Piura
Perú</description>
                <styleUrl>#4616</styleUrl>
                <Point id="4614">
                    <coordinates>-81.1196715,-5.0974141,0.0</coordinates>
                </Point>
            </Placemark>
            <Placemark id="4620">
                <name>ANDREA LIZETH SANDOVAL ORDOÑEZ</name>
                <description>AAHH Miguel Grau MZ l lote 30
Paita

Piura
Perú</description>
                <styleUrl>#4621</styleUrl>
                <Point id="4619">
                    <coordinates>-81.118635,-5.097813,0.0</coordinates>
                </Point>
            </Placemark>
            <Placemark id="4625">
                <name>MAGGIE MAGDALENA IPANAQUE GARCIA</name>
                <description>CA CARLOS CANAVERO MZ I LT 29 AAHHMIGUEL GRAU
Paita

Piura
Perú</description>
                <styleUrl>#4626</styleUrl>
                <Point id="4624">
                    <coordinates>-81.1187398,-5.0977535,0.0</coordinates>
                </Point>
            </Placemark>
            <Placemark id="4630">
                <name>MILAGRITOS LARREA CHAHUA</name>
                <description>AA.HH MIGUEL GRAU MZ U LT 8 - POR EL CAMPO DEPORTIVO LOS PARCEROS (CHAKARITA)
Paita
Paita
Piura
Perú</description>
                <styleUrl>#4631</styleUrl>
                <Point id="4629">
                    <coordinates>-81.1206507,-5.0977557,0.0</coordinates>
                </Point>
            </Placemark>
            <Placemark id="4635">
                <name>LASTENIA VASQUEZ PIZANGO</name>
                <description>MZ-Q LT - 19 AAHH MIGUEL GRAU PAITA
Paita
Paita
Piura
Perú</description>
                <styleUrl>#4636</styleUrl>
                <Point id="4634">
                    <coordinates>-81.1168158,-5.0997228,0.0</coordinates>
                </Point>
            </Placemark>
            <Placemark id="4640">
                <name>YOJANY ISABEL PAIVA ALVAREZ</name>
                <description>Ah Miguel grau mz x lt 20
Paita
Paita
Piura
Perú</description>
                <styleUrl>#4641</styleUrl>
                <Point id="4639">
                    <coordinates>-81.1175297,-5.1003934,0.0</coordinates>
                </Point>
            </Placemark>
            <Placemark id="4645">
                <name>CARMEN BEATRIZ DIOSES ACARO</name>
                <description>MZ D 1 LT 1 AAHH MIRAFLORES - PAITA
Paita
Paita
Piura
Perú</description>
                <styleUrl>#4646</styleUrl>
                <Point id="4644">
                    <coordinates>-81.1183804,-5.1011144,0.0</coordinates>
                </Point>
            </Placemark>
            <Placemark id="4650">
                <name>FRANK RONALD PULACHE QUISPE</name>
                <description>Ah Miraflores referencia atrás del colegio rosado
Paita
Paita
Piura
Perú</description>
                <styleUrl>#4651</styleUrl>
                <Point id="4649">
                    <coordinates>-81.1173593,-5.1003705,0.0</coordinates>
                </Point>
            </Placemark>
            <Placemark id="4655">
                <name>SANTOS ANGELICA MERINO CIENFUEGOS</name>
                <description>MZ D LT 14 AAHH MIGUEL GRAU SECT VILLA MARIA
Paita
Paita
Piura
Perú</description>
                <styleUrl>#4656</styleUrl>
                <Point id="4654">
                    <coordinates>-81.1173593,-5.1003705,0.0</coordinates>
                </Point>
            </Placemark>
            <Placemark id="4660">
                <name>RITA ANABEL FIESTAS NIZAMA</name>
                <description>Ah Miraflores mz P lote 14
Paita

Piura
Perú</description>
                <styleUrl>#4661</styleUrl>
                <Point id="4659">
                    <coordinates>-81.1177905,-5.1016082,0.0</coordinates>
                </Point>
            </Placemark>
            <Placemark id="4665">
                <name>MARIA DEL PILAR PRADO RODRÍGUEZ</name>
                <description>Ah MIRAFLORES MZ D LOTE 15
Paita
Paita
Piura
Perú</description>
                <styleUrl>#4666</styleUrl>
                <Point id="4664">
                    <coordinates>-81.1157848,-5.1026384,0.0</coordinates>
                </Point>
            </Placemark>
            <Placemark id="4670">
                <name>KATTY MIRELLA MORALES MORALES</name>
                <description>MZ F LT 11 AAHH MIRAFLORES - PAITA
Paita
Paita
Piura
Perú</description>
                <styleUrl>#4671</styleUrl>
                <Point id="4669">
                    <coordinates>-81.1158503,-5.1009982,0.0</coordinates>
                </Point>
            </Placemark>
            <Placemark id="4675">
                <name>GABELINDA MORE MADRID</name>
                <description>MZ B LT12 MIRAFLORES - PAITA ALTA
Paita
Paita
Piura
Perú</description>
                <styleUrl>#4676</styleUrl>
                <Point id="4674">
                    <coordinates>-81.1152242,-5.0996168,0.0</coordinates>
                </Point>
            </Placemark>
            <Placemark id="4680">
                <name>EULALIA CHULLE ZETA</name>
                <description>2 de mayo mz B lote 18
Paita
Paita
Piura
Perú</description>
                <styleUrl>#4681</styleUrl>
                <Point id="4679">
                    <coordinates>-81.1145639,-5.100011,0.0</coordinates>
                </Point>
            </Placemark>
            <Placemark id="4685">
                <name>MARIA ISABEL QUINTANA SILVA</name>
                <description>Juan Noel mz F lote 10
Paita
Paita
Piura
Perú</description>
                <styleUrl>#4686</styleUrl>
                <Point id="4684">
                    <coordinates>-81.1135464,-5.1005434,0.0</coordinates>
                </Point>
            </Placemark>
            <Placemark id="4690">
                <name>VIRGINIA SILVA NIZAMA</name>
                <description>AAHH MIRAFLORES MZ B LT 26
Paita
Paita
Piura
Perú</description>
                <styleUrl>#4691</styleUrl>
                <Point id="4689">
                    <coordinates>-81.1156279,-5.1006325,0.0</coordinates>
                </Point>
            </Placemark>
            <Placemark id="4695">
                <name>MARCOLINA CASTILLO CORDOVA</name>
                <description>Ah Juan Noel mz G lote 8
Paita
Paita
Piura
Perú</description>
                <styleUrl>#4696</styleUrl>
                <Point id="4694">
                    <coordinates>-81.1127991,-5.0997127,0.0</coordinates>
                </Point>
            </Placemark>
            <Placemark id="4700">
                <name>ARACELY ALBURQUEQUE INFANTE</name>
                <description>AAHH JUAN NOEL LASTRA MZ A LT 16
Paita
Paita
Piura
Perú</description>
                <styleUrl>#4701</styleUrl>
                <Point id="4699">
                    <coordinates>-81.1118551,-5.1006392,0.0</coordinates>
                </Point>
            </Placemark>
            <Placemark id="4705">
                <name>MARIA FELICITA NIZAMA VDA DE RUIZ</name>
                <description>Av huascar mz n lote 09
Paita

Piura
Perú</description>
                <styleUrl>#4706</styleUrl>
                <Point id="4704">
                    <coordinates>-81.1080571,-5.1005552,0.0</coordinates>
                </Point>
            </Placemark>
            <Placemark id="4710">
                <name>PETRONILA MERINO JABO</name>
                <description>PETRONILA MERINO JABO
HUASCAR Ñ-5 P J EL TABLAZO PAITA
Paita
Paita
Piura
Perú</description>
                <styleUrl>#4711</styleUrl>
                <Point id="4709">
                    <coordinates>-81.1085291,-5.0999808,0.0</coordinates>
                </Point>
            </Placemark>
            <Placemark id="4715">
                <name>LIDUVINA RAMOS DE ASTUDILLO</name>
                <description>Calle huascar con inca roca Mz ll lote 10
Paita
Paita
Piura
Perú</description>
                <styleUrl>#4716</styleUrl>
                <Point id="4714">
                    <coordinates>-81.1059882,-5.0979503,0.0</coordinates>
                </Point>
            </Placemark>
            <Placemark id="4720">
                <name>LUIS ENRIQUE BENITES CARRION</name>
                <description>San Francisco mz G lote 9 tablazo
Paita
Paita
Piura
Perú</description>
                <styleUrl>#4721</styleUrl>
                <Point id="4719">
                    <coordinates>-81.1041637,-5.0977019,0.0</coordinates>
                </Point>
            </Placemark>
            <Placemark id="4725">
                <name>ENRRIQUETA HERRERA VALDIVIEZO</name>
                <description>MZ E LT 04 TABLAZO PAITA ALTA
Paita
Paita
Piura
Perú</description>
                <styleUrl>#4726</styleUrl>
                <Point id="4724">
                    <coordinates>-81.1035259,-5.0967546,0.0</coordinates>
                </Point>
            </Placemark>
            <Placemark id="4730">
                <name>DE CASTRO DANITZA PASACHE VILLALTA</name>
                <description>Mz V2 lote 21 CIUDAD ROJA AV CIRCUNVALACION
Paita
Paita
Piura
Perú</description>
                <styleUrl>#4731</styleUrl>
                <Point id="4729">
                    <coordinates>-81.1016462,-5.0973627,0.0</coordinates>
                </Point>
            </Placemark>
            <Placemark id="4735">
                <name>FLORESMINDA MOGOLLON CARREÑO</name>
                <description>Mz B lote 8 Los jasmines
Paita
Paita
Piura
Perú</description>
                <styleUrl>#4736</styleUrl>
                <Point id="4734">
                    <coordinates>-81.1010613,-5.0980987,0.0</coordinates>
                </Point>
            </Placemark>
            <Placemark id="4740">
                <name>PAULA ANGELICA LUERA PAZ</name>
                <description>MZ T2 LT 8 C.P. CIUDAD ROJA DEL PES
Paita
Paita
Piura
Perú</description>
                <styleUrl>#4741</styleUrl>
                <Point id="4739">
                    <coordinates>-81.1000563,-5.0970641,0.0</coordinates>
                </Point>
            </Placemark>
            <Placemark id="4745">
                <name>MARIA FLORES AVILA DE MOGOLLON</name>
                <description>BR.CIUDAD ROJA DEL PESCADOR MZ R2 L
Paita
Paita
Piura
Perú</description>
                <styleUrl>#4746</styleUrl>
                <Point id="4744">
                    <coordinates>-81.0999815,-5.0969027,0.0</coordinates>
                </Point>
            </Placemark>
            <Placemark id="4750">
                <name>RAUL CASTILLO TALLEDO</name>
                <description>MZ CH LT7 LA MOLINA CIUDAD ROJA - PAITA
Paita
Paita
Piura
Perú</description>
                <styleUrl>#4751</styleUrl>
                <Point id="4749">
                    <coordinates>-81.0966984,-5.0969332,0.0</coordinates>
                </Point>
            </Placemark>
            <Placemark id="4755">
                <name>ISABEL TIMANA CHAMOCHUMBE</name>
                <description>AA.HH CIUDAD ROJA - MZ N2 LT 14 PAI
Paita
Paita
Piura
Perú</description>
                <styleUrl>#4756</styleUrl>
                <Point id="4754">
                    <coordinates>-81.0970735,-5.0960862,0.0</coordinates>
                </Point>
            </Placemark>
            <Placemark id="4760">
                <name>JESSICA FREDESVINDA SALAS RUIZ</name>
                <description>MZ L2 LT6 CIUDAD ROJA - PAITA
Paita
Paita
Piura
Perú</description>
                <styleUrl>#4761</styleUrl>
                <Point id="4759">
                    <coordinates>-81.099249,-5.0949672,0.0</coordinates>
                </Point>
            </Placemark>
            <Placemark id="4765">
                <name>GALAN PAZO SANTOS MARLENE</name>
                <description>A.H.CIUDAD ROJA MZ.F1 LT.12
Paita
Paita
Piura
Perú</description>
                <styleUrl>#4766</styleUrl>
                <Point id="4764">
                    <coordinates>-81.0991945,-5.0949564,0.0</coordinates>
                </Point>
            </Placemark>
            <Placemark id="4770">
                <name>JOSÉ PURIZACA FIESTAS</name>
                <description>Mz s lote 6 ciudad roja
Paita
Paita
Piura
Perú</description>
                <styleUrl>#4771</styleUrl>
                <Point id="4769">
                    <coordinates>-81.1039035,-5.1016337,0.0</coordinates>
                </Point>
            </Placemark>
            <Placemark id="4775">
                <name>ELVIRA FRANCI ECHE RAMIREZ DE GALAN</name>
                <description>MZ R1 LT 23 CIUDAD ROJA - PAITA
Paita
Paita
Piura
Perú</description>
                <styleUrl>#4776</styleUrl>
                <Point id="4774">
                    <coordinates>-81.098745,-5.0948205,0.0</coordinates>
                </Point>
            </Placemark>
            <Placemark id="4780">
                <name>FIESTAS DE PERICHE LUZMILA</name>
                <description>MZ P1 LTE 26 CIUDAD ROJA
Paita
Paita
Piura
Perú</description>
                <styleUrl>#4781</styleUrl>
                <Point id="4779">
                    <coordinates>-81.0982284,-5.093602,0.0</coordinates>
                </Point>
            </Placemark>
            <Placemark id="4785">
                <name>ETERIA PALACIOS DE LOPEZ</name>
                <description>Las Mercedes mz A lote 7 paita alta
Paita
Paita
Piura
Perú</description>
                <styleUrl>#4786</styleUrl>
                <Point id="4784">
                    <coordinates>-81.0976646,-5.0890351,0.0</coordinates>
                </Point>
            </Placemark>
            <Placemark id="4790">
                <name>JENNY MARYLIN ANTON ALDANA</name>
                <description>LAS MERCEDES MZ D LOTE 5
Paita
Paita
Piura
Perú</description>
                <styleUrl>#4791</styleUrl>
                <Point id="4789">
                    <coordinates>-81.0964781,-5.0886488,0.0</coordinates>
                </Point>
            </Placemark>
            <Placemark id="4795">
                <name>WILMER MALKIYADIR REYES TALLEDO</name>
                <description>Fonavi primera etapa mz I ote 13
Paita
Paita
Piura
Perú</description>
                <styleUrl>#4796</styleUrl>
                <Point id="4794">
                    <coordinates>-81.0934443,-5.0928084,0.0</coordinates>
                </Point>
            </Placemark>
            <Placemark id="4800">
                <name>MARS GREGORY FIESTAS LOPEZ</name>
                <description>ISABEL BARRETO MZ K LOTE 5 2DA ETAPA
Paita
Paita
Piura
Perú</description>
                <styleUrl>#4801</styleUrl>
                <Point id="4799">
                    <coordinates>-81.0932922,-5.0957155,0.0</coordinates>
                </Point>
            </Placemark>
            <Placemark id="4805">
                <name>ANA CASTRO DE TANDAZO</name>
                <description>Fonavi 2 etapa mz I lote 28
Paita
Paita
Piura
Perú</description>
                <styleUrl>#4806</styleUrl>
                <Point id="4804">
                    <coordinates>-81.0933716,-5.0954102,0.0</coordinates>
                </Point>
            </Placemark>
            <Placemark id="4810">
                <name>ELIDA VICTORIA GONZALES RUIZ</name>
                <description>URB. ISABEL BARRETO MZ M LT 8 II ETAPA
Paita
Paita
Piura
Perú</description>
                <styleUrl>#4811</styleUrl>
                <Point id="4809">
                    <coordinates>-81.0943884,-5.0944952,0.0</coordinates>
                </Point>
            </Placemark>
            <Placemark id="4815">
                <name>LUZ NAVARRO SILVA</name>
                <description>FONAVI II ETAPA MZ M1 LT1 PAITA-PIURA
Paita
Paita
Piura
Perú</description>
                <styleUrl>#4816</styleUrl>
                <Point id="4814">
                    <coordinates>-81.0944309,-5.0946933,0.0</coordinates>
                </Point>
            </Placemark>
            <Placemark id="4820">
                <name>FELICITA SERNAQUE INGA</name>
                <description>TNT palacio MZ b lt 7
Paita
Paita
Piura
Perú</description>
                <styleUrl>#4821</styleUrl>
                <Point id="4819">
                    <coordinates>-81.0949267,-5.091615,0.0</coordinates>
                </Point>
            </Placemark>
            <Placemark id="4825">
                <name>ZANDRO OLAVO ANICETO NEIRA</name>
                <description>ZANDRO OLAVO ANICETO NEIRA
AV.FONAVI MZ B LT 01 AH.ISABEL BARR
Paita
Paita
Piura
Perú</description>
                <styleUrl>#4826</styleUrl>
                <Point id="4824">
                    <coordinates>-81.0952398,-5.0921589,0.0</coordinates>
                </Point>
            </Placemark>
            <Placemark id="4830">
                <name>ROSALIA PURIZACA VITE</name>
                <description>Ha 8 de julio B 21
Paita
Paita
Piura
Perú</description>
                <styleUrl>#4831</styleUrl>
                <Point id="4829">
                    <coordinates>-81.0961018,-5.0938898,0.0</coordinates>
                </Point>
            </Placemark>
            <Placemark id="4835">
                <name>MARCELA GONZALES RUIZ</name>
                <description>MZ F LT 15 AAHH. 08 DE JULIO - PAIT
Paita
Paita
Piura
Perú</description>
                <styleUrl>#4836</styleUrl>
                <Point id="4834">
                    <coordinates>-81.0968532,-5.0956815,0.0</coordinates>
                </Point>
            </Placemark>
            <Placemark id="4840">
                <name>PILAR NORMA CHAVELON PALOMINO</name>
                <description>F16 8 DE JULIO PAITA-PAITA
Paita
Paita
Piura
Perú</description>
                <styleUrl>#4841</styleUrl>
                <Point id="4839">
                    <coordinates>-81.0942731,-5.0969987,0.0</coordinates>
                </Point>
            </Placemark>
        </Folder>
        <Folder id="4844">
            <Style id="4847">
                <IconStyle id="4848">
                    <color>ff0000ff</color>
                    <colorMode>normal</colorMode>
                    <scale>1</scale>
                    <heading>0</heading>
                    <Icon id="4849">
                        <href>http://maps.google.com/mapfiles/kml/pushpin/ylw-pushpin.png</href>
                    </Icon>
                </IconStyle>
            </Style>
            <Style id="4852">
                <IconStyle id="4853">
                    <color>ff0000ff</color>
                    <colorMode>normal</colorMode>
                    <scale>1</scale>
                    <heading>0</heading>
                    <Icon id="4854">
                        <href>http://maps.google.com/mapfiles/kml/pushpin/ylw-pushpin.png</href>
                    </Icon>
                </IconStyle>
            </Style>
            <Style id="4857">
                <IconStyle id="4858">
                    <color>ff0000ff</color>
                    <colorMode>normal</colorMode>
                    <scale>1</scale>
                    <heading>0</heading>
                    <Icon id="4859">
                        <href>http://maps.google.com/mapfiles/kml/pushpin/ylw-pushpin.png</href>
                    </Icon>
                </IconStyle>
            </Style>
            <Style id="4862">
                <IconStyle id="4863">
                    <color>ff0000ff</color>
                    <colorMode>normal</colorMode>
                    <scale>1</scale>
                    <heading>0</heading>
                    <Icon id="4864">
                        <href>http://maps.google.com/mapfiles/kml/pushpin/ylw-pushpin.png</href>
                    </Icon>
                </IconStyle>
            </Style>
            <Style id="4867">
                <IconStyle id="4868">
                    <color>ff0000ff</color>
                    <colorMode>normal</colorMode>
                    <scale>1</scale>
                    <heading>0</heading>
                    <Icon id="4869">
                        <href>http://maps.google.com/mapfiles/kml/pushpin/ylw-pushpin.png</href>
                    </Icon>
                </IconStyle>
            </Style>
            <Style id="4872">
                <IconStyle id="4873">
                    <color>ff0000ff</color>
                    <colorMode>normal</colorMode>
                    <scale>1</scale>
                    <heading>0</heading>
                    <Icon id="4874">
                        <href>http://maps.google.com/mapfiles/kml/pushpin/ylw-pushpin.png</href>
                    </Icon>
                </IconStyle>
            </Style>
            <Style id="4877">
                <IconStyle id="4878">
                    <color>ff0000ff</color>
                    <colorMode>normal</colorMode>
                    <scale>1</scale>
                    <heading>0</heading>
                    <Icon id="4879">
                        <href>http://maps.google.com/mapfiles/kml/pushpin/ylw-pushpin.png</href>
                    </Icon>
                </IconStyle>
            </Style>
            <Style id="4882">
                <IconStyle id="4883">
                    <color>ff0000ff</color>
                    <colorMode>normal</colorMode>
                    <scale>1</scale>
                    <heading>0</heading>
                    <Icon id="4884">
                        <href>http://maps.google.com/mapfiles/kml/pushpin/ylw-pushpin.png</href>
                    </Icon>
                </IconStyle>
            </Style>
            <Style id="4887">
                <IconStyle id="4888">
                    <color>ff0000ff</color>
                    <colorMode>normal</colorMode>
                    <scale>1</scale>
                    <heading>0</heading>
                    <Icon id="4889">
                        <href>http://maps.google.com/mapfiles/kml/pushpin/ylw-pushpin.png</href>
                    </Icon>
                </IconStyle>
            </Style>
            <Style id="4892">
                <IconStyle id="4893">
                    <color>ff0000ff</color>
                    <colorMode>normal</colorMode>
                    <scale>1</scale>
                    <heading>0</heading>
                    <Icon id="4894">
                        <href>http://maps.google.com/mapfiles/kml/pushpin/ylw-pushpin.png</href>
                    </Icon>
                </IconStyle>
            </Style>
            <Style id="4897">
                <IconStyle id="4898">
                    <color>ff0000ff</color>
                    <colorMode>normal</colorMode>
                    <scale>1</scale>
                    <heading>0</heading>
                    <Icon id="4899">
                        <href>http://maps.google.com/mapfiles/kml/pushpin/ylw-pushpin.png</href>
                    </Icon>
                </IconStyle>
            </Style>
            <Style id="4902">
                <IconStyle id="4903">
                    <color>ff0000ff</color>
                    <colorMode>normal</colorMode>
                    <scale>1</scale>
                    <heading>0</heading>
                    <Icon id="4904">
                        <href>http://maps.google.com/mapfiles/kml/pushpin/ylw-pushpin.png</href>
                    </Icon>
                </IconStyle>
            </Style>
            <Style id="4907">
                <IconStyle id="4908">
                    <color>ff0000ff</color>
                    <colorMode>normal</colorMode>
                    <scale>1</scale>
                    <heading>0</heading>
                    <Icon id="4909">
                        <href>http://maps.google.com/mapfiles/kml/pushpin/ylw-pushpin.png</href>
                    </Icon>
                </IconStyle>
            </Style>
            <Style id="4912">
                <IconStyle id="4913">
                    <color>ff0000ff</color>
                    <colorMode>normal</colorMode>
                    <scale>1</scale>
                    <heading>0</heading>
                    <Icon id="4914">
                        <href>http://maps.google.com/mapfiles/kml/pushpin/ylw-pushpin.png</href>
                    </Icon>
                </IconStyle>
            </Style>
            <name>EDDINSON CECILIO DIOSES SAAVEDRA</name>
            <Placemark id="4846">
                <name>ROSA ELENA SALDARRIAGA PALACIOS</name>
                <description>Mercado sechura
Sechura
Sechura
Piura
Perú</description>
                <styleUrl>#4847</styleUrl>
                <Point id="4845">
                    <coordinates>-80.8220775,-5.5535841,0.0</coordinates>
                </Point>
            </Placemark>
            <Placemark id="4851">
                <name>AURELIA CORDOVA CORDOVA</name>
                <description>Mercado anexo Puesto 12
Sechura
Sechura
Piura
Perú</description>
                <styleUrl>#4852</styleUrl>
                <Point id="4850">
                    <coordinates>-80.8218255,-5.554183,0.0</coordinates>
                </Point>
            </Placemark>
            <Placemark id="4856">
                <name>AURELIA CORDOVA CORDOVA</name>
                <description>Mercado anexo Puesto 12
Sechura
Sechura
Piura
Perú</description>
                <styleUrl>#4857</styleUrl>
                <Point id="4855">
                    <coordinates>-80.8218255,-5.554183,0.0</coordinates>
                </Point>
            </Placemark>
            <Placemark id="4861">
                <name>MOISES ISAIAS AREVALO ANCAJIMA</name>
                <description>Mercado sechura
Sechura
Sechura
Piura
Perú</description>
                <styleUrl>#4862</styleUrl>
                <Point id="4860">
                    <coordinates>-80.8218516,-5.5533228,0.0</coordinates>
                </Point>
            </Placemark>
            <Placemark id="4866">
                <name>MILTON LIMA CASTILLO</name>
                <description>Mercado Puesto 41
Sechura
Sechura
Piura
Perú</description>
                <styleUrl>#4867</styleUrl>
                <Point id="4865">
                    <coordinates>-80.822345,-5.5537944,0.0</coordinates>
                </Point>
            </Placemark>
            <Placemark id="4871">
                <name>ESTRELLA MARIALIZ QUEREVALU ECHE</name>
                <description>Cesar Pinglo 117
Sechura
Sechura
Piura
Perú</description>
                <styleUrl>#4872</styleUrl>
                <Point id="4870">
                    <coordinates>-80.8217996,-5.5537566,0.0</coordinates>
                </Point>
            </Placemark>
            <Placemark id="4876">
                <name>JOSE JEANKERLY YARLEQUE ROSAS</name>
                <description>CALLE CESAR PINGLO S/N REF MINIMARKET
Sechura
Sechura
Piura
Perú</description>
                <styleUrl>#4877</styleUrl>
                <Point id="4875">
                    <coordinates>-80.8217978,-5.5536787,0.0</coordinates>
                </Point>
            </Placemark>
            <Placemark id="4881">
                <name>MOISES ISAIAS AREVALO ANCAJIMA</name>
                <description>Mercado sechura
Sechura
Sechura
Piura
Perú</description>
                <styleUrl>#4882</styleUrl>
                <Point id="4880">
                    <coordinates>-80.8218516,-5.5533228,0.0</coordinates>
                </Point>
            </Placemark>
            <Placemark id="4886">
                <name>ELMER JESUS BANCES SIESQUEN</name>
                <description>PUESTO NRO 72 MERCADO
Sechura
Sechura
Piura
Perú</description>
                <styleUrl>#4887</styleUrl>
                <Point id="4885">
                    <coordinates>-80.8219847,-5.5533112,0.0</coordinates>
                </Point>
            </Placemark>
            <Placemark id="4891">
                <name>EDGARD JOHAN SUCLUPE SIESQUEN</name>
                <description>INT. MERCADO SECHURA-SECHURA
Sechura
Sechura
Piura
Perú</description>
                <styleUrl>#4892</styleUrl>
                <Point id="4890">
                    <coordinates>-80.8223337,-5.5536946,0.0</coordinates>
                </Point>
            </Placemark>
            <Placemark id="4896">
                <name>INOÑAN DE LA CRUZ JHAMIRA BERSAVE</name>
                <description>Mercado sechura
Sechura

Piura
Perú</description>
                <styleUrl>#4897</styleUrl>
                <Point id="4895">
                    <coordinates>-80.8219715,-5.5533813,0.0</coordinates>
                </Point>
            </Placemark>
            <Placemark id="4901">
                <name>MILTON LIMA CASTILLO</name>
                <description>Mercado Puesto 41
Sechura
Sechura
Piura
Perú</description>
                <styleUrl>#4902</styleUrl>
                <Point id="4900">
                    <coordinates>-80.822345,-5.5537944,0.0</coordinates>
                </Point>
            </Placemark>
            <Placemark id="4906">
                <name>PEDRO MONTALVAN CORDOVA</name>
                <description>San Martín 1ra cuadra MERCADO
Sechura
Sechura
Piura
Perú</description>
                <styleUrl>#4907</styleUrl>
                <Point id="4905">
                    <coordinates>-80.8223733,-5.5537383,0.0</coordinates>
                </Point>
            </Placemark>
            <Placemark id="4911">
                <name>EDGARD JOHAN SUCLUPE SIESQUEN</name>
                <description>INT. MERCADO SECHURA-SECHURA
Sechura
Sechura
Piura
Perú</description>
                <styleUrl>#4912</styleUrl>
                <Point id="4910">
                    <coordinates>-80.8223337,-5.5536946,0.0</coordinates>
                </Point>
            </Placemark>
        </Folder>
        <Folder id="4915">
            <Style id="4918">
                <IconStyle id="4919">
                    <color>ffff0000</color>
                    <colorMode>normal</colorMode>
                    <scale>1</scale>
                    <heading>0</heading>
                    <Icon id="4920">
                        <href>http://maps.google.com/mapfiles/kml/pushpin/ylw-pushpin.png</href>
                    </Icon>
                </IconStyle>
            </Style>
            <Style id="4923">
                <IconStyle id="4924">
                    <color>ffff0000</color>
                    <colorMode>normal</colorMode>
                    <scale>1</scale>
                    <heading>0</heading>
                    <Icon id="4925">
                        <href>http://maps.google.com/mapfiles/kml/pushpin/ylw-pushpin.png</href>
                    </Icon>
                </IconStyle>
            </Style>
            <Style id="4928">
                <IconStyle id="4929">
                    <color>ffff0000</color>
                    <colorMode>normal</colorMode>
                    <scale>1</scale>
                    <heading>0</heading>
                    <Icon id="4930">
                        <href>http://maps.google.com/mapfiles/kml/pushpin/ylw-pushpin.png</href>
                    </Icon>
                </IconStyle>
            </Style>
            <Style id="4933">
                <IconStyle id="4934">
                    <color>ffff0000</color>
                    <colorMode>normal</colorMode>
                    <scale>1</scale>
                    <heading>0</heading>
                    <Icon id="4935">
                        <href>http://maps.google.com/mapfiles/kml/pushpin/ylw-pushpin.png</href>
                    </Icon>
                </IconStyle>
            </Style>
            <Style id="4938">
                <IconStyle id="4939">
                    <color>ffff0000</color>
                    <colorMode>normal</colorMode>
                    <scale>1</scale>
                    <heading>0</heading>
                    <Icon id="4940">
                        <href>http://maps.google.com/mapfiles/kml/pushpin/ylw-pushpin.png</href>
                    </Icon>
                </IconStyle>
            </Style>
            <Style id="4943">
                <IconStyle id="4944">
                    <color>ffff0000</color>
                    <colorMode>normal</colorMode>
                    <scale>1</scale>
                    <heading>0</heading>
                    <Icon id="4945">
                        <href>http://maps.google.com/mapfiles/kml/pushpin/ylw-pushpin.png</href>
                    </Icon>
                </IconStyle>
            </Style>
            <Style id="4948">
                <IconStyle id="4949">
                    <color>ffff0000</color>
                    <colorMode>normal</colorMode>
                    <scale>1</scale>
                    <heading>0</heading>
                    <Icon id="4950">
                        <href>http://maps.google.com/mapfiles/kml/pushpin/ylw-pushpin.png</href>
                    </Icon>
                </IconStyle>
            </Style>
            <Style id="4953">
                <IconStyle id="4954">
                    <color>ffff0000</color>
                    <colorMode>normal</colorMode>
                    <scale>1</scale>
                    <heading>0</heading>
                    <Icon id="4955">
                        <href>http://maps.google.com/mapfiles/kml/pushpin/ylw-pushpin.png</href>
                    </Icon>
                </IconStyle>
            </Style>
            <Style id="4958">
                <IconStyle id="4959">
                    <color>ffff0000</color>
                    <colorMode>normal</colorMode>
                    <scale>1</scale>
                    <heading>0</heading>
                    <Icon id="4960">
                        <href>http://maps.google.com/mapfiles/kml/pushpin/ylw-pushpin.png</href>
                    </Icon>
                </IconStyle>
            </Style>
            <Style id="4963">
                <IconStyle id="4964">
                    <color>ffff0000</color>
                    <colorMode>normal</colorMode>
                    <scale>1</scale>
                    <heading>0</heading>
                    <Icon id="4965">
                        <href>http://maps.google.com/mapfiles/kml/pushpin/ylw-pushpin.png</href>
                    </Icon>
                </IconStyle>
            </Style>
            <Style id="4968">
                <IconStyle id="4969">
                    <color>ffff0000</color>
                    <colorMode>normal</colorMode>
                    <scale>1</scale>
                    <heading>0</heading>
                    <Icon id="4970">
                        <href>http://maps.google.com/mapfiles/kml/pushpin/ylw-pushpin.png</href>
                    </Icon>
                </IconStyle>
            </Style>
            <Style id="4973">
                <IconStyle id="4974">
                    <color>ffff0000</color>
                    <colorMode>normal</colorMode>
                    <scale>1</scale>
                    <heading>0</heading>
                    <Icon id="4975">
                        <href>http://maps.google.com/mapfiles/kml/pushpin/ylw-pushpin.png</href>
                    </Icon>
                </IconStyle>
            </Style>
            <Style id="4978">
                <IconStyle id="4979">
                    <color>ffff0000</color>
                    <colorMode>normal</colorMode>
                    <scale>1</scale>
                    <heading>0</heading>
                    <Icon id="4980">
                        <href>http://maps.google.com/mapfiles/kml/pushpin/ylw-pushpin.png</href>
                    </Icon>
                </IconStyle>
            </Style>
            <Style id="4983">
                <IconStyle id="4984">
                    <color>ffff0000</color>
                    <colorMode>normal</colorMode>
                    <scale>1</scale>
                    <heading>0</heading>
                    <Icon id="4985">
                        <href>http://maps.google.com/mapfiles/kml/pushpin/ylw-pushpin.png</href>
                    </Icon>
                </IconStyle>
            </Style>
            <Style id="4988">
                <IconStyle id="4989">
                    <color>ffff0000</color>
                    <colorMode>normal</colorMode>
                    <scale>1</scale>
                    <heading>0</heading>
                    <Icon id="4990">
                        <href>http://maps.google.com/mapfiles/kml/pushpin/ylw-pushpin.png</href>
                    </Icon>
                </IconStyle>
            </Style>
            <Style id="4993">
                <IconStyle id="4994">
                    <color>ffff0000</color>
                    <colorMode>normal</colorMode>
                    <scale>1</scale>
                    <heading>0</heading>
                    <Icon id="4995">
                        <href>http://maps.google.com/mapfiles/kml/pushpin/ylw-pushpin.png</href>
                    </Icon>
                </IconStyle>
            </Style>
            <Style id="4998">
                <IconStyle id="4999">
                    <color>ffff0000</color>
                    <colorMode>normal</colorMode>
                    <scale>1</scale>
                    <heading>0</heading>
                    <Icon id="5000">
                        <href>http://maps.google.com/mapfiles/kml/pushpin/ylw-pushpin.png</href>
                    </Icon>
                </IconStyle>
            </Style>
            <Style id="5003">
                <IconStyle id="5004">
                    <color>ffff0000</color>
                    <colorMode>normal</colorMode>
                    <scale>1</scale>
                    <heading>0</heading>
                    <Icon id="5005">
                        <href>http://maps.google.com/mapfiles/kml/pushpin/ylw-pushpin.png</href>
                    </Icon>
                </IconStyle>
            </Style>
            <Style id="5008">
                <IconStyle id="5009">
                    <color>ffff0000</color>
                    <colorMode>normal</colorMode>
                    <scale>1</scale>
                    <heading>0</heading>
                    <Icon id="5010">
                        <href>http://maps.google.com/mapfiles/kml/pushpin/ylw-pushpin.png</href>
                    </Icon>
                </IconStyle>
            </Style>
            <Style id="5013">
                <IconStyle id="5014">
                    <color>ffff0000</color>
                    <colorMode>normal</colorMode>
                    <scale>1</scale>
                    <heading>0</heading>
                    <Icon id="5015">
                        <href>http://maps.google.com/mapfiles/kml/pushpin/ylw-pushpin.png</href>
                    </Icon>
                </IconStyle>
            </Style>
            <Style id="5018">
                <IconStyle id="5019">
                    <color>ffff0000</color>
                    <colorMode>normal</colorMode>
                    <scale>1</scale>
                    <heading>0</heading>
                    <Icon id="5020">
                        <href>http://maps.google.com/mapfiles/kml/pushpin/ylw-pushpin.png</href>
                    </Icon>
                </IconStyle>
            </Style>
            <Style id="5023">
                <IconStyle id="5024">
                    <color>ffff0000</color>
                    <colorMode>normal</colorMode>
                    <scale>1</scale>
                    <heading>0</heading>
                    <Icon id="5025">
                        <href>http://maps.google.com/mapfiles/kml/pushpin/ylw-pushpin.png</href>
                    </Icon>
                </IconStyle>
            </Style>
            <Style id="5028">
                <IconStyle id="5029">
                    <color>ffff0000</color>
                    <colorMode>normal</colorMode>
                    <scale>1</scale>
                    <heading>0</heading>
                    <Icon id="5030">
                        <href>http://maps.google.com/mapfiles/kml/pushpin/ylw-pushpin.png</href>
                    </Icon>
                </IconStyle>
            </Style>
            <Style id="5033">
                <IconStyle id="5034">
                    <color>ffff0000</color>
                    <colorMode>normal</colorMode>
                    <scale>1</scale>
                    <heading>0</heading>
                    <Icon id="5035">
                        <href>http://maps.google.com/mapfiles/kml/pushpin/ylw-pushpin.png</href>
                    </Icon>
                </IconStyle>
            </Style>
            <Style id="5038">
                <IconStyle id="5039">
                    <color>ffff0000</color>
                    <colorMode>normal</colorMode>
                    <scale>1</scale>
                    <heading>0</heading>
                    <Icon id="5040">
                        <href>http://maps.google.com/mapfiles/kml/pushpin/ylw-pushpin.png</href>
                    </Icon>
                </IconStyle>
            </Style>
            <Style id="5043">
                <IconStyle id="5044">
                    <color>ffff0000</color>
                    <colorMode>normal</colorMode>
                    <scale>1</scale>
                    <heading>0</heading>
                    <Icon id="5045">
                        <href>http://maps.google.com/mapfiles/kml/pushpin/ylw-pushpin.png</href>
                    </Icon>
                </IconStyle>
            </Style>
            <Style id="5048">
                <IconStyle id="5049">
                    <color>ffff0000</color>
                    <colorMode>normal</colorMode>
                    <scale>1</scale>
                    <heading>0</heading>
                    <Icon id="5050">
                        <href>http://maps.google.com/mapfiles/kml/pushpin/ylw-pushpin.png</href>
                    </Icon>
                </IconStyle>
            </Style>
            <Style id="5053">
                <IconStyle id="5054">
                    <color>ffff0000</color>
                    <colorMode>normal</colorMode>
                    <scale>1</scale>
                    <heading>0</heading>
                    <Icon id="5055">
                        <href>http://maps.google.com/mapfiles/kml/pushpin/ylw-pushpin.png</href>
                    </Icon>
                </IconStyle>
            </Style>
            <Style id="5058">
                <IconStyle id="5059">
                    <color>ffff0000</color>
                    <colorMode>normal</colorMode>
                    <scale>1</scale>
                    <heading>0</heading>
                    <Icon id="5060">
                        <href>http://maps.google.com/mapfiles/kml/pushpin/ylw-pushpin.png</href>
                    </Icon>
                </IconStyle>
            </Style>
            <Style id="5063">
                <IconStyle id="5064">
                    <color>ffff0000</color>
                    <colorMode>normal</colorMode>
                    <scale>1</scale>
                    <heading>0</heading>
                    <Icon id="5065">
                        <href>http://maps.google.com/mapfiles/kml/pushpin/ylw-pushpin.png</href>
                    </Icon>
                </IconStyle>
            </Style>
            <name>FRANCISCO JAVIER TALLEDO VALDIVIEZO</name>
            <Placemark id="4917">
                <name>Diana Fiestas vilchez</name>
                <description>Ampliación Sánchez cerro B1 -18
Talara
Talara
Piura
Perú</description>
                <styleUrl>#4918</styleUrl>
                <Point id="4916">
                    <coordinates>-81.2543595,-4.5974941,0.0</coordinates>
                </Point>
            </Placemark>
            <Placemark id="4922">
                <name>SOCORRO CECILIA CARCAMO ECHE</name>
                <description>AAHH JOSE ABELARDO QUIÑONES Ñ-18
Talara
Talara
Piura
Perú</description>
                <styleUrl>#4923</styleUrl>
                <Point id="4921">
                    <coordinates>-81.2568001,-4.5957501,0.0</coordinates>
                </Point>
            </Placemark>
            <Placemark id="4927">
                <name>LUZ ADELA PASAPERA DE CEDANO</name>
                <description>AA.HH SANCHEZ CERRO D-16
Talara
Talara
Piura
Perú</description>
                <styleUrl>#4928</styleUrl>
                <Point id="4926">
                    <coordinates>-81.2539759,-4.5960118,0.0</coordinates>
                </Point>
            </Placemark>
            <Placemark id="4932">
                <name>JOSE ARTURO VILELA MORE</name>
                <description>Tienda NRO 5 mercado Talara alta
Talara
Talara
Piura
Perú</description>
                <styleUrl>#4933</styleUrl>
                <Point id="4931">
                    <coordinates>-81.2559588,-4.5911737,0.0</coordinates>
                </Point>
            </Placemark>
            <Placemark id="4937">
                <name>JOSE ARTURO VILELA MORE</name>
                <description>Tienda NRO 5 mercado Talara alta
Talara
Talara
Piura
Perú</description>
                <styleUrl>#4938</styleUrl>
                <Point id="4936">
                    <coordinates>-81.2559588,-4.5911737,0.0</coordinates>
                </Point>
            </Placemark>
            <Placemark id="4942">
                <name>ORTIZ SEMINARIO  EXEQUIEL</name>
                <description>ORTIZ SEMINARIO  EXEQUIEL
A.H.QUIÑONES MZ.CH-19 SECT 17
Talara
Talara
Piura
Perú</description>
                <styleUrl>#4943</styleUrl>
                <Point id="4941">
                    <coordinates>-81.2572869,-4.5978142,0.0</coordinates>
                </Point>
            </Placemark>
            <Placemark id="4947">
                <name>FARFAN MONTERO ORALIA FROILANDA</name>
                <description>A.H.ABELARDO QUIÑONES CH-15
Talara
Talara
Piura
Perú</description>
                <styleUrl>#4948</styleUrl>
                <Point id="4946">
                    <coordinates>-81.2572561,-4.5980411,0.0</coordinates>
                </Point>
            </Placemark>
            <Placemark id="4952">
                <name>MOROCHO DE JUAREZ JOSEFA</name>
                <description>AA. HH JOSE ABELARDO QUIÑONES Ll-47
Talara
Talara
Piura
Perú</description>
                <styleUrl>#4953</styleUrl>
                <Point id="4951">
                    <coordinates>-81.2561484,-4.5977062,0.0</coordinates>
                </Point>
            </Placemark>
            <Placemark id="4957">
                <name>CALLE DE MARQUEZ DOLORES ENMA</name>
                <description>CALLE DE MARQUEZ DOLORES ENMA
MZ O LT. 8 AA. HH JOSE ABELARDO QUI
Talara
Talara
Piura
Perú</description>
                <styleUrl>#4958</styleUrl>
                <Point id="4956">
                    <coordinates>-81.2572879,-4.5958142,0.0</coordinates>
                </Point>
            </Placemark>
            <Placemark id="4962">
                <name>MARLENE CHIROQUE CASTILLO</name>
                <description>A.H.QUIÑONES MZ.M LT.3
Talara
Talara
Piura
Perú</description>
                <styleUrl>#4963</styleUrl>
                <Point id="4961">
                    <coordinates>-81.2563761,-4.5945741,0.0</coordinates>
                </Point>
            </Placemark>
            <Placemark id="4967">
                <name>PETRONILA VANISI VALLADARES CRUZ</name>
                <description>AAHH JORGE BASADRE E-19
Talara
Talara
Piura
Perú</description>
                <styleUrl>#4968</styleUrl>
                <Point id="4966">
                    <coordinates>-81.2568316,-4.5942069,0.0</coordinates>
                </Point>
            </Placemark>
            <Placemark id="4972">
                <name>INVE.&amp; DISTRIB.MI JULITA SRL</name>
                <description>INVE.&amp; DISTRIB.MI JULITA SRL
CA.4 46
Talara
Talara
Piura
Perú</description>
                <styleUrl>#4973</styleUrl>
                <Point id="4971">
                    <coordinates>-81.25652,-4.590817,0.0</coordinates>
                </Point>
            </Placemark>
            <Placemark id="4977">
                <name>JUANA ROSA CORREA BENITES DE AGUILAR</name>
                <description>AAHH BUENOS AIRES M-1
Talara
Talara
Piura
Perú</description>
                <styleUrl>#4978</styleUrl>
                <Point id="4976">
                    <coordinates>-81.2516342,-4.5969864,0.0</coordinates>
                </Point>
            </Placemark>
            <Placemark id="4982">
                <name>CYNTHIA JANINA TAVARA FLORES</name>
                <description>AA. HH AMPLIACION SAN SEBASTIAN MZ
Talara
Talara
Piura
Perú</description>
                <styleUrl>#4983</styleUrl>
                <Point id="4981">
                    <coordinates>-81.2507447,-4.5966369,0.0</coordinates>
                </Point>
            </Placemark>
            <Placemark id="4987">
                <name>CARMEN MARITZA MOGOLLON DE MENDOZA</name>
                <description>AAHH nueva esperanza D3-5
Talara
Talara
Piura
Perú</description>
                <styleUrl>#4988</styleUrl>
                <Point id="4986">
                    <coordinates>-81.2517921,-4.5949971,0.0</coordinates>
                </Point>
            </Placemark>
            <Placemark id="4992">
                <name>MURGUIA MOGOLLON ROSA ISABEL</name>
                <description>AAHH SAN SEBASTIÁN E1-49
Talara
Talara
Piura
Perú</description>
                <styleUrl>#4993</styleUrl>
                <Point id="4991">
                    <coordinates>-81.2510306,-4.5947314,0.0</coordinates>
                </Point>
            </Placemark>
            <Placemark id="4997">
                <name>MARLENE SANTOS NIZAMA</name>
                <description>MZ E lt 4 señor de los milagros
El Alto
El Alto
Piura
Perú</description>
                <styleUrl>#4998</styleUrl>
                <Point id="4996">
                    <coordinates>-81.2176788,-4.2644502,0.0</coordinates>
                </Point>
            </Placemark>
            <Placemark id="5002">
                <name>YOLANDA CHUICA DE ESTRADA</name>
                <description>San Sebastián  G1-4
Talara
Talara
Piura
Perú</description>
                <styleUrl>#5003</styleUrl>
                <Point id="5001">
                    <coordinates>-81.250459,-4.594913,0.0</coordinates>
                </Point>
            </Placemark>
            <Placemark id="5007">
                <name>CRUZ ELERA JOSE TEOFILO</name>
                <description>CRUZ ELERA JOSE TEOFILO
A.H.SAN SEBASTIAN MZ.C1 LT.4
Talara
Talara
Piura
Perú</description>
                <styleUrl>#5008</styleUrl>
                <Point id="5006">
                    <coordinates>-81.251071,-4.593862,0.0</coordinates>
                </Point>
            </Placemark>
            <Placemark id="5012">
                <name>LUIS GONZAGA AYALA SANTOS</name>
                <description>MZ.F LT.1 AH.QUIÑONES TALARA A
Talara
Talara
Piura
Perú</description>
                <styleUrl>#5013</styleUrl>
                <Point id="5011">
                    <coordinates>-81.2538116,-4.5938564,0.0</coordinates>
                </Point>
            </Placemark>
            <Placemark id="5017">
                <name>PIEDRA MARTINEZ SANTOS FILOMENA</name>
                <description>C.P.9 DE OCTUBRE MZ-K LT-01
Talara
Talara
Piura
Perú</description>
                <styleUrl>#5018</styleUrl>
                <Point id="5016">
                    <coordinates>-81.2522088,-4.5926341,0.0</coordinates>
                </Point>
            </Placemark>
            <Placemark id="5022">
                <name>SEGUNDO ESPINOZA CRISANTO</name>
                <description>A - 12 -D AA. HH 9 DE OCTUBRE - TAL
Talara
Talara
Piura
Perú</description>
                <styleUrl>#5023</styleUrl>
                <Point id="5021">
                    <coordinates>-81.253857,-4.5918122,0.0</coordinates>
                </Point>
            </Placemark>
            <Placemark id="5027">
                <name>KATTY MAITE GIRON TALLEDO</name>
                <description>A.H.9 DE OCTUBRE MZ.N LT.9
Talara
Talara
Piura
Perú</description>
                <styleUrl>#5028</styleUrl>
                <Point id="5026">
                    <coordinates>-81.254998,-4.593346,0.0</coordinates>
                </Point>
            </Placemark>
            <Placemark id="5032">
                <name>LUZ ELENA NAVARRO YANAYACO</name>
                <description>LUZ ELENA NAVARRO YANAYACO
CA. CA.1 NRO. 120 TALARA
Talara
Talara
Piura
Perú</description>
                <styleUrl>#5033</styleUrl>
                <Point id="5031">
                    <coordinates>-81.2581288,-4.5908811,0.0</coordinates>
                </Point>
            </Placemark>
            <Placemark id="5037">
                <name>MORALES CASTRO MARLON</name>
                <description>VILLA LOS ANGELES B-4
Talara
Talara
Piura
Perú</description>
                <styleUrl>#5038</styleUrl>
                <Point id="5036">
                    <coordinates>-81.2565944,-4.5875971,0.0</coordinates>
                </Point>
            </Placemark>
            <Placemark id="5042">
                <name>EUFEMIA RAMIREZ RAMIREZ</name>
                <description>URB.VILLA LOS ANGELES A 2 TAL
Talara
Talara
Piura
Perú</description>
                <styleUrl>#5043</styleUrl>
                <Point id="5041">
                    <coordinates>-81.2568852,-4.5877034,0.0</coordinates>
                </Point>
            </Placemark>
            <Placemark id="5047">
                <name>IRINA GABRIELA MARTINEZ LIZARRAGA</name>
                <description>Ampliación Micaela bastidas B-07, referencia frente al mercado serpetro
Talara
Talara
Piura
Perú</description>
                <styleUrl>#5048</styleUrl>
                <Point id="5046">
                    <coordinates>-81.2590732,-4.5913115,0.0</coordinates>
                </Point>
            </Placemark>
            <Placemark id="5052">
                <name>LUISA IMAN DE NEIRA</name>
                <description>MNARIA AUXILIADORA A-10
Talara
Talara
Piura
Perú</description>
                <styleUrl>#5053</styleUrl>
                <Point id="5051">
                    <coordinates>-81.2560435,-4.5879016,0.0</coordinates>
                </Point>
            </Placemark>
            <Placemark id="5057">
                <name>GARCIA CORONADO ALFONSO</name>
                <description>C-22 Talara Alta
Talara
Talara
Piura
Perú</description>
                <styleUrl>#5058</styleUrl>
                <Point id="5056">
                    <coordinates>-81.2565863,-4.5886286,0.0</coordinates>
                </Point>
            </Placemark>
            <Placemark id="5062">
                <name>FREDDY FARIAS GALLO</name>
                <description>AV. C - 53 TALARA ALTA - TALARA
Talara
Talara
Piura
Perú</description>
                <styleUrl>#5063</styleUrl>
                <Point id="5061">
                    <coordinates>-81.2567329,-4.5886996,0.0</coordinates>
                </Point>
            </Placemark>
        </Folder>
        <Folder id="5066">
            <Style id="5069">
                <IconStyle id="5070">
                    <color>ff008000</color>
                    <colorMode>normal</colorMode>
                    <scale>1</scale>
                    <heading>0</heading>
                    <Icon id="5071">
                        <href>http://maps.google.com/mapfiles/kml/pushpin/ylw-pushpin.png</href>
                    </Icon>
                </IconStyle>
            </Style>
            <Style id="5074">
                <IconStyle id="5075">
                    <color>ff008000</color>
                    <colorMode>normal</colorMode>
                    <scale>1</scale>
                    <heading>0</heading>
                    <Icon id="5076">
                        <href>http://maps.google.com/mapfiles/kml/pushpin/ylw-pushpin.png</href>
                    </Icon>
                </IconStyle>
            </Style>
            <Style id="5079">
                <IconStyle id="5080">
                    <color>ff008000</color>
                    <colorMode>normal</colorMode>
                    <scale>1</scale>
                    <heading>0</heading>
                    <Icon id="5081">
                        <href>http://maps.google.com/mapfiles/kml/pushpin/ylw-pushpin.png</href>
                    </Icon>
                </IconStyle>
            </Style>
            <Style id="5084">
                <IconStyle id="5085">
                    <color>ff008000</color>
                    <colorMode>normal</colorMode>
                    <scale>1</scale>
                    <heading>0</heading>
                    <Icon id="5086">
                        <href>http://maps.google.com/mapfiles/kml/pushpin/ylw-pushpin.png</href>
                    </Icon>
                </IconStyle>
            </Style>
            <Style id="5089">
                <IconStyle id="5090">
                    <color>ff008000</color>
                    <colorMode>normal</colorMode>
                    <scale>1</scale>
                    <heading>0</heading>
                    <Icon id="5091">
                        <href>http://maps.google.com/mapfiles/kml/pushpin/ylw-pushpin.png</href>
                    </Icon>
                </IconStyle>
            </Style>
            <Style id="5094">
                <IconStyle id="5095">
                    <color>ff008000</color>
                    <colorMode>normal</colorMode>
                    <scale>1</scale>
                    <heading>0</heading>
                    <Icon id="5096">
                        <href>http://maps.google.com/mapfiles/kml/pushpin/ylw-pushpin.png</href>
                    </Icon>
                </IconStyle>
            </Style>
            <Style id="5099">
                <IconStyle id="5100">
                    <color>ff008000</color>
                    <colorMode>normal</colorMode>
                    <scale>1</scale>
                    <heading>0</heading>
                    <Icon id="5101">
                        <href>http://maps.google.com/mapfiles/kml/pushpin/ylw-pushpin.png</href>
                    </Icon>
                </IconStyle>
            </Style>
            <Style id="5104">
                <IconStyle id="5105">
                    <color>ff008000</color>
                    <colorMode>normal</colorMode>
                    <scale>1</scale>
                    <heading>0</heading>
                    <Icon id="5106">
                        <href>http://maps.google.com/mapfiles/kml/pushpin/ylw-pushpin.png</href>
                    </Icon>
                </IconStyle>
            </Style>
            <Style id="5109">
                <IconStyle id="5110">
                    <color>ff008000</color>
                    <colorMode>normal</colorMode>
                    <scale>1</scale>
                    <heading>0</heading>
                    <Icon id="5111">
                        <href>http://maps.google.com/mapfiles/kml/pushpin/ylw-pushpin.png</href>
                    </Icon>
                </IconStyle>
            </Style>
            <Style id="5114">
                <IconStyle id="5115">
                    <color>ff008000</color>
                    <colorMode>normal</colorMode>
                    <scale>1</scale>
                    <heading>0</heading>
                    <Icon id="5116">
                        <href>http://maps.google.com/mapfiles/kml/pushpin/ylw-pushpin.png</href>
                    </Icon>
                </IconStyle>
            </Style>
            <Style id="5119">
                <IconStyle id="5120">
                    <color>ff008000</color>
                    <colorMode>normal</colorMode>
                    <scale>1</scale>
                    <heading>0</heading>
                    <Icon id="5121">
                        <href>http://maps.google.com/mapfiles/kml/pushpin/ylw-pushpin.png</href>
                    </Icon>
                </IconStyle>
            </Style>
            <Style id="5124">
                <IconStyle id="5125">
                    <color>ff008000</color>
                    <colorMode>normal</colorMode>
                    <scale>1</scale>
                    <heading>0</heading>
                    <Icon id="5126">
                        <href>http://maps.google.com/mapfiles/kml/pushpin/ylw-pushpin.png</href>
                    </Icon>
                </IconStyle>
            </Style>
            <Style id="5129">
                <IconStyle id="5130">
                    <color>ff008000</color>
                    <colorMode>normal</colorMode>
                    <scale>1</scale>
                    <heading>0</heading>
                    <Icon id="5131">
                        <href>http://maps.google.com/mapfiles/kml/pushpin/ylw-pushpin.png</href>
                    </Icon>
                </IconStyle>
            </Style>
            <Style id="5134">
                <IconStyle id="5135">
                    <color>ff008000</color>
                    <colorMode>normal</colorMode>
                    <scale>1</scale>
                    <heading>0</heading>
                    <Icon id="5136">
                        <href>http://maps.google.com/mapfiles/kml/pushpin/ylw-pushpin.png</href>
                    </Icon>
                </IconStyle>
            </Style>
            <Style id="5139">
                <IconStyle id="5140">
                    <color>ff008000</color>
                    <colorMode>normal</colorMode>
                    <scale>1</scale>
                    <heading>0</heading>
                    <Icon id="5141">
                        <href>http://maps.google.com/mapfiles/kml/pushpin/ylw-pushpin.png</href>
                    </Icon>
                </IconStyle>
            </Style>
            <Style id="5144">
                <IconStyle id="5145">
                    <color>ff008000</color>
                    <colorMode>normal</colorMode>
                    <scale>1</scale>
                    <heading>0</heading>
                    <Icon id="5146">
                        <href>http://maps.google.com/mapfiles/kml/pushpin/ylw-pushpin.png</href>
                    </Icon>
                </IconStyle>
            </Style>
            <Style id="5149">
                <IconStyle id="5150">
                    <color>ff008000</color>
                    <colorMode>normal</colorMode>
                    <scale>1</scale>
                    <heading>0</heading>
                    <Icon id="5151">
                        <href>http://maps.google.com/mapfiles/kml/pushpin/ylw-pushpin.png</href>
                    </Icon>
                </IconStyle>
            </Style>
            <Style id="5154">
                <IconStyle id="5155">
                    <color>ff008000</color>
                    <colorMode>normal</colorMode>
                    <scale>1</scale>
                    <heading>0</heading>
                    <Icon id="5156">
                        <href>http://maps.google.com/mapfiles/kml/pushpin/ylw-pushpin.png</href>
                    </Icon>
                </IconStyle>
            </Style>
            <Style id="5159">
                <IconStyle id="5160">
                    <color>ff008000</color>
                    <colorMode>normal</colorMode>
                    <scale>1</scale>
                    <heading>0</heading>
                    <Icon id="5161">
                        <href>http://maps.google.com/mapfiles/kml/pushpin/ylw-pushpin.png</href>
                    </Icon>
                </IconStyle>
            </Style>
            <Style id="5164">
                <IconStyle id="5165">
                    <color>ff008000</color>
                    <colorMode>normal</colorMode>
                    <scale>1</scale>
                    <heading>0</heading>
                    <Icon id="5166">
                        <href>http://maps.google.com/mapfiles/kml/pushpin/ylw-pushpin.png</href>
                    </Icon>
                </IconStyle>
            </Style>
            <Style id="5169">
                <IconStyle id="5170">
                    <color>ff008000</color>
                    <colorMode>normal</colorMode>
                    <scale>1</scale>
                    <heading>0</heading>
                    <Icon id="5171">
                        <href>http://maps.google.com/mapfiles/kml/pushpin/ylw-pushpin.png</href>
                    </Icon>
                </IconStyle>
            </Style>
            <Style id="5174">
                <IconStyle id="5175">
                    <color>ff008000</color>
                    <colorMode>normal</colorMode>
                    <scale>1</scale>
                    <heading>0</heading>
                    <Icon id="5176">
                        <href>http://maps.google.com/mapfiles/kml/pushpin/ylw-pushpin.png</href>
                    </Icon>
                </IconStyle>
            </Style>
            <Style id="5179">
                <IconStyle id="5180">
                    <color>ff008000</color>
                    <colorMode>normal</colorMode>
                    <scale>1</scale>
                    <heading>0</heading>
                    <Icon id="5181">
                        <href>http://maps.google.com/mapfiles/kml/pushpin/ylw-pushpin.png</href>
                    </Icon>
                </IconStyle>
            </Style>
            <Style id="5184">
                <IconStyle id="5185">
                    <color>ff008000</color>
                    <colorMode>normal</colorMode>
                    <scale>1</scale>
                    <heading>0</heading>
                    <Icon id="5186">
                        <href>http://maps.google.com/mapfiles/kml/pushpin/ylw-pushpin.png</href>
                    </Icon>
                </IconStyle>
            </Style>
            <Style id="5189">
                <IconStyle id="5190">
                    <color>ff008000</color>
                    <colorMode>normal</colorMode>
                    <scale>1</scale>
                    <heading>0</heading>
                    <Icon id="5191">
                        <href>http://maps.google.com/mapfiles/kml/pushpin/ylw-pushpin.png</href>
                    </Icon>
                </IconStyle>
            </Style>
            <Style id="5194">
                <IconStyle id="5195">
                    <color>ff008000</color>
                    <colorMode>normal</colorMode>
                    <scale>1</scale>
                    <heading>0</heading>
                    <Icon id="5196">
                        <href>http://maps.google.com/mapfiles/kml/pushpin/ylw-pushpin.png</href>
                    </Icon>
                </IconStyle>
            </Style>
            <Style id="5199">
                <IconStyle id="5200">
                    <color>ff008000</color>
                    <colorMode>normal</colorMode>
                    <scale>1</scale>
                    <heading>0</heading>
                    <Icon id="5201">
                        <href>http://maps.google.com/mapfiles/kml/pushpin/ylw-pushpin.png</href>
                    </Icon>
                </IconStyle>
            </Style>
            <Style id="5204">
                <IconStyle id="5205">
                    <color>ff008000</color>
                    <colorMode>normal</colorMode>
                    <scale>1</scale>
                    <heading>0</heading>
                    <Icon id="5206">
                        <href>http://maps.google.com/mapfiles/kml/pushpin/ylw-pushpin.png</href>
                    </Icon>
                </IconStyle>
            </Style>
            <Style id="5209">
                <IconStyle id="5210">
                    <color>ff008000</color>
                    <colorMode>normal</colorMode>
                    <scale>1</scale>
                    <heading>0</heading>
                    <Icon id="5211">
                        <href>http://maps.google.com/mapfiles/kml/pushpin/ylw-pushpin.png</href>
                    </Icon>
                </IconStyle>
            </Style>
            <Style id="5214">
                <IconStyle id="5215">
                    <color>ff008000</color>
                    <colorMode>normal</colorMode>
                    <scale>1</scale>
                    <heading>0</heading>
                    <Icon id="5216">
                        <href>http://maps.google.com/mapfiles/kml/pushpin/ylw-pushpin.png</href>
                    </Icon>
                </IconStyle>
            </Style>
            <Style id="5219">
                <IconStyle id="5220">
                    <color>ff008000</color>
                    <colorMode>normal</colorMode>
                    <scale>1</scale>
                    <heading>0</heading>
                    <Icon id="5221">
                        <href>http://maps.google.com/mapfiles/kml/pushpin/ylw-pushpin.png</href>
                    </Icon>
                </IconStyle>
            </Style>
            <Style id="5224">
                <IconStyle id="5225">
                    <color>ff008000</color>
                    <colorMode>normal</colorMode>
                    <scale>1</scale>
                    <heading>0</heading>
                    <Icon id="5226">
                        <href>http://maps.google.com/mapfiles/kml/pushpin/ylw-pushpin.png</href>
                    </Icon>
                </IconStyle>
            </Style>
            <Style id="5229">
                <IconStyle id="5230">
                    <color>ff008000</color>
                    <colorMode>normal</colorMode>
                    <scale>1</scale>
                    <heading>0</heading>
                    <Icon id="5231">
                        <href>http://maps.google.com/mapfiles/kml/pushpin/ylw-pushpin.png</href>
                    </Icon>
                </IconStyle>
            </Style>
            <Style id="5234">
                <IconStyle id="5235">
                    <color>ff008000</color>
                    <colorMode>normal</colorMode>
                    <scale>1</scale>
                    <heading>0</heading>
                    <Icon id="5236">
                        <href>http://maps.google.com/mapfiles/kml/pushpin/ylw-pushpin.png</href>
                    </Icon>
                </IconStyle>
            </Style>
            <Style id="5239">
                <IconStyle id="5240">
                    <color>ff008000</color>
                    <colorMode>normal</colorMode>
                    <scale>1</scale>
                    <heading>0</heading>
                    <Icon id="5241">
                        <href>http://maps.google.com/mapfiles/kml/pushpin/ylw-pushpin.png</href>
                    </Icon>
                </IconStyle>
            </Style>
            <Style id="5244">
                <IconStyle id="5245">
                    <color>ff008000</color>
                    <colorMode>normal</colorMode>
                    <scale>1</scale>
                    <heading>0</heading>
                    <Icon id="5246">
                        <href>http://maps.google.com/mapfiles/kml/pushpin/ylw-pushpin.png</href>
                    </Icon>
                </IconStyle>
            </Style>
            <Style id="5249">
                <IconStyle id="5250">
                    <color>ff008000</color>
                    <colorMode>normal</colorMode>
                    <scale>1</scale>
                    <heading>0</heading>
                    <Icon id="5251">
                        <href>http://maps.google.com/mapfiles/kml/pushpin/ylw-pushpin.png</href>
                    </Icon>
                </IconStyle>
            </Style>
            <Style id="5254">
                <IconStyle id="5255">
                    <color>ff008000</color>
                    <colorMode>normal</colorMode>
                    <scale>1</scale>
                    <heading>0</heading>
                    <Icon id="5256">
                        <href>http://maps.google.com/mapfiles/kml/pushpin/ylw-pushpin.png</href>
                    </Icon>
                </IconStyle>
            </Style>
            <Style id="5259">
                <IconStyle id="5260">
                    <color>ff008000</color>
                    <colorMode>normal</colorMode>
                    <scale>1</scale>
                    <heading>0</heading>
                    <Icon id="5261">
                        <href>http://maps.google.com/mapfiles/kml/pushpin/ylw-pushpin.png</href>
                    </Icon>
                </IconStyle>
            </Style>
            <name>JACIEL MOGOLLON ALVARADO</name>
            <Placemark id="5068">
                <name>JESUS FELIPE PLASENCIA REGALADO</name>
                <description>MERCADO MAYORISTA CEBOLLERO
Sullana
Sullana
Piura
Perú</description>
                <styleUrl>#5069</styleUrl>
                <Point id="5067">
                    <coordinates>-80.6794409,-4.9130793,0.0</coordinates>
                </Point>
            </Placemark>
            <Placemark id="5073">
                <name>THALIA YASMIN CALDERON ABAD</name>
                <description>THALIA YASMIN CALDERON ABAD
MCDO MAYORISTA CEBOLLERO(X PALOMINO)
Sullana
Sullana
Piura
Perú</description>
                <styleUrl>#5074</styleUrl>
                <Point id="5072">
                    <coordinates>-80.679097,-4.9153202,0.0</coordinates>
                </Point>
            </Placemark>
            <Placemark id="5078">
                <name>MARCHENA TACURE CRISTINO</name>
                <description>MARCHENA TACURE CRISTINO
Calle amotape 1093 9 de octubre
Sullana
Sullana
Piura
Perú</description>
                <styleUrl>#5079</styleUrl>
                <Point id="5077">
                    <coordinates>-80.678857,-4.9088799,0.0</coordinates>
                </Point>
            </Placemark>
            <Placemark id="5083">
                <name>THALIA YASMIN CALDERON ABAD</name>
                <description>THALIA YASMIN CALDERON ABAD
MCDO MAYORISTA CEBOLLERO(X PALOMINO)
Sullana
Sullana
Piura
Perú</description>
                <styleUrl>#5084</styleUrl>
                <Point id="5082">
                    <coordinates>-80.679097,-4.9153202,0.0</coordinates>
                </Point>
            </Placemark>
            <Placemark id="5088">
                <name>JOSE PORFIRIO ANDRADE ESPINOZA</name>
                <description>Calle Bernardo alcedo 250
Sullana
Sullana
Piura
Perú</description>
                <styleUrl>#5089</styleUrl>
                <Point id="5087">
                    <coordinates>-80.6831591,-4.8920828,0.0</coordinates>
                </Point>
            </Placemark>
            <Placemark id="5093">
                <name>VASQUEZ REYES YESSICA PATRICIA</name>
                <description>VASQUEZ REYES YESSICA PATRICIA
MZA. DLOTE 01 PARQUE INDUSTRIAL ( EX TERMINAL PESQUERO ) PIURA - SULLANA 
Sullana
-Sullana
Piura
Perú</description>
                <styleUrl>#5094</styleUrl>
                <Point id="5092">
                    <coordinates>-80.678827,-4.9152949,0.0</coordinates>
                </Point>
            </Placemark>
            <Placemark id="5098">
                <name>JOSE MANUEL CHUNGA PAICO</name>
                <description>SECT LA PUNTA S/N MCDO BELLAVISTA frente al pescado
Sullana
Sullana
Piura
Perú</description>
                <styleUrl>#5099</styleUrl>
                <Point id="5097">
                    <coordinates>-80.682319,-4.8934019,0.0</coordinates>
                </Point>
            </Placemark>
            <Placemark id="5103">
                <name>BERTHA MARINA BURNEO ARIAS</name>
                <description>BERTHA MARINA BURNEO ARIAS
CA. JOSE MARIA RAYGADA N.189 CA.9 D
Sullana
Sullana
Piura
Perú</description>
                <styleUrl>#5104</styleUrl>
                <Point id="5102">
                    <coordinates>-80.6800951,-4.9031067,0.0</coordinates>
                </Point>
            </Placemark>
            <Placemark id="5108">
                <name>GODOS ALMESTAR MARIA JUANA</name>
                <description>Ah 9 de octubre
Sullana
Sullana
Piura
Perú</description>
                <styleUrl>#5109</styleUrl>
                <Point id="5107">
                    <coordinates>-80.6803415,-4.903177,0.0</coordinates>
                </Point>
            </Placemark>
            <Placemark id="5113">
                <name>ASCENCIO NAVELIZA ROJAS VDA.DE</name>
                <description>ASCENCIO NAVELIZA ROJAS VDA.DE
JOSE M. RAYGADA 368-9 DE OCTUBRE
Sullana
Sullana
Piura
Perú</description>
                <styleUrl>#5114</styleUrl>
                <Point id="5112">
                    <coordinates>-80.6783791,-4.9028581,0.0</coordinates>
                </Point>
            </Placemark>
            <Placemark id="5118">
                <name>NANCY CONCEPCION GALVEZ SAAVEDRA</name>
                <description>Calle San Pedro 289 9 de octubre sullana
Sullana
Sullana
Piura
Perú</description>
                <styleUrl>#5119</styleUrl>
                <Point id="5117">
                    <coordinates>-80.6741185,-4.9026606,0.0</coordinates>
                </Point>
            </Placemark>
            <Placemark id="5123">
                <name>DORA ALICIA REYES AVALOS</name>
                <description>Calle San Pedro 315 9 de octubre sullana
Sullana
Sullana
Piura
Perú</description>
                <styleUrl>#5124</styleUrl>
                <Point id="5122">
                    <coordinates>-80.6740686,-4.9031617,0.0</coordinates>
                </Point>
            </Placemark>
            <Placemark id="5128">
                <name>FANNY SANTUR ABAD</name>
                <description>FANNY SANTUR ABAD
CA.SAN PEDRO 300 AA. HH9 DE OCTUBRE
Sullana
Sullana
Piura
Perú</description>
                <styleUrl>#5129</styleUrl>
                <Point id="5127">
                    <coordinates>-80.6742851,-4.9027935,0.0</coordinates>
                </Point>
            </Placemark>
            <Placemark id="5133">
                <name>ADELAIDA CASTILLO CRUZ</name>
                <description>CA.SAN JUAN N269 AA. HH 09 DE OCTUB
Sullana
Sullana
Piura
Perú</description>
                <styleUrl>#5134</styleUrl>
                <Point id="5132">
                    <coordinates>-80.6751431,-4.9029557,0.0</coordinates>
                </Point>
            </Placemark>
            <Placemark id="5138">
                <name>MARY FIDELIA BALCAZAR AGUILAR</name>
                <description>CA.VICHAYAL N498 AA. HH 09 DE OCTUB
Sullana
Sullana
Piura
Perú</description>
                <styleUrl>#5139</styleUrl>
                <Point id="5137">
                    <coordinates>-80.6762281,-4.9047494,0.0</coordinates>
                </Point>
            </Placemark>
            <Placemark id="5143">
                <name>CARMEN PUGA FLORES</name>
                <description>Calle Agusto belegia 442
Sullana
Sullana
Piura
Perú</description>
                <styleUrl>#5144</styleUrl>
                <Point id="5142">
                    <coordinates>-80.6772852,-4.9043534,0.0</coordinates>
                </Point>
            </Placemark>
            <Placemark id="5148">
                <name>JUAN MANUEL GIRON CARMEN</name>
                <description>JUAN MANUEL GIRON CARMEN
CA.AUGUSTO B LEGUIA 445
Sullana
Sullana
Piura
Perú</description>
                <styleUrl>#5149</styleUrl>
                <Point id="5147">
                    <coordinates>-80.6773783,-4.904575,0.0</coordinates>
                </Point>
            </Placemark>
            <Placemark id="5153">
                <name>NANCY URBINA YACILA</name>
                <description>NANCY URBINA YACILA
CA.A.B. LEGUIA 333 9 DE OCTUBRE S
Sullana
Sullana
Piura
Perú</description>
                <styleUrl>#5154</styleUrl>
                <Point id="5152">
                    <coordinates>-80.6782644,-4.9046767,0.0</coordinates>
                </Point>
            </Placemark>
            <Placemark id="5158">
                <name>YENI DEL ROCIO MENDOZA RODRIGUEZ</name>
                <description>CA.AMOTAPE 499 AA. HH 9 DE OCTUBRE
Sullana
Sullana
Piura
Perú</description>
                <styleUrl>#5159</styleUrl>
                <Point id="5157">
                    <coordinates>-80.6791164,-4.9052701,0.0</coordinates>
                </Point>
            </Placemark>
            <Placemark id="5163">
                <name>FARFAN ELENA CASTILLO DE</name>
                <description>FARFAN ELENA CASTILLO DE
CA.TALARA - AA. HH 09 DE OCTUBRE 199
Sullana
Sullana
Piura
Perú</description>
                <styleUrl>#5164</styleUrl>
                <Point id="5162">
                    <coordinates>-80.678456,-4.909716,0.0</coordinates>
                </Point>
            </Placemark>
            <Placemark id="5168">
                <name>MARIA HAYDEE AGUIRRE MORALES</name>
                <description>Túpac Amaru 406
Sullana
Sullana
Piura
Perú</description>
                <styleUrl>#5169</styleUrl>
                <Point id="5167">
                    <coordinates>-80.676876,-4.9062497,0.0</coordinates>
                </Point>
            </Placemark>
            <Placemark id="5173">
                <name>RUBEN MESTANZA TAPIA</name>
                <description>CA.RICARDO PALMA N909 AA. HH JESUSMARIA - SULLANA
Sullana
Sullana
Piura
Perú</description>
                <styleUrl>#5174</styleUrl>
                <Point id="5172">
                    <coordinates>-80.6726599,-4.9069218,0.0</coordinates>
                </Point>
            </Placemark>
            <Placemark id="5178">
                <name>LEYSI ALVARADO CALLE</name>
                <description>CALLE SAN PEDRO MZ B2 LOTE 28
Sullana
Sullana
Piura
Perú</description>
                <styleUrl>#5179</styleUrl>
                <Point id="5177">
                    <coordinates>-80.6723977,-4.9105973,0.0</coordinates>
                </Point>
            </Placemark>
            <Placemark id="5183">
                <name>ODALIS ALVARADO CALLE</name>
                <description>CA.TRES 59 U.P. VILA LA PAZ
Sullana

Piura
Perú</description>
                <styleUrl>#5184</styleUrl>
                <Point id="5182">
                    <coordinates>-80.668464,-4.912038,0.0</coordinates>
                </Point>
            </Placemark>
            <Placemark id="5188">
                <name>GLADIS MULATILLO ABAD</name>
                <description>CA.LOS PINOS MZ 0E LT 02
Sullana

Piura
Perú</description>
                <styleUrl>#5189</styleUrl>
                <Point id="5187">
                    <coordinates>-80.668401,-4.912024,0.0</coordinates>
                </Point>
            </Placemark>
            <Placemark id="5193">
                <name>ESPINOZA REYES REYNA</name>
                <description>CA.EL ANGEL D4 1 LOS OLIVOS
Sullana
Sullana
Piura
Perú</description>
                <styleUrl>#5194</styleUrl>
                <Point id="5192">
                    <coordinates>-80.663622,-4.919541,0.0</coordinates>
                </Point>
            </Placemark>
            <Placemark id="5198">
                <name>LUZ EDILCIA CHUQUIHUANCA BERRU</name>
                <description>Calle los Ángeles MZ 5 LOTE 8 los olivos
Sullana
Sullana
Piura
Perú</description>
                <styleUrl>#5199</styleUrl>
                <Point id="5197">
                    <coordinates>-80.6628458,-4.9206851,0.0</coordinates>
                </Point>
            </Placemark>
            <Placemark id="5203">
                <name>JAJAIRA ALESSANDRA DEL AGUILA PRADO</name>
                <description>Luz y vida mzE lote2
Sullana
Sullana
Piura
Perú</description>
                <styleUrl>#5204</styleUrl>
                <Point id="5202">
                    <coordinates>-80.6618972,-4.927245,0.0</coordinates>
                </Point>
            </Placemark>
            <Placemark id="5208">
                <name>JULIO CESAR LIZANO ACARO</name>
                <description>Av Jaime Bardales MZ G1 LT 15 AA.HH los Olivos
Sullana
Sullana
Piura
Perú</description>
                <styleUrl>#5209</styleUrl>
                <Point id="5207">
                    <coordinates>-80.6618689,-4.9200727,0.0</coordinates>
                </Point>
            </Placemark>
            <Placemark id="5213">
                <name>JUANA EMILIA SALES VILLALTA</name>
                <description>Victor Raúl MZ e lote 8 Olivos
Sullana
Sullana
Piura
Perú</description>
                <styleUrl>#5214</styleUrl>
                <Point id="5212">
                    <coordinates>-80.6623921,-4.9192258,0.0</coordinates>
                </Point>
            </Placemark>
            <Placemark id="5218">
                <name>JUANITA MAZA NIMA</name>
                <description>CA.SAN PEDRO 920 AA. HH9 DE OCTUBRE
Sullana
Sullana
Piura
Perú</description>
                <styleUrl>#5219</styleUrl>
                <Point id="5217">
                    <coordinates>-80.6731826,-4.9073513,0.0</coordinates>
                </Point>
            </Placemark>
            <Placemark id="5223">
                <name>REINA ROSSANA PULACHE PULACHE</name>
                <description>CA.VICHAYAL 844 AA. HH 9 DE OCTUBRE-SULLANA
Sullana
Sullana
Piura
Perú</description>
                <styleUrl>#5224</styleUrl>
                <Point id="5222">
                    <coordinates>-80.6758287,-4.9068468,0.0</coordinates>
                </Point>
            </Placemark>
            <Placemark id="5228">
                <name>MARCHENA TACURE CRISTINO</name>
                <description>MARCHENA TACURE CRISTINO
Calle amotape 1093 9 de octubre
Sullana
Sullana
Piura
Perú</description>
                <styleUrl>#5229</styleUrl>
                <Point id="5227">
                    <coordinates>-80.678857,-4.9088799,0.0</coordinates>
                </Point>
            </Placemark>
            <Placemark id="5233">
                <name>MELISA DEL ROCIO CASQUERO CARMEN</name>
                <description>TRANSV.13 DICIEMBRE 425 9 DE OCTUBRE
Sullana
Sullana
Piura
Perú</description>
                <styleUrl>#5234</styleUrl>
                <Point id="5232">
                    <coordinates>-80.6771363,-4.9098495,0.0</coordinates>
                </Point>
            </Placemark>
            <Placemark id="5238">
                <name>ANDREA SANCHEZ SARANGO</name>
                <description>ANDREA SANCHEZ SARANGO
CA.SAENZ PEÑA 584 AA. HH 9 DE OCTUB
Sullana
Sullana
Piura
Perú</description>
                <styleUrl>#5239</styleUrl>
                <Point id="5237">
                    <coordinates>-80.6759235,-4.9102055,0.0</coordinates>
                </Point>
            </Placemark>
            <Placemark id="5243">
                <name>MARIA CALLE CORDOVA</name>
                <description>Calle San Juan 1420
Sullana
Sullana
Piura
Perú</description>
                <styleUrl>#5244</styleUrl>
                <Point id="5242">
                    <coordinates>-80.6735603,-4.9106668,0.0</coordinates>
                </Point>
            </Placemark>
            <Placemark id="5248">
                <name>LOCADIA CULQUICONDOR BERNAL</name>
                <description>LOCADIA CULQUICONDOR BERNAL
TRANSV.MIGUEL GRAU MZ Ñ LT 9 DE OCT
Sullana
Sullana
Piura
Perú</description>
                <styleUrl>#5249</styleUrl>
                <Point id="5247">
                    <coordinates>-80.673777,-4.9117647,0.0</coordinates>
                </Point>
            </Placemark>
            <Placemark id="5253">
                <name>JESUS FELIPE PLASENCIA REGALADO</name>
                <description>MERCADO MAYORISTA CEBOLLERO
Sullana
Sullana
Piura
Perú</description>
                <styleUrl>#5254</styleUrl>
                <Point id="5252">
                    <coordinates>-80.6794409,-4.9130793,0.0</coordinates>
                </Point>
            </Placemark>
            <Placemark id="5258">
                <name>COMERCIAL F &amp; S DEL NORTE E.I.R.L.</name>
                <description>COMERCIAL F &amp; S DEL NORTE E.I.R.L.
MCDO B.AIRES 13 CEBOLLERO
Sullana
200601Sullana
Piura
Perú</description>
                <styleUrl>#5259</styleUrl>
                <Point id="5257">
                    <coordinates>-80.6774123,-4.9156459,0.0</coordinates>
                </Point>
            </Placemark>
        </Folder>
        <Folder id="5262">
            <Style id="5265">
                <IconStyle id="5266">
                    <color>ff800080</color>
                    <colorMode>normal</colorMode>
                    <scale>1</scale>
                    <heading>0</heading>
                    <Icon id="5267">
                        <href>http://maps.google.com/mapfiles/kml/pushpin/ylw-pushpin.png</href>
                    </Icon>
                </IconStyle>
            </Style>
            <Style id="5270">
                <IconStyle id="5271">
                    <color>ff800080</color>
                    <colorMode>normal</colorMode>
                    <scale>1</scale>
                    <heading>0</heading>
                    <Icon id="5272">
                        <href>http://maps.google.com/mapfiles/kml/pushpin/ylw-pushpin.png</href>
                    </Icon>
                </IconStyle>
            </Style>
            <Style id="5275">
                <IconStyle id="5276">
                    <color>ff800080</color>
                    <colorMode>normal</colorMode>
                    <scale>1</scale>
                    <heading>0</heading>
                    <Icon id="5277">
                        <href>http://maps.google.com/mapfiles/kml/pushpin/ylw-pushpin.png</href>
                    </Icon>
                </IconStyle>
            </Style>
            <Style id="5280">
                <IconStyle id="5281">
                    <color>ff800080</color>
                    <colorMode>normal</colorMode>
                    <scale>1</scale>
                    <heading>0</heading>
                    <Icon id="5282">
                        <href>http://maps.google.com/mapfiles/kml/pushpin/ylw-pushpin.png</href>
                    </Icon>
                </IconStyle>
            </Style>
            <Style id="5285">
                <IconStyle id="5286">
                    <color>ff800080</color>
                    <colorMode>normal</colorMode>
                    <scale>1</scale>
                    <heading>0</heading>
                    <Icon id="5287">
                        <href>http://maps.google.com/mapfiles/kml/pushpin/ylw-pushpin.png</href>
                    </Icon>
                </IconStyle>
            </Style>
            <Style id="5290">
                <IconStyle id="5291">
                    <color>ff800080</color>
                    <colorMode>normal</colorMode>
                    <scale>1</scale>
                    <heading>0</heading>
                    <Icon id="5292">
                        <href>http://maps.google.com/mapfiles/kml/pushpin/ylw-pushpin.png</href>
                    </Icon>
                </IconStyle>
            </Style>
            <Style id="5295">
                <IconStyle id="5296">
                    <color>ff800080</color>
                    <colorMode>normal</colorMode>
                    <scale>1</scale>
                    <heading>0</heading>
                    <Icon id="5297">
                        <href>http://maps.google.com/mapfiles/kml/pushpin/ylw-pushpin.png</href>
                    </Icon>
                </IconStyle>
            </Style>
            <Style id="5300">
                <IconStyle id="5301">
                    <color>ff800080</color>
                    <colorMode>normal</colorMode>
                    <scale>1</scale>
                    <heading>0</heading>
                    <Icon id="5302">
                        <href>http://maps.google.com/mapfiles/kml/pushpin/ylw-pushpin.png</href>
                    </Icon>
                </IconStyle>
            </Style>
            <Style id="5305">
                <IconStyle id="5306">
                    <color>ff800080</color>
                    <colorMode>normal</colorMode>
                    <scale>1</scale>
                    <heading>0</heading>
                    <Icon id="5307">
                        <href>http://maps.google.com/mapfiles/kml/pushpin/ylw-pushpin.png</href>
                    </Icon>
                </IconStyle>
            </Style>
            <Style id="5310">
                <IconStyle id="5311">
                    <color>ff800080</color>
                    <colorMode>normal</colorMode>
                    <scale>1</scale>
                    <heading>0</heading>
                    <Icon id="5312">
                        <href>http://maps.google.com/mapfiles/kml/pushpin/ylw-pushpin.png</href>
                    </Icon>
                </IconStyle>
            </Style>
            <Style id="5315">
                <IconStyle id="5316">
                    <color>ff800080</color>
                    <colorMode>normal</colorMode>
                    <scale>1</scale>
                    <heading>0</heading>
                    <Icon id="5317">
                        <href>http://maps.google.com/mapfiles/kml/pushpin/ylw-pushpin.png</href>
                    </Icon>
                </IconStyle>
            </Style>
            <Style id="5320">
                <IconStyle id="5321">
                    <color>ff800080</color>
                    <colorMode>normal</colorMode>
                    <scale>1</scale>
                    <heading>0</heading>
                    <Icon id="5322">
                        <href>http://maps.google.com/mapfiles/kml/pushpin/ylw-pushpin.png</href>
                    </Icon>
                </IconStyle>
            </Style>
            <Style id="5325">
                <IconStyle id="5326">
                    <color>ff800080</color>
                    <colorMode>normal</colorMode>
                    <scale>1</scale>
                    <heading>0</heading>
                    <Icon id="5327">
                        <href>http://maps.google.com/mapfiles/kml/pushpin/ylw-pushpin.png</href>
                    </Icon>
                </IconStyle>
            </Style>
            <Style id="5330">
                <IconStyle id="5331">
                    <color>ff800080</color>
                    <colorMode>normal</colorMode>
                    <scale>1</scale>
                    <heading>0</heading>
                    <Icon id="5332">
                        <href>http://maps.google.com/mapfiles/kml/pushpin/ylw-pushpin.png</href>
                    </Icon>
                </IconStyle>
            </Style>
            <Style id="5335">
                <IconStyle id="5336">
                    <color>ff800080</color>
                    <colorMode>normal</colorMode>
                    <scale>1</scale>
                    <heading>0</heading>
                    <Icon id="5337">
                        <href>http://maps.google.com/mapfiles/kml/pushpin/ylw-pushpin.png</href>
                    </Icon>
                </IconStyle>
            </Style>
            <Style id="5340">
                <IconStyle id="5341">
                    <color>ff800080</color>
                    <colorMode>normal</colorMode>
                    <scale>1</scale>
                    <heading>0</heading>
                    <Icon id="5342">
                        <href>http://maps.google.com/mapfiles/kml/pushpin/ylw-pushpin.png</href>
                    </Icon>
                </IconStyle>
            </Style>
            <Style id="5345">
                <IconStyle id="5346">
                    <color>ff800080</color>
                    <colorMode>normal</colorMode>
                    <scale>1</scale>
                    <heading>0</heading>
                    <Icon id="5347">
                        <href>http://maps.google.com/mapfiles/kml/pushpin/ylw-pushpin.png</href>
                    </Icon>
                </IconStyle>
            </Style>
            <Style id="5350">
                <IconStyle id="5351">
                    <color>ff800080</color>
                    <colorMode>normal</colorMode>
                    <scale>1</scale>
                    <heading>0</heading>
                    <Icon id="5352">
                        <href>http://maps.google.com/mapfiles/kml/pushpin/ylw-pushpin.png</href>
                    </Icon>
                </IconStyle>
            </Style>
            <Style id="5355">
                <IconStyle id="5356">
                    <color>ff800080</color>
                    <colorMode>normal</colorMode>
                    <scale>1</scale>
                    <heading>0</heading>
                    <Icon id="5357">
                        <href>http://maps.google.com/mapfiles/kml/pushpin/ylw-pushpin.png</href>
                    </Icon>
                </IconStyle>
            </Style>
            <Style id="5360">
                <IconStyle id="5361">
                    <color>ff800080</color>
                    <colorMode>normal</colorMode>
                    <scale>1</scale>
                    <heading>0</heading>
                    <Icon id="5362">
                        <href>http://maps.google.com/mapfiles/kml/pushpin/ylw-pushpin.png</href>
                    </Icon>
                </IconStyle>
            </Style>
            <Style id="5365">
                <IconStyle id="5366">
                    <color>ff800080</color>
                    <colorMode>normal</colorMode>
                    <scale>1</scale>
                    <heading>0</heading>
                    <Icon id="5367">
                        <href>http://maps.google.com/mapfiles/kml/pushpin/ylw-pushpin.png</href>
                    </Icon>
                </IconStyle>
            </Style>
            <name>JAIRO JOSUE GONZALES GUERRERO</name>
            <Placemark id="5264">
                <name>TORRES PORTILLA ALEJANDRO DAVID</name>
                <description>TORRES PORTILLA ALEJANDRO DAVID
Av España MZ 33 A lote 4- complejo Zarumilla
Aguas Verdes
Aguas Verdes
Tumbes
Perú</description>
                <styleUrl>#5265</styleUrl>
                <Point id="5263">
                    <coordinates>-80.2609831,-3.4848142,0.0</coordinates>
                </Point>
            </Placemark>
            <Placemark id="5269">
                <name>MIRELLA GALECIO ACARO</name>
                <description>Jr manco inca mz 07 lote 25 - campo amor - zarumilla
Zarumilla
Zarumilla
Tumbes
Perú</description>
                <styleUrl>#5270</styleUrl>
                <Point id="5268">
                    <coordinates>-80.272324,-3.493596,0.0</coordinates>
                </Point>
            </Placemark>
            <Placemark id="5274">
                <name>TARCILA HUANCAS SANTOS</name>
                <description>JR lampa mz 11 lote 10 - zarumilla
Zarumilla
24101Zarumilla
Tumbes
Perú</description>
                <styleUrl>#5275</styleUrl>
                <Point id="5273">
                    <coordinates>-80.2773409,-3.491862,0.0</coordinates>
                </Point>
            </Placemark>
            <Placemark id="5279">
                <name>TORRES PORTILLA ALEJANDRO DAVID</name>
                <description>TORRES PORTILLA ALEJANDRO DAVID
Av España MZ 33 A lote 4- complejo Zarumilla
Aguas Verdes
Aguas Verdes
Tumbes
Perú</description>
                <styleUrl>#5280</styleUrl>
                <Point id="5278">
                    <coordinates>-80.2609831,-3.4848142,0.0</coordinates>
                </Point>
            </Placemark>
            <Placemark id="5284">
                <name>ISAMAR SANDOVAL TABOADA</name>
                <description>dirección pasaje  frente al parque
Aguas Verdes
24101Aguas Verdes
Tumbes
Perú</description>
                <styleUrl>#5285</styleUrl>
                <Point id="5283">
                    <coordinates>-80.2617783,-3.4850288,0.0</coordinates>
                </Point>
            </Placemark>
            <Placemark id="5289">
                <name>TORRES PORTILLA ALEJANDRO DAVID</name>
                <description>TORRES PORTILLA ALEJANDRO DAVID
Av España MZ 33 A lote 4- complejo Zarumilla
Aguas Verdes
Aguas Verdes
Tumbes
Perú</description>
                <styleUrl>#5290</styleUrl>
                <Point id="5288">
                    <coordinates>-80.2609831,-3.4848142,0.0</coordinates>
                </Point>
            </Placemark>
            <Placemark id="5294">
                <name>KATHRIN JAZMIN TABOADA NOLE</name>
                <description>Av República del Perú MZ 36 lote 10 Referencia al frente de la picanteria la antonia
Aguas Verdes
Aguas Verdes
Tumbes
Perú</description>
                <styleUrl>#5295</styleUrl>
                <Point id="5293">
                    <coordinates>-80.265301,-3.485605,0.0</coordinates>
                </Point>
            </Placemark>
            <Placemark id="5299">
                <name>EUGENIA PEÑA ALBERCA</name>
                <description>Calle Valparaíso Mza lt 10 pasando 2 cuadras de ex corral de vacas mano derecha
Aguas Verdes
Aguas Verdes
Tumbes
Perú</description>
                <styleUrl>#5300</styleUrl>
                <Point id="5298">
                    <coordinates>-80.2657519,-3.4822605,0.0</coordinates>
                </Point>
            </Placemark>
            <Placemark id="5304">
                <name>CESY DOMITILA FACUNDO LABAN</name>
                <description>Calle Havana mz L tote 15 -  AAHH Alberto Fujimori ref. Al frente de inversiones giltogmar
Aguas Verdes
Aguas Verdes
Tumbes
Perú</description>
                <styleUrl>#5305</styleUrl>
                <Point id="5303">
                    <coordinates>-80.2675705,-3.4832513,0.0</coordinates>
                </Point>
            </Placemark>
            <Placemark id="5309">
                <name>ANA MARIA RAMIREZ ORTIZ</name>
                <description>Jirón buscarán mz B lote - referencia portón negro la cancha - sector 28 de julio ampliación Jose de San Martín
Aguas Verdes
Aguas Verdes
Tumbes
Perú</description>
                <styleUrl>#5310</styleUrl>
                <Point id="5308">
                    <coordinates>-80.2691718,-3.483278,0.0</coordinates>
                </Point>
            </Placemark>
            <Placemark id="5314">
                <name>MARIA MAGDALENA LOPEZ CASTILLO</name>
                <description>Calle el progreso Mz n lt 06 - 28 de julio Referencia una cuadra de rayitos de luz Zarumilla -
Zarumilla
Zarumilla
Tumbes
Perú</description>
                <styleUrl>#5315</styleUrl>
                <Point id="5313">
                    <coordinates>-80.267013,-3.48568,0.0</coordinates>
                </Point>
            </Placemark>
            <Placemark id="5319">
                <name>MARIA DEL PILAR NONAJULCA LALANGUI</name>
                <description>Las Lomas  _ Ref cerca al canal
Tumbes
Tumbes
Tumbes
Perú</description>
                <styleUrl>#5320</styleUrl>
                <Point id="5318">
                    <coordinates>-80.4137641,-3.5800658,0.0</coordinates>
                </Point>
            </Placemark>
            <Placemark id="5324">
                <name>YCELA MARGARITA PEREZ PEREZ</name>
                <description>Calle begonia mz b lt 05 -28 de julio - zarumilla Referencia al espalda del seguro
Aguas Verdes
Aguas Verdes
Tumbes
Perú</description>
                <styleUrl>#5325</styleUrl>
                <Point id="5323">
                    <coordinates>-80.2678571,-3.4880166,0.0</coordinates>
                </Point>
            </Placemark>
            <Placemark id="5329">
                <name>ERIKA DEL ROCIO AVILA SANCHEZ</name>
                <description>Jr próceres s/n - AAHH 28 de julio - zarumilla
Aguas Verdes
Aguas Verdes
Tumbes
Perú</description>
                <styleUrl>#5330</styleUrl>
                <Point id="5328">
                    <coordinates>-80.2654702,-3.4879304,0.0</coordinates>
                </Point>
            </Placemark>
            <Placemark id="5334">
                <name>MARIA YSABEL YARLEQUE REYES</name>
                <description>Calle Girón sucre Mz 17 lt 02
Zarumilla
Zarumilla
Tumbes
Perú</description>
                <styleUrl>#5335</styleUrl>
                <Point id="5333">
                    <coordinates>-80.2727353,-3.4895679,0.0</coordinates>
                </Point>
            </Placemark>
            <Placemark id="5339">
                <name>MIRELLA GALECIO ACARO</name>
                <description>Jr manco inca mz 07 lote 25 - campo amor - zarumilla
Zarumilla
Zarumilla
Tumbes
Perú</description>
                <styleUrl>#5340</styleUrl>
                <Point id="5338">
                    <coordinates>-80.272324,-3.493596,0.0</coordinates>
                </Point>
            </Placemark>
            <Placemark id="5344">
                <name>VILMA TINEO TINEO</name>
                <description>calle Ucayali mz 14 lote 8 - campo amor . ( de la comisaría a la derecha - al frente del pampon porton plomo)
Zarumilla

Tumbes
Perú</description>
                <styleUrl>#5345</styleUrl>
                <Point id="5343">
                    <coordinates>-80.2759022,-3.4903093,0.0</coordinates>
                </Point>
            </Placemark>
            <Placemark id="5349">
                <name>Grimanesa tineo huancas</name>
                <description>Calle ilo Mz e - 18 lote 24 - campo amor - ref. Al frente de la canchita
Zarumilla
Contralmirante Villar
Tumbes
Perú</description>
                <styleUrl>#5350</styleUrl>
                <Point id="5348">
                    <coordinates>-80.273384,-3.489612,0.0</coordinates>
                </Point>
            </Placemark>
            <Placemark id="5354">
                <name>YURI ELIZABETH VALLADOLID CAMPOS</name>
                <description>Av Bogotá MZ o lt14- aahh Alberto Fujimori Zarumilla - completo - alfrente de la camaronera de percy
Aguas Verdes
Aguas Verdes
Tumbes
Perú</description>
                <styleUrl>#5355</styleUrl>
                <Point id="5353">
                    <coordinates>-80.266584,-3.4849163,0.0</coordinates>
                </Point>
            </Placemark>
            <Placemark id="5359">
                <name>FLOR DE MARIA HUAYNA VIVANCO</name>
                <description>Calle el salto s/n - el bendito - zarumilla
Zarumilla

Tumbes
Perú</description>
                <styleUrl>#5360</styleUrl>
                <Point id="5358">
                    <coordinates>-80.316877,-3.452019,0.0</coordinates>
                </Point>
            </Placemark>
            <Placemark id="5364">
                <name>MELVA DIGNA MASIAS HERRERA</name>
                <description>Calle Diego Ferrer 105 - carpitas - mancora Referencia antes del cartel azul puesto aduanero de control quebrada de carpitas
Mancora
Sullana
Piura
Perú</description>
                <styleUrl>#5365</styleUrl>
                <Point id="5363">
                    <coordinates>-80.9629,-4.026148,0.0</coordinates>
                </Point>
            </Placemark>
        </Folder>
        <Folder id="5368">
            <Style id="5371">
                <IconStyle id="5372">
                    <color>ff00a5ff</color>
                    <colorMode>normal</colorMode>
                    <scale>1</scale>
                    <heading>0</heading>
                    <Icon id="5373">
                        <href>http://maps.google.com/mapfiles/kml/pushpin/ylw-pushpin.png</href>
                    </Icon>
                </IconStyle>
            </Style>
            <Style id="5376">
                <IconStyle id="5377">
                    <color>ff00a5ff</color>
                    <colorMode>normal</colorMode>
                    <scale>1</scale>
                    <heading>0</heading>
                    <Icon id="5378">
                        <href>http://maps.google.com/mapfiles/kml/pushpin/ylw-pushpin.png</href>
                    </Icon>
                </IconStyle>
            </Style>
            <Style id="5381">
                <IconStyle id="5382">
                    <color>ff00a5ff</color>
                    <colorMode>normal</colorMode>
                    <scale>1</scale>
                    <heading>0</heading>
                    <Icon id="5383">
                        <href>http://maps.google.com/mapfiles/kml/pushpin/ylw-pushpin.png</href>
                    </Icon>
                </IconStyle>
            </Style>
            <Style id="5386">
                <IconStyle id="5387">
                    <color>ff00a5ff</color>
                    <colorMode>normal</colorMode>
                    <scale>1</scale>
                    <heading>0</heading>
                    <Icon id="5388">
                        <href>http://maps.google.com/mapfiles/kml/pushpin/ylw-pushpin.png</href>
                    </Icon>
                </IconStyle>
            </Style>
            <Style id="5391">
                <IconStyle id="5392">
                    <color>ff00a5ff</color>
                    <colorMode>normal</colorMode>
                    <scale>1</scale>
                    <heading>0</heading>
                    <Icon id="5393">
                        <href>http://maps.google.com/mapfiles/kml/pushpin/ylw-pushpin.png</href>
                    </Icon>
                </IconStyle>
            </Style>
            <Style id="5396">
                <IconStyle id="5397">
                    <color>ff00a5ff</color>
                    <colorMode>normal</colorMode>
                    <scale>1</scale>
                    <heading>0</heading>
                    <Icon id="5398">
                        <href>http://maps.google.com/mapfiles/kml/pushpin/ylw-pushpin.png</href>
                    </Icon>
                </IconStyle>
            </Style>
            <Style id="5401">
                <IconStyle id="5402">
                    <color>ff00a5ff</color>
                    <colorMode>normal</colorMode>
                    <scale>1</scale>
                    <heading>0</heading>
                    <Icon id="5403">
                        <href>http://maps.google.com/mapfiles/kml/pushpin/ylw-pushpin.png</href>
                    </Icon>
                </IconStyle>
            </Style>
            <Style id="5406">
                <IconStyle id="5407">
                    <color>ff00a5ff</color>
                    <colorMode>normal</colorMode>
                    <scale>1</scale>
                    <heading>0</heading>
                    <Icon id="5408">
                        <href>http://maps.google.com/mapfiles/kml/pushpin/ylw-pushpin.png</href>
                    </Icon>
                </IconStyle>
            </Style>
            <Style id="5411">
                <IconStyle id="5412">
                    <color>ff00a5ff</color>
                    <colorMode>normal</colorMode>
                    <scale>1</scale>
                    <heading>0</heading>
                    <Icon id="5413">
                        <href>http://maps.google.com/mapfiles/kml/pushpin/ylw-pushpin.png</href>
                    </Icon>
                </IconStyle>
            </Style>
            <Style id="5416">
                <IconStyle id="5417">
                    <color>ff00a5ff</color>
                    <colorMode>normal</colorMode>
                    <scale>1</scale>
                    <heading>0</heading>
                    <Icon id="5418">
                        <href>http://maps.google.com/mapfiles/kml/pushpin/ylw-pushpin.png</href>
                    </Icon>
                </IconStyle>
            </Style>
            <Style id="5421">
                <IconStyle id="5422">
                    <color>ff00a5ff</color>
                    <colorMode>normal</colorMode>
                    <scale>1</scale>
                    <heading>0</heading>
                    <Icon id="5423">
                        <href>http://maps.google.com/mapfiles/kml/pushpin/ylw-pushpin.png</href>
                    </Icon>
                </IconStyle>
            </Style>
            <Style id="5426">
                <IconStyle id="5427">
                    <color>ff00a5ff</color>
                    <colorMode>normal</colorMode>
                    <scale>1</scale>
                    <heading>0</heading>
                    <Icon id="5428">
                        <href>http://maps.google.com/mapfiles/kml/pushpin/ylw-pushpin.png</href>
                    </Icon>
                </IconStyle>
            </Style>
            <Style id="5431">
                <IconStyle id="5432">
                    <color>ff00a5ff</color>
                    <colorMode>normal</colorMode>
                    <scale>1</scale>
                    <heading>0</heading>
                    <Icon id="5433">
                        <href>http://maps.google.com/mapfiles/kml/pushpin/ylw-pushpin.png</href>
                    </Icon>
                </IconStyle>
            </Style>
            <Style id="5436">
                <IconStyle id="5437">
                    <color>ff00a5ff</color>
                    <colorMode>normal</colorMode>
                    <scale>1</scale>
                    <heading>0</heading>
                    <Icon id="5438">
                        <href>http://maps.google.com/mapfiles/kml/pushpin/ylw-pushpin.png</href>
                    </Icon>
                </IconStyle>
            </Style>
            <Style id="5441">
                <IconStyle id="5442">
                    <color>ff00a5ff</color>
                    <colorMode>normal</colorMode>
                    <scale>1</scale>
                    <heading>0</heading>
                    <Icon id="5443">
                        <href>http://maps.google.com/mapfiles/kml/pushpin/ylw-pushpin.png</href>
                    </Icon>
                </IconStyle>
            </Style>
            <Style id="5446">
                <IconStyle id="5447">
                    <color>ff00a5ff</color>
                    <colorMode>normal</colorMode>
                    <scale>1</scale>
                    <heading>0</heading>
                    <Icon id="5448">
                        <href>http://maps.google.com/mapfiles/kml/pushpin/ylw-pushpin.png</href>
                    </Icon>
                </IconStyle>
            </Style>
            <Style id="5451">
                <IconStyle id="5452">
                    <color>ff00a5ff</color>
                    <colorMode>normal</colorMode>
                    <scale>1</scale>
                    <heading>0</heading>
                    <Icon id="5453">
                        <href>http://maps.google.com/mapfiles/kml/pushpin/ylw-pushpin.png</href>
                    </Icon>
                </IconStyle>
            </Style>
            <Style id="5456">
                <IconStyle id="5457">
                    <color>ff00a5ff</color>
                    <colorMode>normal</colorMode>
                    <scale>1</scale>
                    <heading>0</heading>
                    <Icon id="5458">
                        <href>http://maps.google.com/mapfiles/kml/pushpin/ylw-pushpin.png</href>
                    </Icon>
                </IconStyle>
            </Style>
            <Style id="5461">
                <IconStyle id="5462">
                    <color>ff00a5ff</color>
                    <colorMode>normal</colorMode>
                    <scale>1</scale>
                    <heading>0</heading>
                    <Icon id="5463">
                        <href>http://maps.google.com/mapfiles/kml/pushpin/ylw-pushpin.png</href>
                    </Icon>
                </IconStyle>
            </Style>
            <Style id="5466">
                <IconStyle id="5467">
                    <color>ff00a5ff</color>
                    <colorMode>normal</colorMode>
                    <scale>1</scale>
                    <heading>0</heading>
                    <Icon id="5468">
                        <href>http://maps.google.com/mapfiles/kml/pushpin/ylw-pushpin.png</href>
                    </Icon>
                </IconStyle>
            </Style>
            <Style id="5471">
                <IconStyle id="5472">
                    <color>ff00a5ff</color>
                    <colorMode>normal</colorMode>
                    <scale>1</scale>
                    <heading>0</heading>
                    <Icon id="5473">
                        <href>http://maps.google.com/mapfiles/kml/pushpin/ylw-pushpin.png</href>
                    </Icon>
                </IconStyle>
            </Style>
            <Style id="5476">
                <IconStyle id="5477">
                    <color>ff00a5ff</color>
                    <colorMode>normal</colorMode>
                    <scale>1</scale>
                    <heading>0</heading>
                    <Icon id="5478">
                        <href>http://maps.google.com/mapfiles/kml/pushpin/ylw-pushpin.png</href>
                    </Icon>
                </IconStyle>
            </Style>
            <Style id="5481">
                <IconStyle id="5482">
                    <color>ff00a5ff</color>
                    <colorMode>normal</colorMode>
                    <scale>1</scale>
                    <heading>0</heading>
                    <Icon id="5483">
                        <href>http://maps.google.com/mapfiles/kml/pushpin/ylw-pushpin.png</href>
                    </Icon>
                </IconStyle>
            </Style>
            <Style id="5486">
                <IconStyle id="5487">
                    <color>ff00a5ff</color>
                    <colorMode>normal</colorMode>
                    <scale>1</scale>
                    <heading>0</heading>
                    <Icon id="5488">
                        <href>http://maps.google.com/mapfiles/kml/pushpin/ylw-pushpin.png</href>
                    </Icon>
                </IconStyle>
            </Style>
            <Style id="5491">
                <IconStyle id="5492">
                    <color>ff00a5ff</color>
                    <colorMode>normal</colorMode>
                    <scale>1</scale>
                    <heading>0</heading>
                    <Icon id="5493">
                        <href>http://maps.google.com/mapfiles/kml/pushpin/ylw-pushpin.png</href>
                    </Icon>
                </IconStyle>
            </Style>
            <Style id="5496">
                <IconStyle id="5497">
                    <color>ff00a5ff</color>
                    <colorMode>normal</colorMode>
                    <scale>1</scale>
                    <heading>0</heading>
                    <Icon id="5498">
                        <href>http://maps.google.com/mapfiles/kml/pushpin/ylw-pushpin.png</href>
                    </Icon>
                </IconStyle>
            </Style>
            <Style id="5501">
                <IconStyle id="5502">
                    <color>ff00a5ff</color>
                    <colorMode>normal</colorMode>
                    <scale>1</scale>
                    <heading>0</heading>
                    <Icon id="5503">
                        <href>http://maps.google.com/mapfiles/kml/pushpin/ylw-pushpin.png</href>
                    </Icon>
                </IconStyle>
            </Style>
            <Style id="5506">
                <IconStyle id="5507">
                    <color>ff00a5ff</color>
                    <colorMode>normal</colorMode>
                    <scale>1</scale>
                    <heading>0</heading>
                    <Icon id="5508">
                        <href>http://maps.google.com/mapfiles/kml/pushpin/ylw-pushpin.png</href>
                    </Icon>
                </IconStyle>
            </Style>
            <Style id="5511">
                <IconStyle id="5512">
                    <color>ff00a5ff</color>
                    <colorMode>normal</colorMode>
                    <scale>1</scale>
                    <heading>0</heading>
                    <Icon id="5513">
                        <href>http://maps.google.com/mapfiles/kml/pushpin/ylw-pushpin.png</href>
                    </Icon>
                </IconStyle>
            </Style>
            <Style id="5516">
                <IconStyle id="5517">
                    <color>ff00a5ff</color>
                    <colorMode>normal</colorMode>
                    <scale>1</scale>
                    <heading>0</heading>
                    <Icon id="5518">
                        <href>http://maps.google.com/mapfiles/kml/pushpin/ylw-pushpin.png</href>
                    </Icon>
                </IconStyle>
            </Style>
            <Style id="5521">
                <IconStyle id="5522">
                    <color>ff00a5ff</color>
                    <colorMode>normal</colorMode>
                    <scale>1</scale>
                    <heading>0</heading>
                    <Icon id="5523">
                        <href>http://maps.google.com/mapfiles/kml/pushpin/ylw-pushpin.png</href>
                    </Icon>
                </IconStyle>
            </Style>
            <Style id="5526">
                <IconStyle id="5527">
                    <color>ff00a5ff</color>
                    <colorMode>normal</colorMode>
                    <scale>1</scale>
                    <heading>0</heading>
                    <Icon id="5528">
                        <href>http://maps.google.com/mapfiles/kml/pushpin/ylw-pushpin.png</href>
                    </Icon>
                </IconStyle>
            </Style>
            <Style id="5531">
                <IconStyle id="5532">
                    <color>ff00a5ff</color>
                    <colorMode>normal</colorMode>
                    <scale>1</scale>
                    <heading>0</heading>
                    <Icon id="5533">
                        <href>http://maps.google.com/mapfiles/kml/pushpin/ylw-pushpin.png</href>
                    </Icon>
                </IconStyle>
            </Style>
            <Style id="5536">
                <IconStyle id="5537">
                    <color>ff00a5ff</color>
                    <colorMode>normal</colorMode>
                    <scale>1</scale>
                    <heading>0</heading>
                    <Icon id="5538">
                        <href>http://maps.google.com/mapfiles/kml/pushpin/ylw-pushpin.png</href>
                    </Icon>
                </IconStyle>
            </Style>
            <Style id="5541">
                <IconStyle id="5542">
                    <color>ff00a5ff</color>
                    <colorMode>normal</colorMode>
                    <scale>1</scale>
                    <heading>0</heading>
                    <Icon id="5543">
                        <href>http://maps.google.com/mapfiles/kml/pushpin/ylw-pushpin.png</href>
                    </Icon>
                </IconStyle>
            </Style>
            <Style id="5546">
                <IconStyle id="5547">
                    <color>ff00a5ff</color>
                    <colorMode>normal</colorMode>
                    <scale>1</scale>
                    <heading>0</heading>
                    <Icon id="5548">
                        <href>http://maps.google.com/mapfiles/kml/pushpin/ylw-pushpin.png</href>
                    </Icon>
                </IconStyle>
            </Style>
            <Style id="5551">
                <IconStyle id="5552">
                    <color>ff00a5ff</color>
                    <colorMode>normal</colorMode>
                    <scale>1</scale>
                    <heading>0</heading>
                    <Icon id="5553">
                        <href>http://maps.google.com/mapfiles/kml/pushpin/ylw-pushpin.png</href>
                    </Icon>
                </IconStyle>
            </Style>
            <Style id="5556">
                <IconStyle id="5557">
                    <color>ff00a5ff</color>
                    <colorMode>normal</colorMode>
                    <scale>1</scale>
                    <heading>0</heading>
                    <Icon id="5558">
                        <href>http://maps.google.com/mapfiles/kml/pushpin/ylw-pushpin.png</href>
                    </Icon>
                </IconStyle>
            </Style>
            <name>JOSE DAVID QUISPE RENTERIA</name>
            <Placemark id="5370">
                <name>AMANDA PACHERRES DE TORRES</name>
                <description>MZ IO LT 22 EL INDIO
Castilla
Castilla
Piura
Perú</description>
                <styleUrl>#5371</styleUrl>
                <Point id="5369">
                    <coordinates>-80.6194953,-5.2218592,0.0</coordinates>
                </Point>
            </Placemark>
            <Placemark id="5375">
                <name>MONICA EDITH TINOCO SANCHEZ</name>
                <description>MZ F1 LTE 66 AA.HH EL INDIO
Castilla
Castilla
Piura
Perú</description>
                <styleUrl>#5376</styleUrl>
                <Point id="5374">
                    <coordinates>-80.619483,-5.224056,0.0</coordinates>
                </Point>
            </Placemark>
            <Placemark id="5380">
                <name>MIRELA JANET VIERA CHAVEZ</name>
                <description>LASOC BRISASOC EL INDIO G-8 EL INDIO
Castilla

Piura
Perú</description>
                <styleUrl>#5381</styleUrl>
                <Point id="5379">
                    <coordinates>-80.6221034,-5.2260479,0.0</coordinates>
                </Point>
            </Placemark>
            <Placemark id="5385">
                <name>JUNIOR IVAN SILVA JUAREZ</name>
                <description>Calle H 16    AA.HH EL INDIO
Castilla
Castilla
Piura
Perú</description>
                <styleUrl>#5386</styleUrl>
                <Point id="5384">
                    <coordinates>-80.6193464,-5.2219779,0.0</coordinates>
                </Point>
            </Placemark>
            <Placemark id="5390">
                <name>MARIA ANTONIA SALCEDO MONTALVAN</name>
                <description>A.H.EL INDIO MZ.i2-36 2ETP    
Castilla
Castilla
Piura
Perú</description>
                <styleUrl>#5391</styleUrl>
                <Point id="5389">
                    <coordinates>-80.618831,-5.222052,0.0</coordinates>
                </Point>
            </Placemark>
            <Placemark id="5395">
                <name>GUILLERMO MORE REMAYCUNA</name>
                <description>Av.SANCHEZ CARRIÓN Mz H1 LT 25 EL INDIO
Castilla
Castilla
Piura
Perú</description>
                <styleUrl>#5396</styleUrl>
                <Point id="5394">
                    <coordinates>-80.6177926,-5.2226302,0.0</coordinates>
                </Point>
            </Placemark>
            <Placemark id="5400">
                <name>VANESSA NOEMI CORREA SAAVEDRA</name>
                <description>Mz H1 LTE 58 AA.HH EL INDIO
Castilla
Castilla
Piura
Perú</description>
                <styleUrl>#5401</styleUrl>
                <Point id="5399">
                    <coordinates>-80.6185895,-5.2232334,0.0</coordinates>
                </Point>
            </Placemark>
            <Placemark id="5405">
                <name>MARIA ROSA IPANAQUE COVEÑAS</name>
                <description>MZ E LTE 18 AA.HH EL INDIO I ETAPA REF. ESPALDA DE LA POSTA
Castilla
Castilla
Piura
Perú</description>
                <styleUrl>#5406</styleUrl>
                <Point id="5404">
                    <coordinates>-80.6206756,-5.2237262,0.0</coordinates>
                </Point>
            </Placemark>
            <Placemark id="5410">
                <name>MARIA DEL ROSARIO QUINTANA VARONA</name>
                <description>MZ E LT 14 2 ETP.AH EL INDIO  
Castilla
Castilla
Piura
Perú</description>
                <styleUrl>#5411</styleUrl>
                <Point id="5409">
                    <coordinates>-80.620855,-5.224158,0.0</coordinates>
                </Point>
            </Placemark>
            <Placemark id="5415">
                <name>MANUEL CERRO PALACIOS</name>
                <description>Mz E1 LT 16 AA. HH EL INDIO
Castilla

Piura
Perú</description>
                <styleUrl>#5416</styleUrl>
                <Point id="5414">
                    <coordinates>-80.6191175,-5.2241418,0.0</coordinates>
                </Point>
            </Placemark>
            <Placemark id="5420">
                <name>SARA ESTHEFANIA QUINTANA YPANAQUE</name>
                <description>Mz F1 lote 60 el Indio (frente al bcp)
Castilla
Castilla
Piura
Perú</description>
                <styleUrl>#5421</styleUrl>
                <Point id="5419">
                    <coordinates>-80.6191913,-5.2240661,0.0</coordinates>
                </Point>
            </Placemark>
            <Placemark id="5425">
                <name>MILAGROS NANCY SALAZAR GOMEZ</name>
                <description>MZ-E LT-02 EL INDIO           
Castilla
Castilla
Piura
Perú</description>
                <styleUrl>#5426</styleUrl>
                <Point id="5424">
                    <coordinates>-80.620392,-5.223802,0.0</coordinates>
                </Point>
            </Placemark>
            <Placemark id="5430">
                <name>LETICIA CEFERINO MACHUCA</name>
                <description>MZ L7-1 EL INDIO
Castilla
Castilla
Piura
Perú</description>
                <styleUrl>#5431</styleUrl>
                <Point id="5429">
                    <coordinates>-80.6155032,-5.2242224,0.0</coordinates>
                </Point>
            </Placemark>
            <Placemark id="5435">
                <name>SONIA ELIZABETH VALENCIA RIVAS</name>
                <description>A.H.EL INDIO F7-20 CASTILLA   
Castilla
Piura
Piura
Perú</description>
                <styleUrl>#5436</styleUrl>
                <Point id="5434">
                    <coordinates>-80.612302,-5.22627,0.0</coordinates>
                </Point>
            </Placemark>
            <Placemark id="5440">
                <name>MARIA GRACIELA MINGA TALLEDO</name>
                <description>MZ F5 LOT 21 EL INDIO         
Castilla
Castilla
Piura
Perú</description>
                <styleUrl>#5441</styleUrl>
                <Point id="5439">
                    <coordinates>-80.614737,-5.225465,0.0</coordinates>
                </Point>
            </Placemark>
            <Placemark id="5445">
                <name>MANUELA CLEMENTINA TEMOCHE ARAUJO</name>
                <description>AAHH EL INDIO MZ F3 LOTE 18
Castilla
Castilla
Piura
Perú</description>
                <styleUrl>#5446</styleUrl>
                <Point id="5444">
                    <coordinates>-80.6163782,-5.22505,0.0</coordinates>
                </Point>
            </Placemark>
            <Placemark id="5450">
                <name>GLADYS CARMEN NAVARRO</name>
                <description>Z E2 lt 8 aahh el Indio
Castilla
Castilla
Piura
Perú</description>
                <styleUrl>#5451</styleUrl>
                <Point id="5449">
                    <coordinates>-80.6172506,-5.2247848,0.0</coordinates>
                </Point>
            </Placemark>
            <Placemark id="5455">
                <name>CLARA HERMELINDA ALBAN DE URDIALES</name>
                <description>MZ-F2 LT-13 EL INDIO          
Castilla
Castilla
Piura
Perú</description>
                <styleUrl>#5456</styleUrl>
                <Point id="5454">
                    <coordinates>-80.617261,-5.224678,0.0</coordinates>
                </Point>
            </Placemark>
            <Placemark id="5460">
                <name>DIANA FARFAN SILVA</name>
                <description>AAHH EL INDIO MZ F2 LOTE 20
Castilla
Castilla
Piura
Perú</description>
                <styleUrl>#5461</styleUrl>
                <Point id="5459">
                    <coordinates>-80.61823,-5.2244664,0.0</coordinates>
                </Point>
            </Placemark>
            <Placemark id="5465">
                <name>SILVIA VIERA YOVERA</name>
                <description>MZ D6 LT 1 EL INDIO           
Castilla
Castilla
Piura
Perú</description>
                <styleUrl>#5466</styleUrl>
                <Point id="5464">
                    <coordinates>-80.614067,-5.227649,0.0</coordinates>
                </Point>
            </Placemark>
            <Placemark id="5470">
                <name>ELEODORA VILCHEZ RUIZ</name>
                <description>MZ.D6 LTE.26 AH. EL INDIO - CASTILL
Castilla
Castilla
Piura
Perú</description>
                <styleUrl>#5471</styleUrl>
                <Point id="5469">
                    <coordinates>-80.613803,-5.2265214,0.0</coordinates>
                </Point>
            </Placemark>
            <Placemark id="5475">
                <name>ALBAN MORENO ESTRELLITA DEL ROSARIO</name>
                <description>EL INDIO MZ CH4-16 CASTILLA



Perú</description>
                <styleUrl>#5476</styleUrl>
                <Point id="5474">
                    <coordinates>-80.6157662,-5.2264287,0.0</coordinates>
                </Point>
            </Placemark>
            <Placemark id="5480">
                <name>SANTOS ANDREA LOZADA RUIZ</name>
                <description>MZ CH 04 LT 14 AH EL INDIO    
Castilla
Castilla
Piura
Perú</description>
                <styleUrl>#5481</styleUrl>
                <Point id="5479">
                    <coordinates>-80.615827,-5.226451,0.0</coordinates>
                </Point>
            </Placemark>
            <Placemark id="5485">
                <name>ROSA ELVA AGUILAR QUITO</name>
                <description>CA.1 LT.26-EL INDIO           
Castilla
Castilla
Piura
Perú</description>
                <styleUrl>#5486</styleUrl>
                <Point id="5484">
                    <coordinates>-80.618315,-5.227994,0.0</coordinates>
                </Point>
            </Placemark>
            <Placemark id="5490">
                <name>SILVIA DEL PILAR ZAPATA RAMIREZ</name>
                <description>MZ C 02 LT.12 AH EL INDIO     
Castilla
Castilla
Piura
Perú</description>
                <styleUrl>#5491</styleUrl>
                <Point id="5489">
                    <coordinates>-80.618747,-5.226297,0.0</coordinates>
                </Point>
            </Placemark>
            <Placemark id="5495">
                <name>JACKELINE NOELI NIMA HUERTAS</name>
                <description>EL INDIO MZ C5-21 EL INFIO



Perú</description>
                <styleUrl>#5496</styleUrl>
                <Point id="5494">
                    <coordinates>-80.614556,-5.2275334,0.0</coordinates>
                </Point>
            </Placemark>
            <Placemark id="5500">
                <name>MARIA DE LOS ANGELES FLORES GOMEZ</name>
                <description>Manzana ch5 lote 14
Castilla

Piura
Perú</description>
                <styleUrl>#5501</styleUrl>
                <Point id="5499">
                    <coordinates>-80.614213,-5.227059,0.0</coordinates>
                </Point>
            </Placemark>
            <Placemark id="5505">
                <name>FRANCISCO ALDIMIR SEFERINO VILCHEZ</name>
                <description>MZ 01 LT 43 AH EL INDIO       
Castilla
Castilla
Piura
Perú</description>
                <styleUrl>#5506</styleUrl>
                <Point id="5504">
                    <coordinates>-80.617795,-5.228097,0.0</coordinates>
                </Point>
            </Placemark>
            <Placemark id="5510">
                <name>FLOR JESSENIA TAVARA DOMINGUEZ</name>
                <description>Calle 2 nro 49  el indio
Castilla
Castilla
Piura
Perú</description>
                <styleUrl>#5511</styleUrl>
                <Point id="5509">
                    <coordinates>-80.6178952,-5.2286792,0.0</coordinates>
                </Point>
            </Placemark>
            <Placemark id="5515">
                <name>PASCUALA YESSICA NIMA MAZA</name>
                <description>CA 03 LT67 AAHH EL INDIO      
Castilla
Castilla
Piura
Perú</description>
                <styleUrl>#5516</styleUrl>
                <Point id="5514">
                    <coordinates>-80.617453,-5.229525,0.0</coordinates>
                </Point>
            </Placemark>
            <Placemark id="5520">
                <name>MARIA LIRIA SERNAQUE MORE</name>
                <description>CA.4 LT.6 - EL INDIO          
Castilla
Castilla
Piura
Perú</description>
                <styleUrl>#5521</styleUrl>
                <Point id="5519">
                    <coordinates>-80.619218,-5.229381,0.0</coordinates>
                </Point>
            </Placemark>
            <Placemark id="5525">
                <name>MARIA LIRIA SERNAQUE MORE</name>
                <description>CA.4 LT.6 - EL INDIO          
Castilla
Castilla
Piura
Perú</description>
                <styleUrl>#5526</styleUrl>
                <Point id="5524">
                    <coordinates>-80.619218,-5.229381,0.0</coordinates>
                </Point>
            </Placemark>
            <Placemark id="5530">
                <name>MARIA ELENA SEFERINO VILCHEZ</name>
                <description>CL 3 LT 4 AMPLIAC AH EL INDIO 
Castilla
Castilla
Piura
Perú</description>
                <styleUrl>#5531</styleUrl>
                <Point id="5529">
                    <coordinates>-80.620108,-5.2287,0.0</coordinates>
                </Point>
            </Placemark>
            <Placemark id="5535">
                <name>NANCY MARIBEL SANDOVAL MENDOZA</name>
                <description>A.H.INDIO MZ.M LT.29 LAS BR.  
Castilla
Castilla
Piura
Perú</description>
                <styleUrl>#5536</styleUrl>
                <Point id="5534">
                    <coordinates>-80.617689,-5.227272,0.0</coordinates>
                </Point>
            </Placemark>
            <Placemark id="5540">
                <name>CYNTHYA DEL CARMEN VILLANUEVA NINAMANGO</name>
                <description>Mz I LT 15 AA.HH LAS BRISAS DEL INDIO
Castilla
Castilla
Piura
Perú</description>
                <styleUrl>#5541</styleUrl>
                <Point id="5539">
                    <coordinates>-80.6217336,-5.2267419,0.0</coordinates>
                </Point>
            </Placemark>
            <Placemark id="5545">
                <name>NERY AYME CASTRO CASTILLO</name>
                <description>A.H.LAS BRIZAS MZ.i LT.25     
Castilla
Castilla
Piura
Perú</description>
                <styleUrl>#5546</styleUrl>
                <Point id="5544">
                    <coordinates>-80.622251,-5.226895,0.0</coordinates>
                </Point>
            </Placemark>
            <Placemark id="5550">
                <name>TERESA TORRES SANCHEZ</name>
                <description>MZ E LTE 25 AA.HH LAS BRISAS EL INDIO
Castilla
Castilla
Piura
Perú</description>
                <styleUrl>#5551</styleUrl>
                <Point id="5549">
                    <coordinates>-80.620794,-5.226022,0.0</coordinates>
                </Point>
            </Placemark>
            <Placemark id="5555">
                <name>ELSA BREMILDA ZAPATA RAMIREZ</name>
                <description>AH LAS BRISAS MZ D LT  13     
Castilla
Castilla
Piura
Perú</description>
                <styleUrl>#5556</styleUrl>
                <Point id="5554">
                    <coordinates>-80.620866,-5.226187,0.0</coordinates>
                </Point>
            </Placemark>
        </Folder>
        <Folder id="5559">
            <Style id="5562">
                <IconStyle id="5563">
                    <color>ff00ffff</color>
                    <colorMode>normal</colorMode>
                    <scale>1</scale>
                    <heading>0</heading>
                    <Icon id="5564">
                        <href>http://maps.google.com/mapfiles/kml/pushpin/ylw-pushpin.png</href>
                    </Icon>
                </IconStyle>
            </Style>
            <Style id="5567">
                <IconStyle id="5568">
                    <color>ff00ffff</color>
                    <colorMode>normal</colorMode>
                    <scale>1</scale>
                    <heading>0</heading>
                    <Icon id="5569">
                        <href>http://maps.google.com/mapfiles/kml/pushpin/ylw-pushpin.png</href>
                    </Icon>
                </IconStyle>
            </Style>
            <Style id="5572">
                <IconStyle id="5573">
                    <color>ff00ffff</color>
                    <colorMode>normal</colorMode>
                    <scale>1</scale>
                    <heading>0</heading>
                    <Icon id="5574">
                        <href>http://maps.google.com/mapfiles/kml/pushpin/ylw-pushpin.png</href>
                    </Icon>
                </IconStyle>
            </Style>
            <Style id="5577">
                <IconStyle id="5578">
                    <color>ff00ffff</color>
                    <colorMode>normal</colorMode>
                    <scale>1</scale>
                    <heading>0</heading>
                    <Icon id="5579">
                        <href>http://maps.google.com/mapfiles/kml/pushpin/ylw-pushpin.png</href>
                    </Icon>
                </IconStyle>
            </Style>
            <Style id="5582">
                <IconStyle id="5583">
                    <color>ff00ffff</color>
                    <colorMode>normal</colorMode>
                    <scale>1</scale>
                    <heading>0</heading>
                    <Icon id="5584">
                        <href>http://maps.google.com/mapfiles/kml/pushpin/ylw-pushpin.png</href>
                    </Icon>
                </IconStyle>
            </Style>
            <Style id="5587">
                <IconStyle id="5588">
                    <color>ff00ffff</color>
                    <colorMode>normal</colorMode>
                    <scale>1</scale>
                    <heading>0</heading>
                    <Icon id="5589">
                        <href>http://maps.google.com/mapfiles/kml/pushpin/ylw-pushpin.png</href>
                    </Icon>
                </IconStyle>
            </Style>
            <Style id="5592">
                <IconStyle id="5593">
                    <color>ff00ffff</color>
                    <colorMode>normal</colorMode>
                    <scale>1</scale>
                    <heading>0</heading>
                    <Icon id="5594">
                        <href>http://maps.google.com/mapfiles/kml/pushpin/ylw-pushpin.png</href>
                    </Icon>
                </IconStyle>
            </Style>
            <Style id="5597">
                <IconStyle id="5598">
                    <color>ff00ffff</color>
                    <colorMode>normal</colorMode>
                    <scale>1</scale>
                    <heading>0</heading>
                    <Icon id="5599">
                        <href>http://maps.google.com/mapfiles/kml/pushpin/ylw-pushpin.png</href>
                    </Icon>
                </IconStyle>
            </Style>
            <Style id="5602">
                <IconStyle id="5603">
                    <color>ff00ffff</color>
                    <colorMode>normal</colorMode>
                    <scale>1</scale>
                    <heading>0</heading>
                    <Icon id="5604">
                        <href>http://maps.google.com/mapfiles/kml/pushpin/ylw-pushpin.png</href>
                    </Icon>
                </IconStyle>
            </Style>
            <Style id="5607">
                <IconStyle id="5608">
                    <color>ff00ffff</color>
                    <colorMode>normal</colorMode>
                    <scale>1</scale>
                    <heading>0</heading>
                    <Icon id="5609">
                        <href>http://maps.google.com/mapfiles/kml/pushpin/ylw-pushpin.png</href>
                    </Icon>
                </IconStyle>
            </Style>
            <Style id="5612">
                <IconStyle id="5613">
                    <color>ff00ffff</color>
                    <colorMode>normal</colorMode>
                    <scale>1</scale>
                    <heading>0</heading>
                    <Icon id="5614">
                        <href>http://maps.google.com/mapfiles/kml/pushpin/ylw-pushpin.png</href>
                    </Icon>
                </IconStyle>
            </Style>
            <Style id="5617">
                <IconStyle id="5618">
                    <color>ff00ffff</color>
                    <colorMode>normal</colorMode>
                    <scale>1</scale>
                    <heading>0</heading>
                    <Icon id="5619">
                        <href>http://maps.google.com/mapfiles/kml/pushpin/ylw-pushpin.png</href>
                    </Icon>
                </IconStyle>
            </Style>
            <Style id="5622">
                <IconStyle id="5623">
                    <color>ff00ffff</color>
                    <colorMode>normal</colorMode>
                    <scale>1</scale>
                    <heading>0</heading>
                    <Icon id="5624">
                        <href>http://maps.google.com/mapfiles/kml/pushpin/ylw-pushpin.png</href>
                    </Icon>
                </IconStyle>
            </Style>
            <Style id="5627">
                <IconStyle id="5628">
                    <color>ff00ffff</color>
                    <colorMode>normal</colorMode>
                    <scale>1</scale>
                    <heading>0</heading>
                    <Icon id="5629">
                        <href>http://maps.google.com/mapfiles/kml/pushpin/ylw-pushpin.png</href>
                    </Icon>
                </IconStyle>
            </Style>
            <Style id="5632">
                <IconStyle id="5633">
                    <color>ff00ffff</color>
                    <colorMode>normal</colorMode>
                    <scale>1</scale>
                    <heading>0</heading>
                    <Icon id="5634">
                        <href>http://maps.google.com/mapfiles/kml/pushpin/ylw-pushpin.png</href>
                    </Icon>
                </IconStyle>
            </Style>
            <Style id="5637">
                <IconStyle id="5638">
                    <color>ff00ffff</color>
                    <colorMode>normal</colorMode>
                    <scale>1</scale>
                    <heading>0</heading>
                    <Icon id="5639">
                        <href>http://maps.google.com/mapfiles/kml/pushpin/ylw-pushpin.png</href>
                    </Icon>
                </IconStyle>
            </Style>
            <Style id="5642">
                <IconStyle id="5643">
                    <color>ff00ffff</color>
                    <colorMode>normal</colorMode>
                    <scale>1</scale>
                    <heading>0</heading>
                    <Icon id="5644">
                        <href>http://maps.google.com/mapfiles/kml/pushpin/ylw-pushpin.png</href>
                    </Icon>
                </IconStyle>
            </Style>
            <Style id="5647">
                <IconStyle id="5648">
                    <color>ff00ffff</color>
                    <colorMode>normal</colorMode>
                    <scale>1</scale>
                    <heading>0</heading>
                    <Icon id="5649">
                        <href>http://maps.google.com/mapfiles/kml/pushpin/ylw-pushpin.png</href>
                    </Icon>
                </IconStyle>
            </Style>
            <Style id="5652">
                <IconStyle id="5653">
                    <color>ff00ffff</color>
                    <colorMode>normal</colorMode>
                    <scale>1</scale>
                    <heading>0</heading>
                    <Icon id="5654">
                        <href>http://maps.google.com/mapfiles/kml/pushpin/ylw-pushpin.png</href>
                    </Icon>
                </IconStyle>
            </Style>
            <Style id="5657">
                <IconStyle id="5658">
                    <color>ff00ffff</color>
                    <colorMode>normal</colorMode>
                    <scale>1</scale>
                    <heading>0</heading>
                    <Icon id="5659">
                        <href>http://maps.google.com/mapfiles/kml/pushpin/ylw-pushpin.png</href>
                    </Icon>
                </IconStyle>
            </Style>
            <name>KATHERINE REBECA DE JESUS CARDOZA LEE</name>
            <Placemark id="5561">
                <name>CORDOVA CASTILLO MELVA MAGALY</name>
                <description>MERCADO CAPULLANAS PUESTO 137 Y PUESTO 138
Veintiséis de Octubre
Veintiséis de Octubre
Piura
Perú</description>
                <styleUrl>#5562</styleUrl>
                <Point id="5560">
                    <coordinates>-80.6698587,-5.1750302,0.0</coordinates>
                </Point>
            </Placemark>
            <Placemark id="5566">
                <name>GOLOSINAS Y BEBIDAS FADI SOCIEDAD ANONIMA CERRADA</name>
                <description>MZA. A LOTE. 12 OTR.  MERCADO MAYORISTA LAS CAPULLANAS
Veintiséis de Octubre
Veintiséis de Octubre
Piura
Perú</description>
                <styleUrl>#5567</styleUrl>
                <Point id="5565">
                    <coordinates>-80.669706,-5.1755536,0.0</coordinates>
                </Point>
            </Placemark>
            <Placemark id="5571">
                <name>CORDOVA CASTILLO MELVA MAGALY</name>
                <description>MERCADO CAPULLANAS PUESTO 137 Y PUESTO 138
Veintiséis de Octubre
Veintiséis de Octubre
Piura
Perú</description>
                <styleUrl>#5572</styleUrl>
                <Point id="5570">
                    <coordinates>-80.6698587,-5.1750302,0.0</coordinates>
                </Point>
            </Placemark>
            <Placemark id="5576">
                <name>JUBINAL GAONA PATIÑO</name>
                <description>MERCADO ANEXO
Piura
Piura
Piura
Perú</description>
                <styleUrl>#5577</styleUrl>
                <Point id="5575">
                    <coordinates>-80.6339507,-5.187461,0.0</coordinates>
                </Point>
            </Placemark>
            <Placemark id="5581">
                <name>CHIFLERIA JIMENEZ S.A.C.</name>
                <description>PJ. SECTOR A - PUESTO 88 NRO. S-N OTR.  MDO. MIN. LAS CAPULLANAS
Veintiséis de Octubre
200101Veintiséis de Octubre
Piura
Perú</description>
                <styleUrl>#5582</styleUrl>
                <Point id="5580">
                    <coordinates>-80.6716787,-5.175926,0.0</coordinates>
                </Point>
            </Placemark>
            <Placemark id="5586">
                <name>JOSE ALEX CUNYA CANGO</name>
                <description>MERCADO CAPULLANAS PUESTO 179
Veintiséis de Octubre
Veintiséis de Octubre
Piura
Perú</description>
                <styleUrl>#5587</styleUrl>
                <Point id="5585">
                    <coordinates>-80.6700528,-5.1753173,0.0</coordinates>
                </Point>
            </Placemark>
            <Placemark id="5591">
                <name>CHIFLERIA JIMENEZ S.A.C.</name>
                <description>PJ. SECTOR A - PUESTO 88 NRO. S-N OTR.  MDO. MIN. LAS CAPULLANAS
Veintiséis de Octubre
200101Veintiséis de Octubre
Piura
Perú</description>
                <styleUrl>#5592</styleUrl>
                <Point id="5590">
                    <coordinates>-80.6716787,-5.175926,0.0</coordinates>
                </Point>
            </Placemark>
            <Placemark id="5596">
                <name>SANTOS SILVA YNGA</name>
                <description>MERCADO CAPULLANAS PUESTO 44
Veintiséis de Octubre
Veintiséis de Octubre
Piura
Perú</description>
                <styleUrl>#5597</styleUrl>
                <Point id="5595">
                    <coordinates>-80.6705743,-5.1754491,0.0</coordinates>
                </Point>
            </Placemark>
            <Placemark id="5601">
                <name>PRODUCT.PIURANOS MECHITA EIRL</name>
                <description>PRODUCT.PIURANOS MECHITA EIRL
PUESTO 36 MERCADO CAPULLANAS
Veintiséis de Octubre

Piura
Perú</description>
                <styleUrl>#5602</styleUrl>
                <Point id="5600">
                    <coordinates>-80.6699586,-5.1756069,0.0</coordinates>
                </Point>
            </Placemark>
            <Placemark id="5606">
                <name>MARIA MERCEDES CASTRO YARLEQUE</name>
                <description>PUESTO 33 / MCDO CAPULLANAS
Veintiséis de Octubre
Veintiséis de Octubre
Piura
Perú</description>
                <styleUrl>#5607</styleUrl>
                <Point id="5605">
                    <coordinates>-80.6699976,-5.1756049,0.0</coordinates>
                </Point>
            </Placemark>
            <Placemark id="5611">
                <name>DALILA HERNANDEZ GARCIA</name>
                <description>PUESTO 59 / MCDO CAPULLANAS
Veintiséis de Octubre
Veintiséis de Octubre
Piura
Perú</description>
                <styleUrl>#5612</styleUrl>
                <Point id="5610">
                    <coordinates>-80.6698921,-5.1756272,0.0</coordinates>
                </Point>
            </Placemark>
            <Placemark id="5616">
                <name>ROSA ELIZABETH NUÑEZ GARCIA</name>
                <description>PUESTO 17 / CAPULLANAS
Veintiséis de Octubre
Veintiséis de Octubre
Piura
Perú</description>
                <styleUrl>#5617</styleUrl>
                <Point id="5615">
                    <coordinates>-80.6710703,-5.1757997,0.0</coordinates>
                </Point>
            </Placemark>
            <Placemark id="5621">
                <name>DEISY ARROYO PARRILLA</name>
                <description>N8 SECTOR 4 /  MERCADO CAPULLANAS
Veintiséis de Octubre
Veintiséis de Octubre
Piura
Perú</description>
                <styleUrl>#5622</styleUrl>
                <Point id="5620">
                    <coordinates>-80.6712162,-5.1761675,0.0</coordinates>
                </Point>
            </Placemark>
            <Placemark id="5626">
                <name>JAZMIN ESTELA GARCIA HUAMAN</name>
                <description>MERCADO CAPULLANAS PUESTO 13
Veintiséis de Octubre
Veintiséis de Octubre
Piura
Perú</description>
                <styleUrl>#5627</styleUrl>
                <Point id="5625">
                    <coordinates>-80.6710676,-5.1757973,0.0</coordinates>
                </Point>
            </Placemark>
            <Placemark id="5631">
                <name>DINO MARCHENA CHINININ</name>
                <description>CAPULLANAS MAYORISTA PUESTO 12
Veintiséis de Octubre
Veintiséis de Octubre
Piura
Perú</description>
                <styleUrl>#5632</styleUrl>
                <Point id="5630">
                    <coordinates>-80.671115,-5.1758526,0.0</coordinates>
                </Point>
            </Placemark>
            <Placemark id="5636">
                <name>ROSA SEMINARIO RAMOS</name>
                <description>PUESTO 133 / INTERIOR CAPULLANAS
Veintiséis de Octubre
Veintiséis de Octubre
Piura
Perú</description>
                <styleUrl>#5637</styleUrl>
                <Point id="5635">
                    <coordinates>-80.6717536,-5.1760761,0.0</coordinates>
                </Point>
            </Placemark>
            <Placemark id="5641">
                <name>ROSA SEMINARIO RAMOS</name>
                <description>PUESTO 133 / INTERIOR CAPULLANAS
Veintiséis de Octubre
Veintiséis de Octubre
Piura
Perú</description>
                <styleUrl>#5642</styleUrl>
                <Point id="5640">
                    <coordinates>-80.6717536,-5.1760761,0.0</coordinates>
                </Point>
            </Placemark>
            <Placemark id="5646">
                <name>YONATAN REYES PAUCAR</name>
                <description>B - 101 / INTERIOR CAPULLANAS
Veintiséis de Octubre
Piura
Piura
Perú</description>
                <styleUrl>#5647</styleUrl>
                <Point id="5645">
                    <coordinates>-80.6716856,-5.1760225,0.0</coordinates>
                </Point>
            </Placemark>
            <Placemark id="5651">
                <name>YUNIOR REYES ABAD</name>
                <description>PUESTO A- 105 / C -125 MCDO CAPULLANAS
Veintiséis de Octubre
Veintiséis de Octubre
Piura
Perú</description>
                <styleUrl>#5652</styleUrl>
                <Point id="5650">
                    <coordinates>-80.6714863,-5.1758542,0.0</coordinates>
                </Point>
            </Placemark>
            <Placemark id="5656">
                <name>ROSA SEMINARIO RAMOS</name>
                <description>PUESTO 133 / INTERIOR CAPULLANAS
Veintiséis de Octubre
Veintiséis de Octubre
Piura
Perú</description>
                <styleUrl>#5657</styleUrl>
                <Point id="5655">
                    <coordinates>-80.6717536,-5.1760761,0.0</coordinates>
                </Point>
            </Placemark>
        </Folder>
        <Folder id="5660">
            <Style id="5663">
                <IconStyle id="5664">
                    <color>ff0000ff</color>
                    <colorMode>normal</colorMode>
                    <scale>1</scale>
                    <heading>0</heading>
                    <Icon id="5665">
                        <href>http://maps.google.com/mapfiles/kml/pushpin/ylw-pushpin.png</href>
                    </Icon>
                </IconStyle>
            </Style>
            <Style id="5668">
                <IconStyle id="5669">
                    <color>ff0000ff</color>
                    <colorMode>normal</colorMode>
                    <scale>1</scale>
                    <heading>0</heading>
                    <Icon id="5670">
                        <href>http://maps.google.com/mapfiles/kml/pushpin/ylw-pushpin.png</href>
                    </Icon>
                </IconStyle>
            </Style>
            <Style id="5673">
                <IconStyle id="5674">
                    <color>ff0000ff</color>
                    <colorMode>normal</colorMode>
                    <scale>1</scale>
                    <heading>0</heading>
                    <Icon id="5675">
                        <href>http://maps.google.com/mapfiles/kml/pushpin/ylw-pushpin.png</href>
                    </Icon>
                </IconStyle>
            </Style>
            <Style id="5678">
                <IconStyle id="5679">
                    <color>ff0000ff</color>
                    <colorMode>normal</colorMode>
                    <scale>1</scale>
                    <heading>0</heading>
                    <Icon id="5680">
                        <href>http://maps.google.com/mapfiles/kml/pushpin/ylw-pushpin.png</href>
                    </Icon>
                </IconStyle>
            </Style>
            <Style id="5683">
                <IconStyle id="5684">
                    <color>ff0000ff</color>
                    <colorMode>normal</colorMode>
                    <scale>1</scale>
                    <heading>0</heading>
                    <Icon id="5685">
                        <href>http://maps.google.com/mapfiles/kml/pushpin/ylw-pushpin.png</href>
                    </Icon>
                </IconStyle>
            </Style>
            <Style id="5688">
                <IconStyle id="5689">
                    <color>ff0000ff</color>
                    <colorMode>normal</colorMode>
                    <scale>1</scale>
                    <heading>0</heading>
                    <Icon id="5690">
                        <href>http://maps.google.com/mapfiles/kml/pushpin/ylw-pushpin.png</href>
                    </Icon>
                </IconStyle>
            </Style>
            <Style id="5693">
                <IconStyle id="5694">
                    <color>ff0000ff</color>
                    <colorMode>normal</colorMode>
                    <scale>1</scale>
                    <heading>0</heading>
                    <Icon id="5695">
                        <href>http://maps.google.com/mapfiles/kml/pushpin/ylw-pushpin.png</href>
                    </Icon>
                </IconStyle>
            </Style>
            <Style id="5698">
                <IconStyle id="5699">
                    <color>ff0000ff</color>
                    <colorMode>normal</colorMode>
                    <scale>1</scale>
                    <heading>0</heading>
                    <Icon id="5700">
                        <href>http://maps.google.com/mapfiles/kml/pushpin/ylw-pushpin.png</href>
                    </Icon>
                </IconStyle>
            </Style>
            <Style id="5703">
                <IconStyle id="5704">
                    <color>ff0000ff</color>
                    <colorMode>normal</colorMode>
                    <scale>1</scale>
                    <heading>0</heading>
                    <Icon id="5705">
                        <href>http://maps.google.com/mapfiles/kml/pushpin/ylw-pushpin.png</href>
                    </Icon>
                </IconStyle>
            </Style>
            <Style id="5708">
                <IconStyle id="5709">
                    <color>ff0000ff</color>
                    <colorMode>normal</colorMode>
                    <scale>1</scale>
                    <heading>0</heading>
                    <Icon id="5710">
                        <href>http://maps.google.com/mapfiles/kml/pushpin/ylw-pushpin.png</href>
                    </Icon>
                </IconStyle>
            </Style>
            <Style id="5713">
                <IconStyle id="5714">
                    <color>ff0000ff</color>
                    <colorMode>normal</colorMode>
                    <scale>1</scale>
                    <heading>0</heading>
                    <Icon id="5715">
                        <href>http://maps.google.com/mapfiles/kml/pushpin/ylw-pushpin.png</href>
                    </Icon>
                </IconStyle>
            </Style>
            <Style id="5718">
                <IconStyle id="5719">
                    <color>ff0000ff</color>
                    <colorMode>normal</colorMode>
                    <scale>1</scale>
                    <heading>0</heading>
                    <Icon id="5720">
                        <href>http://maps.google.com/mapfiles/kml/pushpin/ylw-pushpin.png</href>
                    </Icon>
                </IconStyle>
            </Style>
            <Style id="5723">
                <IconStyle id="5724">
                    <color>ff0000ff</color>
                    <colorMode>normal</colorMode>
                    <scale>1</scale>
                    <heading>0</heading>
                    <Icon id="5725">
                        <href>http://maps.google.com/mapfiles/kml/pushpin/ylw-pushpin.png</href>
                    </Icon>
                </IconStyle>
            </Style>
            <Style id="5728">
                <IconStyle id="5729">
                    <color>ff0000ff</color>
                    <colorMode>normal</colorMode>
                    <scale>1</scale>
                    <heading>0</heading>
                    <Icon id="5730">
                        <href>http://maps.google.com/mapfiles/kml/pushpin/ylw-pushpin.png</href>
                    </Icon>
                </IconStyle>
            </Style>
            <Style id="5733">
                <IconStyle id="5734">
                    <color>ff0000ff</color>
                    <colorMode>normal</colorMode>
                    <scale>1</scale>
                    <heading>0</heading>
                    <Icon id="5735">
                        <href>http://maps.google.com/mapfiles/kml/pushpin/ylw-pushpin.png</href>
                    </Icon>
                </IconStyle>
            </Style>
            <Style id="5738">
                <IconStyle id="5739">
                    <color>ff0000ff</color>
                    <colorMode>normal</colorMode>
                    <scale>1</scale>
                    <heading>0</heading>
                    <Icon id="5740">
                        <href>http://maps.google.com/mapfiles/kml/pushpin/ylw-pushpin.png</href>
                    </Icon>
                </IconStyle>
            </Style>
            <Style id="5743">
                <IconStyle id="5744">
                    <color>ff0000ff</color>
                    <colorMode>normal</colorMode>
                    <scale>1</scale>
                    <heading>0</heading>
                    <Icon id="5745">
                        <href>http://maps.google.com/mapfiles/kml/pushpin/ylw-pushpin.png</href>
                    </Icon>
                </IconStyle>
            </Style>
            <Style id="5748">
                <IconStyle id="5749">
                    <color>ff0000ff</color>
                    <colorMode>normal</colorMode>
                    <scale>1</scale>
                    <heading>0</heading>
                    <Icon id="5750">
                        <href>http://maps.google.com/mapfiles/kml/pushpin/ylw-pushpin.png</href>
                    </Icon>
                </IconStyle>
            </Style>
            <Style id="5753">
                <IconStyle id="5754">
                    <color>ff0000ff</color>
                    <colorMode>normal</colorMode>
                    <scale>1</scale>
                    <heading>0</heading>
                    <Icon id="5755">
                        <href>http://maps.google.com/mapfiles/kml/pushpin/ylw-pushpin.png</href>
                    </Icon>
                </IconStyle>
            </Style>
            <Style id="5758">
                <IconStyle id="5759">
                    <color>ff0000ff</color>
                    <colorMode>normal</colorMode>
                    <scale>1</scale>
                    <heading>0</heading>
                    <Icon id="5760">
                        <href>http://maps.google.com/mapfiles/kml/pushpin/ylw-pushpin.png</href>
                    </Icon>
                </IconStyle>
            </Style>
            <Style id="5763">
                <IconStyle id="5764">
                    <color>ff0000ff</color>
                    <colorMode>normal</colorMode>
                    <scale>1</scale>
                    <heading>0</heading>
                    <Icon id="5765">
                        <href>http://maps.google.com/mapfiles/kml/pushpin/ylw-pushpin.png</href>
                    </Icon>
                </IconStyle>
            </Style>
            <Style id="5768">
                <IconStyle id="5769">
                    <color>ff0000ff</color>
                    <colorMode>normal</colorMode>
                    <scale>1</scale>
                    <heading>0</heading>
                    <Icon id="5770">
                        <href>http://maps.google.com/mapfiles/kml/pushpin/ylw-pushpin.png</href>
                    </Icon>
                </IconStyle>
            </Style>
            <name>LEONARDO VIERA CHAVEZ</name>
            <Placemark id="5662">
                <name>YULI LILIANA CRUZ HIJUELA</name>
                <description>Mercado modelo paita baja .
Paita
Paita
Piura
Perú</description>
                <styleUrl>#5663</styleUrl>
                <Point id="5661">
                    <coordinates>-81.1130847,-5.0899168,0.0</coordinates>
                </Point>
            </Placemark>
            <Placemark id="5667">
                <name>PAUCAR GARCIA MARIA NELIDA</name>
                <description>CA.LOS ZAPOTES MZ.A LT.8
Paita
Paita
Piura
Perú</description>
                <styleUrl>#5668</styleUrl>
                <Point id="5666">
                    <coordinates>-81.0987467,-5.093986,0.0</coordinates>
                </Point>
            </Placemark>
            <Placemark id="5672">
                <name>NEXOMAR NEGOCIOS E.I.R.L.</name>
                <description>NEXOMAR NEGOCIOS E.I.R.L.
MZ-62 LT-13 AH CIUDAD BLANCA
Paita
200502Paita
Piura
Perú</description>
                <styleUrl>#5673</styleUrl>
                <Point id="5671">
                    <coordinates>-81.1010125,-5.0947384,0.0</coordinates>
                </Point>
            </Placemark>
            <Placemark id="5677">
                <name>MIGUEL ROSALES LLONTOP</name>
                <description>Ciudad blanca G2 lote 15
Paita
Paita
Piura
Perú</description>
                <styleUrl>#5678</styleUrl>
                <Point id="5676">
                    <coordinates>-81.1010681,-5.0948686,0.0</coordinates>
                </Point>
            </Placemark>
            <Placemark id="5682">
                <name>TEODORA FERNANDEZ BRUNO</name>
                <description>Ciudad blanca mz I2 lote 9
Paita
Paita
Piura
Perú</description>
                <styleUrl>#5683</styleUrl>
                <Point id="5681">
                    <coordinates>-81.1016697,-5.0953973,0.0</coordinates>
                </Point>
            </Placemark>
            <Placemark id="5687">
                <name>JHONATAN GUARNIZO LLACSAHUANGA</name>
                <description>MZ E2 lote 7 ciudad Blanca Paita alta
Paita
Paita
Piura
Perú</description>
                <styleUrl>#5688</styleUrl>
                <Point id="5686">
                    <coordinates>-81.1026212,-5.0940581,0.0</coordinates>
                </Point>
            </Placemark>
            <Placemark id="5692">
                <name>PAULA ACARO YARLEQUE</name>
                <description>CIUDAD BLANCA CH2-30 AV VICTOR RAUL
Paita
Paita
Piura
Perú</description>
                <styleUrl>#5693</styleUrl>
                <Point id="5691">
                    <coordinates>-81.1043507,-5.0948821,0.0</coordinates>
                </Point>
            </Placemark>
            <Placemark id="5697">
                <name>SANTOS VICTORIA PINTADO VELLASMIN</name>
                <description>Ciudad blanca mz Q lote 30
Paita
Paita
Piura
Perú</description>
                <styleUrl>#5698</styleUrl>
                <Point id="5696">
                    <coordinates>-81.1015374,-5.0932526,0.0</coordinates>
                </Point>
            </Placemark>
            <Placemark id="5702">
                <name>ANA SILVANA ARMAS CARRANZA</name>
                <description>CIUDAD BLANCA MZ Q LOTE 33- FRENTE AL PARQUE LA MARINA
Paita
Paita
Piura
Perú</description>
                <styleUrl>#5703</styleUrl>
                <Point id="5701">
                    <coordinates>-81.101435,-5.0929664,0.0</coordinates>
                </Point>
            </Placemark>
            <Placemark id="5707">
                <name>CARDOZO VIVAS MERCEDES LISBETH</name>
                <description>AH 5 DE FEBRERO MZ.F LT.23
Paita
Paita
Piura
Perú</description>
                <styleUrl>#5708</styleUrl>
                <Point id="5706">
                    <coordinates>-81.1004166,-5.0915423,0.0</coordinates>
                </Point>
            </Placemark>
            <Placemark id="5712">
                <name>CECILIA VARGAS CELI</name>
                <description>CIUDAD BLANC MZ K LOTE 8
Paita
Paita
Piura
Perú</description>
                <styleUrl>#5713</styleUrl>
                <Point id="5711">
                    <coordinates>-81.1000816,-5.0901218,0.0</coordinates>
                </Point>
            </Placemark>
            <Placemark id="5717">
                <name>AVILA REYES JOSE DEL CARMEN</name>
                <description>AVILA REYES JOSE DEL CARMEN
MZ H LT7 CINCO DE FEBRERO PAITA
Paita

Piura
Perú</description>
                <styleUrl>#5718</styleUrl>
                <Point id="5716">
                    <coordinates>-81.1002716,-5.0886688,0.0</coordinates>
                </Point>
            </Placemark>
            <Placemark id="5722">
                <name>LORENZA IMAN DE ATOCHE</name>
                <description>CIUDAD BLANCA MZ L LOTE 03
Paita
Paita
Piura
Perú</description>
                <styleUrl>#5723</styleUrl>
                <Point id="5721">
                    <coordinates>-81.1011058,-5.0895665,0.0</coordinates>
                </Point>
            </Placemark>
            <Placemark id="5727">
                <name>RAMOS SOSA SANDOVAL</name>
                <description>Ciudad blanca del pescador MZ L LOTE 2
Paita
Paita
Piura
Perú</description>
                <styleUrl>#5728</styleUrl>
                <Point id="5726">
                    <coordinates>-81.1010428,-5.0895603,0.0</coordinates>
                </Point>
            </Placemark>
            <Placemark id="5732">
                <name>IRENE LOPEZ ALBERCA</name>
                <description>HERMANOS CARCAMO MZ D LOTE 10-PAITA-PIURA
Paita
Paita
Piura
Perú</description>
                <styleUrl>#5733</styleUrl>
                <Point id="5731">
                    <coordinates>-81.10183,-5.0914271,0.0</coordinates>
                </Point>
            </Placemark>
            <Placemark id="5737">
                <name>MARIA ESTRADA MORALES</name>
                <description>HERMANOS CARCAMO MZ.H LTE.5 I ETAPA
Paita
Paita
Piura
Perú</description>
                <styleUrl>#5738</styleUrl>
                <Point id="5736">
                    <coordinates>-81.1026746,-5.0909105,0.0</coordinates>
                </Point>
            </Placemark>
            <Placemark id="5742">
                <name>MARIA ROSA NAQUICHE ANCAJIMA</name>
                <description>AAHH hermanos Carcamo MZ H LOTE 04
Paita
Paita
Piura
Perú</description>
                <styleUrl>#5743</styleUrl>
                <Point id="5741">
                    <coordinates>-81.1027015,-5.0909099,0.0</coordinates>
                </Point>
            </Placemark>
            <Placemark id="5747">
                <name>CYNTHIA PAOLA ZETA ZETA</name>
                <description>AHH HERMANOS CARCAMO MZ L LOTE 1
Paita
Paita
Piura
Perú</description>
                <styleUrl>#5748</styleUrl>
                <Point id="5746">
                    <coordinates>-81.1033404,-5.0904081,0.0</coordinates>
                </Point>
            </Placemark>
            <Placemark id="5752">
                <name>FANNY FABIOLA CORDOVA FLORES</name>
                <description>HERMNOS carcamo MZ N LOTE 8
Paita
Paita
Piura
Perú</description>
                <styleUrl>#5753</styleUrl>
                <Point id="5751">
                    <coordinates>-81.1040453,-5.0910549,0.0</coordinates>
                </Point>
            </Placemark>
            <Placemark id="5757">
                <name>MARIA FELIPA MASIAS VILCHEZ</name>
                <description>Maria cecilia mz b lote 17(por l bomba de agua)
Paita
Paita
Piura
Perú</description>
                <styleUrl>#5758</styleUrl>
                <Point id="5756">
                    <coordinates>-81.1037009,-5.0894178,0.0</coordinates>
                </Point>
            </Placemark>
            <Placemark id="5762">
                <name>MARIA HERMELINDA NIÑO CORREA</name>
                <description>MARIA HERMELINDA NIÑO CORREA
AAHH HERMANOS CARCAMO MZ P LT 005
Paita
Paita
Piura
Perú</description>
                <styleUrl>#5763</styleUrl>
                <Point id="5761">
                    <coordinates>-81.1050949,-5.0905558,0.0</coordinates>
                </Point>
            </Placemark>
            <Placemark id="5767">
                <name>ROSA AMELIA ELORREAGA CAJUSOL</name>
                <description>AA HH HERMANOS CARCAMO 09 MZ L LT 0
Paita
Paita
Piura
Perú</description>
                <styleUrl>#5768</styleUrl>
                <Point id="5766">
                    <coordinates>-81.10389,-5.0900672,0.0</coordinates>
                </Point>
            </Placemark>
        </Folder>
        <Folder id="5771">
            <Style id="5774">
                <IconStyle id="5775">
                    <color>ffff0000</color>
                    <colorMode>normal</colorMode>
                    <scale>1</scale>
                    <heading>0</heading>
                    <Icon id="5776">
                        <href>http://maps.google.com/mapfiles/kml/pushpin/ylw-pushpin.png</href>
                    </Icon>
                </IconStyle>
            </Style>
            <Style id="5779">
                <IconStyle id="5780">
                    <color>ffff0000</color>
                    <colorMode>normal</colorMode>
                    <scale>1</scale>
                    <heading>0</heading>
                    <Icon id="5781">
                        <href>http://maps.google.com/mapfiles/kml/pushpin/ylw-pushpin.png</href>
                    </Icon>
                </IconStyle>
            </Style>
            <Style id="5784">
                <IconStyle id="5785">
                    <color>ffff0000</color>
                    <colorMode>normal</colorMode>
                    <scale>1</scale>
                    <heading>0</heading>
                    <Icon id="5786">
                        <href>http://maps.google.com/mapfiles/kml/pushpin/ylw-pushpin.png</href>
                    </Icon>
                </IconStyle>
            </Style>
            <Style id="5789">
                <IconStyle id="5790">
                    <color>ffff0000</color>
                    <colorMode>normal</colorMode>
                    <scale>1</scale>
                    <heading>0</heading>
                    <Icon id="5791">
                        <href>http://maps.google.com/mapfiles/kml/pushpin/ylw-pushpin.png</href>
                    </Icon>
                </IconStyle>
            </Style>
            <Style id="5794">
                <IconStyle id="5795">
                    <color>ffff0000</color>
                    <colorMode>normal</colorMode>
                    <scale>1</scale>
                    <heading>0</heading>
                    <Icon id="5796">
                        <href>http://maps.google.com/mapfiles/kml/pushpin/ylw-pushpin.png</href>
                    </Icon>
                </IconStyle>
            </Style>
            <Style id="5799">
                <IconStyle id="5800">
                    <color>ffff0000</color>
                    <colorMode>normal</colorMode>
                    <scale>1</scale>
                    <heading>0</heading>
                    <Icon id="5801">
                        <href>http://maps.google.com/mapfiles/kml/pushpin/ylw-pushpin.png</href>
                    </Icon>
                </IconStyle>
            </Style>
            <Style id="5804">
                <IconStyle id="5805">
                    <color>ffff0000</color>
                    <colorMode>normal</colorMode>
                    <scale>1</scale>
                    <heading>0</heading>
                    <Icon id="5806">
                        <href>http://maps.google.com/mapfiles/kml/pushpin/ylw-pushpin.png</href>
                    </Icon>
                </IconStyle>
            </Style>
            <Style id="5809">
                <IconStyle id="5810">
                    <color>ffff0000</color>
                    <colorMode>normal</colorMode>
                    <scale>1</scale>
                    <heading>0</heading>
                    <Icon id="5811">
                        <href>http://maps.google.com/mapfiles/kml/pushpin/ylw-pushpin.png</href>
                    </Icon>
                </IconStyle>
            </Style>
            <Style id="5814">
                <IconStyle id="5815">
                    <color>ffff0000</color>
                    <colorMode>normal</colorMode>
                    <scale>1</scale>
                    <heading>0</heading>
                    <Icon id="5816">
                        <href>http://maps.google.com/mapfiles/kml/pushpin/ylw-pushpin.png</href>
                    </Icon>
                </IconStyle>
            </Style>
            <Style id="5819">
                <IconStyle id="5820">
                    <color>ffff0000</color>
                    <colorMode>normal</colorMode>
                    <scale>1</scale>
                    <heading>0</heading>
                    <Icon id="5821">
                        <href>http://maps.google.com/mapfiles/kml/pushpin/ylw-pushpin.png</href>
                    </Icon>
                </IconStyle>
            </Style>
            <Style id="5824">
                <IconStyle id="5825">
                    <color>ffff0000</color>
                    <colorMode>normal</colorMode>
                    <scale>1</scale>
                    <heading>0</heading>
                    <Icon id="5826">
                        <href>http://maps.google.com/mapfiles/kml/pushpin/ylw-pushpin.png</href>
                    </Icon>
                </IconStyle>
            </Style>
            <Style id="5829">
                <IconStyle id="5830">
                    <color>ffff0000</color>
                    <colorMode>normal</colorMode>
                    <scale>1</scale>
                    <heading>0</heading>
                    <Icon id="5831">
                        <href>http://maps.google.com/mapfiles/kml/pushpin/ylw-pushpin.png</href>
                    </Icon>
                </IconStyle>
            </Style>
            <Style id="5834">
                <IconStyle id="5835">
                    <color>ffff0000</color>
                    <colorMode>normal</colorMode>
                    <scale>1</scale>
                    <heading>0</heading>
                    <Icon id="5836">
                        <href>http://maps.google.com/mapfiles/kml/pushpin/ylw-pushpin.png</href>
                    </Icon>
                </IconStyle>
            </Style>
            <Style id="5839">
                <IconStyle id="5840">
                    <color>ffff0000</color>
                    <colorMode>normal</colorMode>
                    <scale>1</scale>
                    <heading>0</heading>
                    <Icon id="5841">
                        <href>http://maps.google.com/mapfiles/kml/pushpin/ylw-pushpin.png</href>
                    </Icon>
                </IconStyle>
            </Style>
            <Style id="5844">
                <IconStyle id="5845">
                    <color>ffff0000</color>
                    <colorMode>normal</colorMode>
                    <scale>1</scale>
                    <heading>0</heading>
                    <Icon id="5846">
                        <href>http://maps.google.com/mapfiles/kml/pushpin/ylw-pushpin.png</href>
                    </Icon>
                </IconStyle>
            </Style>
            <Style id="5849">
                <IconStyle id="5850">
                    <color>ffff0000</color>
                    <colorMode>normal</colorMode>
                    <scale>1</scale>
                    <heading>0</heading>
                    <Icon id="5851">
                        <href>http://maps.google.com/mapfiles/kml/pushpin/ylw-pushpin.png</href>
                    </Icon>
                </IconStyle>
            </Style>
            <Style id="5854">
                <IconStyle id="5855">
                    <color>ffff0000</color>
                    <colorMode>normal</colorMode>
                    <scale>1</scale>
                    <heading>0</heading>
                    <Icon id="5856">
                        <href>http://maps.google.com/mapfiles/kml/pushpin/ylw-pushpin.png</href>
                    </Icon>
                </IconStyle>
            </Style>
            <Style id="5859">
                <IconStyle id="5860">
                    <color>ffff0000</color>
                    <colorMode>normal</colorMode>
                    <scale>1</scale>
                    <heading>0</heading>
                    <Icon id="5861">
                        <href>http://maps.google.com/mapfiles/kml/pushpin/ylw-pushpin.png</href>
                    </Icon>
                </IconStyle>
            </Style>
            <Style id="5864">
                <IconStyle id="5865">
                    <color>ffff0000</color>
                    <colorMode>normal</colorMode>
                    <scale>1</scale>
                    <heading>0</heading>
                    <Icon id="5866">
                        <href>http://maps.google.com/mapfiles/kml/pushpin/ylw-pushpin.png</href>
                    </Icon>
                </IconStyle>
            </Style>
            <Style id="5869">
                <IconStyle id="5870">
                    <color>ffff0000</color>
                    <colorMode>normal</colorMode>
                    <scale>1</scale>
                    <heading>0</heading>
                    <Icon id="5871">
                        <href>http://maps.google.com/mapfiles/kml/pushpin/ylw-pushpin.png</href>
                    </Icon>
                </IconStyle>
            </Style>
            <Style id="5874">
                <IconStyle id="5875">
                    <color>ffff0000</color>
                    <colorMode>normal</colorMode>
                    <scale>1</scale>
                    <heading>0</heading>
                    <Icon id="5876">
                        <href>http://maps.google.com/mapfiles/kml/pushpin/ylw-pushpin.png</href>
                    </Icon>
                </IconStyle>
            </Style>
            <Style id="5879">
                <IconStyle id="5880">
                    <color>ffff0000</color>
                    <colorMode>normal</colorMode>
                    <scale>1</scale>
                    <heading>0</heading>
                    <Icon id="5881">
                        <href>http://maps.google.com/mapfiles/kml/pushpin/ylw-pushpin.png</href>
                    </Icon>
                </IconStyle>
            </Style>
            <Style id="5884">
                <IconStyle id="5885">
                    <color>ffff0000</color>
                    <colorMode>normal</colorMode>
                    <scale>1</scale>
                    <heading>0</heading>
                    <Icon id="5886">
                        <href>http://maps.google.com/mapfiles/kml/pushpin/ylw-pushpin.png</href>
                    </Icon>
                </IconStyle>
            </Style>
            <Style id="5889">
                <IconStyle id="5890">
                    <color>ffff0000</color>
                    <colorMode>normal</colorMode>
                    <scale>1</scale>
                    <heading>0</heading>
                    <Icon id="5891">
                        <href>http://maps.google.com/mapfiles/kml/pushpin/ylw-pushpin.png</href>
                    </Icon>
                </IconStyle>
            </Style>
            <Style id="5894">
                <IconStyle id="5895">
                    <color>ffff0000</color>
                    <colorMode>normal</colorMode>
                    <scale>1</scale>
                    <heading>0</heading>
                    <Icon id="5896">
                        <href>http://maps.google.com/mapfiles/kml/pushpin/ylw-pushpin.png</href>
                    </Icon>
                </IconStyle>
            </Style>
            <Style id="5899">
                <IconStyle id="5900">
                    <color>ffff0000</color>
                    <colorMode>normal</colorMode>
                    <scale>1</scale>
                    <heading>0</heading>
                    <Icon id="5901">
                        <href>http://maps.google.com/mapfiles/kml/pushpin/ylw-pushpin.png</href>
                    </Icon>
                </IconStyle>
            </Style>
            <Style id="5904">
                <IconStyle id="5905">
                    <color>ffff0000</color>
                    <colorMode>normal</colorMode>
                    <scale>1</scale>
                    <heading>0</heading>
                    <Icon id="5906">
                        <href>http://maps.google.com/mapfiles/kml/pushpin/ylw-pushpin.png</href>
                    </Icon>
                </IconStyle>
            </Style>
            <Style id="5909">
                <IconStyle id="5910">
                    <color>ffff0000</color>
                    <colorMode>normal</colorMode>
                    <scale>1</scale>
                    <heading>0</heading>
                    <Icon id="5911">
                        <href>http://maps.google.com/mapfiles/kml/pushpin/ylw-pushpin.png</href>
                    </Icon>
                </IconStyle>
            </Style>
            <Style id="5914">
                <IconStyle id="5915">
                    <color>ffff0000</color>
                    <colorMode>normal</colorMode>
                    <scale>1</scale>
                    <heading>0</heading>
                    <Icon id="5916">
                        <href>http://maps.google.com/mapfiles/kml/pushpin/ylw-pushpin.png</href>
                    </Icon>
                </IconStyle>
            </Style>
            <Style id="5919">
                <IconStyle id="5920">
                    <color>ffff0000</color>
                    <colorMode>normal</colorMode>
                    <scale>1</scale>
                    <heading>0</heading>
                    <Icon id="5921">
                        <href>http://maps.google.com/mapfiles/kml/pushpin/ylw-pushpin.png</href>
                    </Icon>
                </IconStyle>
            </Style>
            <Style id="5924">
                <IconStyle id="5925">
                    <color>ffff0000</color>
                    <colorMode>normal</colorMode>
                    <scale>1</scale>
                    <heading>0</heading>
                    <Icon id="5926">
                        <href>http://maps.google.com/mapfiles/kml/pushpin/ylw-pushpin.png</href>
                    </Icon>
                </IconStyle>
            </Style>
            <Style id="5929">
                <IconStyle id="5930">
                    <color>ffff0000</color>
                    <colorMode>normal</colorMode>
                    <scale>1</scale>
                    <heading>0</heading>
                    <Icon id="5931">
                        <href>http://maps.google.com/mapfiles/kml/pushpin/ylw-pushpin.png</href>
                    </Icon>
                </IconStyle>
            </Style>
            <Style id="5934">
                <IconStyle id="5935">
                    <color>ffff0000</color>
                    <colorMode>normal</colorMode>
                    <scale>1</scale>
                    <heading>0</heading>
                    <Icon id="5936">
                        <href>http://maps.google.com/mapfiles/kml/pushpin/ylw-pushpin.png</href>
                    </Icon>
                </IconStyle>
            </Style>
            <Style id="5939">
                <IconStyle id="5940">
                    <color>ffff0000</color>
                    <colorMode>normal</colorMode>
                    <scale>1</scale>
                    <heading>0</heading>
                    <Icon id="5941">
                        <href>http://maps.google.com/mapfiles/kml/pushpin/ylw-pushpin.png</href>
                    </Icon>
                </IconStyle>
            </Style>
            <Style id="5944">
                <IconStyle id="5945">
                    <color>ffff0000</color>
                    <colorMode>normal</colorMode>
                    <scale>1</scale>
                    <heading>0</heading>
                    <Icon id="5946">
                        <href>http://maps.google.com/mapfiles/kml/pushpin/ylw-pushpin.png</href>
                    </Icon>
                </IconStyle>
            </Style>
            <Style id="5949">
                <IconStyle id="5950">
                    <color>ffff0000</color>
                    <colorMode>normal</colorMode>
                    <scale>1</scale>
                    <heading>0</heading>
                    <Icon id="5951">
                        <href>http://maps.google.com/mapfiles/kml/pushpin/ylw-pushpin.png</href>
                    </Icon>
                </IconStyle>
            </Style>
            <Style id="5954">
                <IconStyle id="5955">
                    <color>ffff0000</color>
                    <colorMode>normal</colorMode>
                    <scale>1</scale>
                    <heading>0</heading>
                    <Icon id="5956">
                        <href>http://maps.google.com/mapfiles/kml/pushpin/ylw-pushpin.png</href>
                    </Icon>
                </IconStyle>
            </Style>
            <Style id="5959">
                <IconStyle id="5960">
                    <color>ffff0000</color>
                    <colorMode>normal</colorMode>
                    <scale>1</scale>
                    <heading>0</heading>
                    <Icon id="5961">
                        <href>http://maps.google.com/mapfiles/kml/pushpin/ylw-pushpin.png</href>
                    </Icon>
                </IconStyle>
            </Style>
            <Style id="5964">
                <IconStyle id="5965">
                    <color>ffff0000</color>
                    <colorMode>normal</colorMode>
                    <scale>1</scale>
                    <heading>0</heading>
                    <Icon id="5966">
                        <href>http://maps.google.com/mapfiles/kml/pushpin/ylw-pushpin.png</href>
                    </Icon>
                </IconStyle>
            </Style>
            <Style id="5969">
                <IconStyle id="5970">
                    <color>ffff0000</color>
                    <colorMode>normal</colorMode>
                    <scale>1</scale>
                    <heading>0</heading>
                    <Icon id="5971">
                        <href>http://maps.google.com/mapfiles/kml/pushpin/ylw-pushpin.png</href>
                    </Icon>
                </IconStyle>
            </Style>
            <Style id="5974">
                <IconStyle id="5975">
                    <color>ffff0000</color>
                    <colorMode>normal</colorMode>
                    <scale>1</scale>
                    <heading>0</heading>
                    <Icon id="5976">
                        <href>http://maps.google.com/mapfiles/kml/pushpin/ylw-pushpin.png</href>
                    </Icon>
                </IconStyle>
            </Style>
            <Style id="5979">
                <IconStyle id="5980">
                    <color>ffff0000</color>
                    <colorMode>normal</colorMode>
                    <scale>1</scale>
                    <heading>0</heading>
                    <Icon id="5981">
                        <href>http://maps.google.com/mapfiles/kml/pushpin/ylw-pushpin.png</href>
                    </Icon>
                </IconStyle>
            </Style>
            <name>MANUEL ENRIQUE ZAPATA QUEVEDO</name>
            <Placemark id="5773">
                <name>CRISTIAN LOPEZ MORALES</name>
                <description>PASAJE NUEVO HORIZONTE C-4 MONTE SULLON CATACAOS
Catacaos

Piura
Perú</description>
                <styleUrl>#5774</styleUrl>
                <Point id="5772">
                    <coordinates>-80.6783574,-5.2768605,0.0</coordinates>
                </Point>
            </Placemark>
            <Placemark id="5778">
                <name>JASSMIN MILAGROS ZORRILLA PEREZ</name>
                <description>16 de noviembre Mz L Lote 16 Juan de Mori
Catacaos
Catacaos
Piura
Perú</description>
                <styleUrl>#5779</styleUrl>
                <Point id="5777">
                    <coordinates>-80.6797392,-5.2676671,0.0</coordinates>
                </Point>
            </Placemark>
            <Placemark id="5783">
                <name>YOLANDA CASTRO NIZAMA</name>
                <description>Av Juan Velasco Alvarado 137 cp pozo de los ramos
Cura Mori
Piura
Piura
Perú</description>
                <styleUrl>#5784</styleUrl>
                <Point id="5782">
                    <coordinates>-80.6630659,-5.3466946,0.0</coordinates>
                </Point>
            </Placemark>
            <Placemark id="5788">
                <name>NERIDA ESTHER VALVERDE VILCHEZ</name>
                <description>ICA 511 MZ T LT 36
Cura Mori
Piura
Piura
Perú</description>
                <styleUrl>#5789</styleUrl>
                <Point id="5787">
                    <coordinates>-80.663948,-5.3230089,0.0</coordinates>
                </Point>
            </Placemark>
            <Placemark id="5793">
                <name>JESSICA DEL PILAR MORE SILUPU</name>
                <description>JR CHULUCANAS BR LOS ANGELES 408 CURAMORI-CATACAOS
Cura Mori
Piura
Piura
Perú</description>
                <styleUrl>#5794</styleUrl>
                <Point id="5792">
                    <coordinates>-80.663075,-5.3268375,0.0</coordinates>
                </Point>
            </Placemark>
            <Placemark id="5798">
                <name>BETSABEE DEL CARMEN CRUZ DE SOSA</name>
                <description>JR.AREQUIPA S/NCURA MORI (FTE.COLEG
Cura Mori
Piura
Piura
Perú</description>
                <styleUrl>#5799</styleUrl>
                <Point id="5797">
                    <coordinates>-80.6645982,-5.3271238,0.0</coordinates>
                </Point>
            </Placemark>
            <Placemark id="5803">
                <name>MARIA ZAIDA ESPINOZA MORALES</name>
                <description>AH 26 DE NOVIEMBRE S/N  CALLE LOS JUBILADOS CURA MORI



Perú</description>
                <styleUrl>#5804</styleUrl>
                <Point id="5802">
                    <coordinates>-80.6665884,-5.3266216,0.0</coordinates>
                </Point>
            </Placemark>
            <Placemark id="5808">
                <name>ANA MARIBEL VILCHEZ CASTILLO</name>
                <description>AV GRAU  1001/CHULUCANAS CURA MORI



Perú</description>
                <styleUrl>#5809</styleUrl>
                <Point id="5807">
                    <coordinates>-80.6655091,-5.3261336,0.0</coordinates>
                </Point>
            </Placemark>
            <Placemark id="5813">
                <name>EDILBERTO VALENCIA CARMEN</name>
                <description>Los héroes mz G lote 7
Cura Mori
Piura
Piura
Perú</description>
                <styleUrl>#5814</styleUrl>
                <Point id="5812">
                    <coordinates>-80.6644995,-5.3206551,0.0</coordinates>
                </Point>
            </Placemark>
            <Placemark id="5818">
                <name>JUANA MARIA PALACIOS DE CRUZ</name>
                <description>JR.GRAU NÂª903 CURA MORI
Cura Mori
Piura
Piura
Perú</description>
                <styleUrl>#5819</styleUrl>
                <Point id="5817">
                    <coordinates>-80.6651473,-5.3255838,0.0</coordinates>
                </Point>
            </Placemark>
            <Placemark id="5823">
                <name>ELIZABETH LOURDES COBEÑAS CRUZ</name>
                <description>ELIZABETH LOURDES COBEÑAS CRUZ
AV. GRAU 808 - CURAMORI
Cura Mori
Piura
Piura
Perú</description>
                <styleUrl>#5824</styleUrl>
                <Point id="5822">
                    <coordinates>-80.6651746,-5.3254305,0.0</coordinates>
                </Point>
            </Placemark>
            <Placemark id="5828">
                <name>WALTER MAZA CIELO</name>
                <description>WALTER MAZA CIELO
JR. PIURA 309 CURA MORI
Cura Mori
Piura
Piura
Perú</description>
                <styleUrl>#5829</styleUrl>
                <Point id="5827">
                    <coordinates>-80.6644239,-5.3250254,0.0</coordinates>
                </Point>
            </Placemark>
            <Placemark id="5833">
                <name>DANITZA VALENCIA MORALES</name>
                <description>CALLE SIMON BOLIVAR MZK-5
Cura Mori
Piura
Piura
Perú</description>
                <styleUrl>#5834</styleUrl>
                <Point id="5832">
                    <coordinates>-80.660382,-5.3213849,0.0</coordinates>
                </Point>
            </Placemark>
            <Placemark id="5838">
                <name>DIANA CAROLINA RAMOS VILCHEZ</name>
                <description>ATAHUALPA NÂ°190 ESQ.CON CA.ABRAHANNERI
Cura Mori
Piura
Piura
Perú</description>
                <styleUrl>#5839</styleUrl>
                <Point id="5837">
                    <coordinates>-80.6611066,-5.319522,0.0</coordinates>
                </Point>
            </Placemark>
            <Placemark id="5843">
                <name>LUZ MERY ESPINOZA ZAPATA</name>
                <description>CALLEVSAN MARTIN M-S/L CURA MORI BARRIO MONTE VERDE
Cura Mori

Piura
Perú</description>
                <styleUrl>#5844</styleUrl>
                <Point id="5842">
                    <coordinates>-80.6590177,-5.3195756,0.0</coordinates>
                </Point>
            </Placemark>
            <Placemark id="5848">
                <name>TUME TIMANA MARIA DEL PILAR</name>
                <description>MZ. D LT. 6 AAHH LOS TALLANES
Catacaos
Catacaos
Piura
Perú</description>
                <styleUrl>#5849</styleUrl>
                <Point id="5847">
                    <coordinates>-80.6737991,-5.2731799,0.0</coordinates>
                </Point>
            </Placemark>
            <Placemark id="5853">
                <name>MARIA ELENA PAZ MORE</name>
                <description>MARIA ELENA PAZ MORE
CA.ABRAHAM NERI 230 NVO.SANTA ROSACURA MORI
Cura Mori
Piura
Piura
Perú</description>
                <styleUrl>#5854</styleUrl>
                <Point id="5852">
                    <coordinates>-80.6616085,-5.3196928,0.0</coordinates>
                </Point>
            </Placemark>
            <Placemark id="5858">
                <name>JENNY MARGOT RAMOS MARCELO</name>
                <description>CA.ABRAHAN NERI 227 CURAMORI
Cura Mori
Piura
Piura
Perú</description>
                <styleUrl>#5859</styleUrl>
                <Point id="5857">
                    <coordinates>-80.6615704,-5.3195839,0.0</coordinates>
                </Point>
            </Placemark>
            <Placemark id="5863">
                <name>IRMA SANDOVAL ZAPATA</name>
                <description>CALLE TACNA S/N AGRANEGRON ULLOA CURA MORI
Cura Mori
Piura
Piura
Perú</description>
                <styleUrl>#5864</styleUrl>
                <Point id="5862">
                    <coordinates>-80.6622022,-5.3195697,0.0</coordinates>
                </Point>
            </Placemark>
            <Placemark id="5868">
                <name>LUZ AMERICA TEZEN INGA</name>
                <description>CUSCO 121 MZ C LT 121
Cura Mori
Piura
Piura
Perú</description>
                <styleUrl>#5869</styleUrl>
                <Point id="5867">
                    <coordinates>-80.6628291,-5.3204638,0.0</coordinates>
                </Point>
            </Placemark>
            <Placemark id="5873">
                <name>MARLENI YOVERA MARCELO</name>
                <description>MARLENI YOVERA MARCELO
CUZCO NÂª127 CURA MORI
Cura Mori
Piura
Piura
Perú</description>
                <styleUrl>#5874</styleUrl>
                <Point id="5872">
                    <coordinates>-80.6628582,-5.3206706,0.0</coordinates>
                </Point>
            </Placemark>
            <Placemark id="5878">
                <name>KEVIN JOEL VILCHEZ FRIAS</name>
                <description>Av Grau Mz Ll Lote 12
Cura Mori
Piura
Piura
Perú</description>
                <styleUrl>#5879</styleUrl>
                <Point id="5877">
                    <coordinates>-80.6639731,-5.3213075,0.0</coordinates>
                </Point>
            </Placemark>
            <Placemark id="5883">
                <name>ROSA ELENA QUINTANA CASTILLO</name>
                <description>AVENIDA GRAU 1219 GRAU 1219
Cura Mori
Piura
Piura
Perú</description>
                <styleUrl>#5884</styleUrl>
                <Point id="5882">
                    <coordinates>-80.6662024,-5.3289208,0.0</coordinates>
                </Point>
            </Placemark>
            <Placemark id="5888">
                <name>JESUS WILFREDO PALACIOS CORREA</name>
                <description>CALLE SAN BORJA K LOT 16 CUTIVALU 2DA ETAPA
Catacaos
Catacaos
Piura
Perú</description>
                <styleUrl>#5889</styleUrl>
                <Point id="5887">
                    <coordinates>-80.6714618,-5.2720237,0.0</coordinates>
                </Point>
            </Placemark>
            <Placemark id="5893">
                <name>MILAGROS DEL SOCORRO VEGA NAVARRO</name>
                <description>CA.JOSE GALVEZ MZ.M LTE.7 A.H.LUCAS
Catacaos
Catacaos
Piura
Perú</description>
                <styleUrl>#5894</styleUrl>
                <Point id="5892">
                    <coordinates>-80.6712224,-5.2717602,0.0</coordinates>
                </Point>
            </Placemark>
            <Placemark id="5898">
                <name>SOLVEY COBEÑAS LOZANO</name>
                <description>CA.GIRASOLES MZ.K LTE.1 II ETAPA CU
Catacaos
Catacaos
Piura
Perú</description>
                <styleUrl>#5899</styleUrl>
                <Point id="5897">
                    <coordinates>-80.6723984,-5.269623,0.0</coordinates>
                </Point>
            </Placemark>
            <Placemark id="5903">
                <name>ALICIA MELANY SIESQUEN ADANAQUE</name>
                <description>CALLE ARROYO MIO AAHH CRISTIAN REQUENA MZ D LT 22
Catacaos

Piura
Perú</description>
                <styleUrl>#5904</styleUrl>
                <Point id="5902">
                    <coordinates>-80.668916,-5.270805,0.0</coordinates>
                </Point>
            </Placemark>
            <Placemark id="5908">
                <name>RAUL AGUILAR RODRIGUEZ</name>
                <description>AH LOS JARDINES B-36.CATACAOS



Perú</description>
                <styleUrl>#5909</styleUrl>
                <Point id="5907">
                    <coordinates>-80.6682638,-5.2692335,0.0</coordinates>
                </Point>
            </Placemark>
            <Placemark id="5913">
                <name>SILVIA ZAPATA LUPUCHE</name>
                <description>MZ B LOT 21 AAHH LOS JARDINES COSTADO DE LA CANALETA
Catacaos
Catacaos
Piura
Perú</description>
                <styleUrl>#5914</styleUrl>
                <Point id="5912">
                    <coordinates>-80.6680826,-5.2688666,0.0</coordinates>
                </Point>
            </Placemark>
            <Placemark id="5918">
                <name>JESUS ANGEL JUAREZ VILCHEZ</name>
                <description>JIRON ATAHUALPA MZN-2 LOTE17 CURA MORI CATACAOS
Cura Mori
Piura
Piura
Perú</description>
                <styleUrl>#5919</styleUrl>
                <Point id="5917">
                    <coordinates>-80.6622469,-5.325095,0.0</coordinates>
                </Point>
            </Placemark>
            <Placemark id="5923">
                <name>MAGALY NORA PASACHE VALVERDE</name>
                <description>MZ A LT 28 AAHH LOS JARDINES CATACAOS
Catacaos
Catacaos
Piura
Perú</description>
                <styleUrl>#5924</styleUrl>
                <Point id="5922">
                    <coordinates>-80.6685846,-5.270211,0.0</coordinates>
                </Point>
            </Placemark>
            <Placemark id="5928">
                <name>JUSTA PASTORA FLORES RAMOS</name>
                <description>AH LUCAS CUTIVALU 104 CATACAOS
Catacaos

Piura
Perú</description>
                <styleUrl>#5929</styleUrl>
                <Point id="5927">
                    <coordinates>-80.670319,-5.268341,0.0</coordinates>
                </Point>
            </Placemark>
            <Placemark id="5933">
                <name>MARIA DOLORES SULLON VERA</name>
                <description>MARIA DOLORES SULLON VERA
CAL. A.A.CACERES NÂº108 A.H.LUCAS C
Catacaos

Piura
Perú</description>
                <styleUrl>#5934</styleUrl>
                <Point id="5932">
                    <coordinates>-80.6706994,-5.2682161,0.0</coordinates>
                </Point>
            </Placemark>
            <Placemark id="5938">
                <name>ELIANA ELIZABETH CASTILLO AMAYA</name>
                <description>AH LUCAS CUTIVALU CA ANDRES A CACERES MZ J LOT 1
Catacaos
Catacaos
Piura
Perú</description>
                <styleUrl>#5939</styleUrl>
                <Point id="5937">
                    <coordinates>-80.6713582,-5.2689261,0.0</coordinates>
                </Point>
            </Placemark>
            <Placemark id="5943">
                <name>MARIA HAYDEE SILVA MORE</name>
                <description>LUCAS CUTIVALU MZ J LT 10 II ETAPA CATACAOS-PIURA
Catacaos
Catacaos
Piura
Perú</description>
                <styleUrl>#5944</styleUrl>
                <Point id="5942">
                    <coordinates>-80.6720517,-5.2676819,0.0</coordinates>
                </Point>
            </Placemark>
            <Placemark id="5948">
                <name>TUME TIMANA MARIA DEL PILAR</name>
                <description>MZ. D LT. 6 AAHH LOS TALLANES
Catacaos
Catacaos
Piura
Perú</description>
                <styleUrl>#5949</styleUrl>
                <Point id="5947">
                    <coordinates>-80.6737991,-5.2731799,0.0</coordinates>
                </Point>
            </Placemark>
            <Placemark id="5953">
                <name>CARRASCO FARFAN PIERINA</name>
                <description>AAHH TALLANES 2DA ETAPA MZ C LT 2
Catacaos

Piura
Perú</description>
                <styleUrl>#5954</styleUrl>
                <Point id="5952">
                    <coordinates>-80.673902,-5.2744896,0.0</coordinates>
                </Point>
            </Placemark>
            <Placemark id="5958">
                <name>EMMA LLACSAHUACHE RIVERA</name>
                <description>MZ C LOT 1 AH LOS TALLANES II ETAPA
Catacaos
Catacaos
Piura
Perú</description>
                <styleUrl>#5959</styleUrl>
                <Point id="5957">
                    <coordinates>-80.6738111,-5.274504,0.0</coordinates>
                </Point>
            </Placemark>
            <Placemark id="5963">
                <name>FRANCISCA TRELLES VILCHEZ</name>
                <description>AAHH LOS TALLANES , CALLE MI PERU MZ C LOTE 05 NÚMERO 109 CATACAOS
Catacaos
Catacaos
Piura
Perú</description>
                <styleUrl>#5964</styleUrl>
                <Point id="5962">
                    <coordinates>-80.6734961,-5.2725371,0.0</coordinates>
                </Point>
            </Placemark>
            <Placemark id="5968">
                <name>MARIA ISABEL ALBERCA NAIRA</name>
                <description>AV.LAS PALMERAS DEL NORTE MZ.L LTE.17 L.CUTIVALU
Catacaos
Catacaos
Piura
Perú</description>
                <styleUrl>#5969</styleUrl>
                <Point id="5967">
                    <coordinates>-80.672065,-5.2694952,0.0</coordinates>
                </Point>
            </Placemark>
            <Placemark id="5973">
                <name>MARIA MARGARITA RAMOS MORALES</name>
                <description>LAS PALMERAS A-20 AH.L.CUTIVALU CAT
Catacaos
Catacaos
Piura
Perú</description>
                <styleUrl>#5974</styleUrl>
                <Point id="5972">
                    <coordinates>-80.6716733,-5.2684446,0.0</coordinates>
                </Point>
            </Placemark>
            <Placemark id="5978">
                <name>ROSALIA ESTRADA CARDOZA</name>
                <description>LAS PALMERAS LUCAS CUTIVALU II ETAPA 110 CATACOS-PIURA
Catacaos
Catacaos
Piura
Perú</description>
                <styleUrl>#5979</styleUrl>
                <Point id="5977">
                    <coordinates>-80.6712484,-5.2677744,0.0</coordinates>
                </Point>
            </Placemark>
        </Folder>
        <Folder id="5982">
            <Style id="5985">
                <IconStyle id="5986">
                    <color>ff008000</color>
                    <colorMode>normal</colorMode>
                    <scale>1</scale>
                    <heading>0</heading>
                    <Icon id="5987">
                        <href>http://maps.google.com/mapfiles/kml/pushpin/ylw-pushpin.png</href>
                    </Icon>
                </IconStyle>
            </Style>
            <Style id="5990">
                <IconStyle id="5991">
                    <color>ff008000</color>
                    <colorMode>normal</colorMode>
                    <scale>1</scale>
                    <heading>0</heading>
                    <Icon id="5992">
                        <href>http://maps.google.com/mapfiles/kml/pushpin/ylw-pushpin.png</href>
                    </Icon>
                </IconStyle>
            </Style>
            <Style id="5995">
                <IconStyle id="5996">
                    <color>ff008000</color>
                    <colorMode>normal</colorMode>
                    <scale>1</scale>
                    <heading>0</heading>
                    <Icon id="5997">
                        <href>http://maps.google.com/mapfiles/kml/pushpin/ylw-pushpin.png</href>
                    </Icon>
                </IconStyle>
            </Style>
            <Style id="6000">
                <IconStyle id="6001">
                    <color>ff008000</color>
                    <colorMode>normal</colorMode>
                    <scale>1</scale>
                    <heading>0</heading>
                    <Icon id="6002">
                        <href>http://maps.google.com/mapfiles/kml/pushpin/ylw-pushpin.png</href>
                    </Icon>
                </IconStyle>
            </Style>
            <Style id="6005">
                <IconStyle id="6006">
                    <color>ff008000</color>
                    <colorMode>normal</colorMode>
                    <scale>1</scale>
                    <heading>0</heading>
                    <Icon id="6007">
                        <href>http://maps.google.com/mapfiles/kml/pushpin/ylw-pushpin.png</href>
                    </Icon>
                </IconStyle>
            </Style>
            <Style id="6010">
                <IconStyle id="6011">
                    <color>ff008000</color>
                    <colorMode>normal</colorMode>
                    <scale>1</scale>
                    <heading>0</heading>
                    <Icon id="6012">
                        <href>http://maps.google.com/mapfiles/kml/pushpin/ylw-pushpin.png</href>
                    </Icon>
                </IconStyle>
            </Style>
            <Style id="6015">
                <IconStyle id="6016">
                    <color>ff008000</color>
                    <colorMode>normal</colorMode>
                    <scale>1</scale>
                    <heading>0</heading>
                    <Icon id="6017">
                        <href>http://maps.google.com/mapfiles/kml/pushpin/ylw-pushpin.png</href>
                    </Icon>
                </IconStyle>
            </Style>
            <Style id="6020">
                <IconStyle id="6021">
                    <color>ff008000</color>
                    <colorMode>normal</colorMode>
                    <scale>1</scale>
                    <heading>0</heading>
                    <Icon id="6022">
                        <href>http://maps.google.com/mapfiles/kml/pushpin/ylw-pushpin.png</href>
                    </Icon>
                </IconStyle>
            </Style>
            <Style id="6025">
                <IconStyle id="6026">
                    <color>ff008000</color>
                    <colorMode>normal</colorMode>
                    <scale>1</scale>
                    <heading>0</heading>
                    <Icon id="6027">
                        <href>http://maps.google.com/mapfiles/kml/pushpin/ylw-pushpin.png</href>
                    </Icon>
                </IconStyle>
            </Style>
            <Style id="6030">
                <IconStyle id="6031">
                    <color>ff008000</color>
                    <colorMode>normal</colorMode>
                    <scale>1</scale>
                    <heading>0</heading>
                    <Icon id="6032">
                        <href>http://maps.google.com/mapfiles/kml/pushpin/ylw-pushpin.png</href>
                    </Icon>
                </IconStyle>
            </Style>
            <Style id="6035">
                <IconStyle id="6036">
                    <color>ff008000</color>
                    <colorMode>normal</colorMode>
                    <scale>1</scale>
                    <heading>0</heading>
                    <Icon id="6037">
                        <href>http://maps.google.com/mapfiles/kml/pushpin/ylw-pushpin.png</href>
                    </Icon>
                </IconStyle>
            </Style>
            <Style id="6040">
                <IconStyle id="6041">
                    <color>ff008000</color>
                    <colorMode>normal</colorMode>
                    <scale>1</scale>
                    <heading>0</heading>
                    <Icon id="6042">
                        <href>http://maps.google.com/mapfiles/kml/pushpin/ylw-pushpin.png</href>
                    </Icon>
                </IconStyle>
            </Style>
            <Style id="6045">
                <IconStyle id="6046">
                    <color>ff008000</color>
                    <colorMode>normal</colorMode>
                    <scale>1</scale>
                    <heading>0</heading>
                    <Icon id="6047">
                        <href>http://maps.google.com/mapfiles/kml/pushpin/ylw-pushpin.png</href>
                    </Icon>
                </IconStyle>
            </Style>
            <Style id="6050">
                <IconStyle id="6051">
                    <color>ff008000</color>
                    <colorMode>normal</colorMode>
                    <scale>1</scale>
                    <heading>0</heading>
                    <Icon id="6052">
                        <href>http://maps.google.com/mapfiles/kml/pushpin/ylw-pushpin.png</href>
                    </Icon>
                </IconStyle>
            </Style>
            <Style id="6055">
                <IconStyle id="6056">
                    <color>ff008000</color>
                    <colorMode>normal</colorMode>
                    <scale>1</scale>
                    <heading>0</heading>
                    <Icon id="6057">
                        <href>http://maps.google.com/mapfiles/kml/pushpin/ylw-pushpin.png</href>
                    </Icon>
                </IconStyle>
            </Style>
            <Style id="6060">
                <IconStyle id="6061">
                    <color>ff008000</color>
                    <colorMode>normal</colorMode>
                    <scale>1</scale>
                    <heading>0</heading>
                    <Icon id="6062">
                        <href>http://maps.google.com/mapfiles/kml/pushpin/ylw-pushpin.png</href>
                    </Icon>
                </IconStyle>
            </Style>
            <Style id="6065">
                <IconStyle id="6066">
                    <color>ff008000</color>
                    <colorMode>normal</colorMode>
                    <scale>1</scale>
                    <heading>0</heading>
                    <Icon id="6067">
                        <href>http://maps.google.com/mapfiles/kml/pushpin/ylw-pushpin.png</href>
                    </Icon>
                </IconStyle>
            </Style>
            <Style id="6070">
                <IconStyle id="6071">
                    <color>ff008000</color>
                    <colorMode>normal</colorMode>
                    <scale>1</scale>
                    <heading>0</heading>
                    <Icon id="6072">
                        <href>http://maps.google.com/mapfiles/kml/pushpin/ylw-pushpin.png</href>
                    </Icon>
                </IconStyle>
            </Style>
            <Style id="6075">
                <IconStyle id="6076">
                    <color>ff008000</color>
                    <colorMode>normal</colorMode>
                    <scale>1</scale>
                    <heading>0</heading>
                    <Icon id="6077">
                        <href>http://maps.google.com/mapfiles/kml/pushpin/ylw-pushpin.png</href>
                    </Icon>
                </IconStyle>
            </Style>
            <Style id="6080">
                <IconStyle id="6081">
                    <color>ff008000</color>
                    <colorMode>normal</colorMode>
                    <scale>1</scale>
                    <heading>0</heading>
                    <Icon id="6082">
                        <href>http://maps.google.com/mapfiles/kml/pushpin/ylw-pushpin.png</href>
                    </Icon>
                </IconStyle>
            </Style>
            <Style id="6085">
                <IconStyle id="6086">
                    <color>ff008000</color>
                    <colorMode>normal</colorMode>
                    <scale>1</scale>
                    <heading>0</heading>
                    <Icon id="6087">
                        <href>http://maps.google.com/mapfiles/kml/pushpin/ylw-pushpin.png</href>
                    </Icon>
                </IconStyle>
            </Style>
            <Style id="6090">
                <IconStyle id="6091">
                    <color>ff008000</color>
                    <colorMode>normal</colorMode>
                    <scale>1</scale>
                    <heading>0</heading>
                    <Icon id="6092">
                        <href>http://maps.google.com/mapfiles/kml/pushpin/ylw-pushpin.png</href>
                    </Icon>
                </IconStyle>
            </Style>
            <Style id="6095">
                <IconStyle id="6096">
                    <color>ff008000</color>
                    <colorMode>normal</colorMode>
                    <scale>1</scale>
                    <heading>0</heading>
                    <Icon id="6097">
                        <href>http://maps.google.com/mapfiles/kml/pushpin/ylw-pushpin.png</href>
                    </Icon>
                </IconStyle>
            </Style>
            <Style id="6100">
                <IconStyle id="6101">
                    <color>ff008000</color>
                    <colorMode>normal</colorMode>
                    <scale>1</scale>
                    <heading>0</heading>
                    <Icon id="6102">
                        <href>http://maps.google.com/mapfiles/kml/pushpin/ylw-pushpin.png</href>
                    </Icon>
                </IconStyle>
            </Style>
            <Style id="6105">
                <IconStyle id="6106">
                    <color>ff008000</color>
                    <colorMode>normal</colorMode>
                    <scale>1</scale>
                    <heading>0</heading>
                    <Icon id="6107">
                        <href>http://maps.google.com/mapfiles/kml/pushpin/ylw-pushpin.png</href>
                    </Icon>
                </IconStyle>
            </Style>
            <Style id="6110">
                <IconStyle id="6111">
                    <color>ff008000</color>
                    <colorMode>normal</colorMode>
                    <scale>1</scale>
                    <heading>0</heading>
                    <Icon id="6112">
                        <href>http://maps.google.com/mapfiles/kml/pushpin/ylw-pushpin.png</href>
                    </Icon>
                </IconStyle>
            </Style>
            <Style id="6115">
                <IconStyle id="6116">
                    <color>ff008000</color>
                    <colorMode>normal</colorMode>
                    <scale>1</scale>
                    <heading>0</heading>
                    <Icon id="6117">
                        <href>http://maps.google.com/mapfiles/kml/pushpin/ylw-pushpin.png</href>
                    </Icon>
                </IconStyle>
            </Style>
            <Style id="6120">
                <IconStyle id="6121">
                    <color>ff008000</color>
                    <colorMode>normal</colorMode>
                    <scale>1</scale>
                    <heading>0</heading>
                    <Icon id="6122">
                        <href>http://maps.google.com/mapfiles/kml/pushpin/ylw-pushpin.png</href>
                    </Icon>
                </IconStyle>
            </Style>
            <Style id="6125">
                <IconStyle id="6126">
                    <color>ff008000</color>
                    <colorMode>normal</colorMode>
                    <scale>1</scale>
                    <heading>0</heading>
                    <Icon id="6127">
                        <href>http://maps.google.com/mapfiles/kml/pushpin/ylw-pushpin.png</href>
                    </Icon>
                </IconStyle>
            </Style>
            <Style id="6130">
                <IconStyle id="6131">
                    <color>ff008000</color>
                    <colorMode>normal</colorMode>
                    <scale>1</scale>
                    <heading>0</heading>
                    <Icon id="6132">
                        <href>http://maps.google.com/mapfiles/kml/pushpin/ylw-pushpin.png</href>
                    </Icon>
                </IconStyle>
            </Style>
            <Style id="6135">
                <IconStyle id="6136">
                    <color>ff008000</color>
                    <colorMode>normal</colorMode>
                    <scale>1</scale>
                    <heading>0</heading>
                    <Icon id="6137">
                        <href>http://maps.google.com/mapfiles/kml/pushpin/ylw-pushpin.png</href>
                    </Icon>
                </IconStyle>
            </Style>
            <name>MARIO ALBERTO QUINTANA SANDOVAL</name>
            <Placemark id="5984">
                <name>GARCIA AGUIRRE MARCO ANTONIO</name>
                <description>GARCIA AGUIRRE MARCO ANTONIO
Calle Bolognesi 301 - centro de tumbes
Tumbes
Tumbes
Tumbes
Perú</description>
                <styleUrl>#5985</styleUrl>
                <Point id="5983">
                    <coordinates>-80.4579149,-3.569762,0.0</coordinates>
                </Point>
            </Placemark>
            <Placemark id="5989">
                <name>ORO PLAZA S.A.C</name>
                <description>ORO PLAZA S.A.C
JR. TARAPACA Y CALLE TUMBES MZA. C LOTE. 01 C.P.  CERCADO DE ZARUMILLA
Zarumilla
240301Zarumilla
Tumbes
Perú</description>
                <styleUrl>#5990</styleUrl>
                <Point id="5988">
                    <coordinates>-80.2739177,-3.4981659,0.0</coordinates>
                </Point>
            </Placemark>
            <Placemark id="5994">
                <name>WILLIAN RIGOBERTO GRANDA PEÑA</name>
                <description>Av. Lambayeque sin número. Referencia frente a comercial Salvdor
Aguas Verdes
24101
Tumbes
Perú</description>
                <styleUrl>#5995</styleUrl>
                <Point id="5993">
                    <coordinates>-80.2450455,-3.4828029,0.0</coordinates>
                </Point>
            </Placemark>
            <Placemark id="5999">
                <name>PANDALLE TU MUNDO SOCIEDAD COMERCIAL DE RESPONSABILIDAD LIMITADA</name>
                <description>PANDALLE TU MUNDO SOCIEDAD COMERCIAL DE RESPONSABILIDAD LIMITADA
JR. LAMBAYEQUE NRO. 212 CENTRO DE AGUAS VERDES
Aguas Verdes
240302Aguas Verdes
Tumbes
Perú</description>
                <styleUrl>#6000</styleUrl>
                <Point id="5998">
                    <coordinates>-80.2452555,-3.4828282,0.0</coordinates>
                </Point>
            </Placemark>
            <Placemark id="6004">
                <name>CASTILLO CARBAJAL MARILU</name>
                <description>CALLE TUMBES  MZ L LOTE 7 AAHH. TOMAS ARIZOLA  AGUAS VERDES
Aguas Verdes
Zarumilla
Tumbes
Perú</description>
                <styleUrl>#6005</styleUrl>
                <Point id="6003">
                    <coordinates>-80.2457844,-3.4803722,0.0</coordinates>
                </Point>
            </Placemark>
            <Placemark id="6009">
                <name>JHAN CARLOS ABRAMONTE ORDINOLA</name>
                <description>tomas arisola MZ 22 lote 9 - aguas verdes 
Aguas Verdes
24101Aguas Verdes
Tumbes
Perú</description>
                <styleUrl>#6010</styleUrl>
                <Point id="6008">
                    <coordinates>-80.2456017,-3.4790339,0.0</coordinates>
                </Point>
            </Placemark>
            <Placemark id="6014">
                <name>ROSAMELIA SAAVEDRA JAICO</name>
                <description>calle las margaritas mz  G lote 19- villa primavera
Aguas Verdes
24101Aguas Verdes
Tumbes
Perú</description>
                <styleUrl>#6015</styleUrl>
                <Point id="6013">
                    <coordinates>-80.2575831,-3.4823328,0.0</coordinates>
                </Point>
            </Placemark>
            <Placemark id="6019">
                <name>PAQUITA JHAMILEX YOVERA GALLARDO</name>
                <description>Calle jardines mz r lt 13 villa primavera antes de la cancha
Zarumilla
Zarumilla
Tumbes
Perú</description>
                <styleUrl>#6020</styleUrl>
                <Point id="6018">
                    <coordinates>-80.2606942,-3.4811159,0.0</coordinates>
                </Point>
            </Placemark>
            <Placemark id="6024">
                <name>SANTOS TERESA FLORES CHAVEZ</name>
                <description>calle los jardines mz Y lote 10  - AAHH villa primavera
Aguas Verdes
24101Aguas Verdes
Tumbes
Perú</description>
                <styleUrl>#6025</styleUrl>
                <Point id="6023">
                    <coordinates>-80.261631,-3.4796687,0.0</coordinates>
                </Point>
            </Placemark>
            <Placemark id="6029">
                <name>CRUZ MARIA YOVERA PULACHE</name>
                <description>Av. Las flores Mz J lote 15 villa primavera Aguas verdes. Referencia afuera vende pescado a 200m del arco
Aguas Verdes
Aguas Verdes
Tumbes
Perú</description>
                <styleUrl>#6030</styleUrl>
                <Point id="6028">
                    <coordinates>-80.2599588,-3.4830827,0.0</coordinates>
                </Point>
            </Placemark>
            <Placemark id="6034">
                <name>JUNIOR NICANOR CARRASCO GARCIA</name>
                <description>AA.HH villa primavera av República del Perú MZ B lote 4 
Zarumilla
24101Zarumilla
Tumbes
Perú</description>
                <styleUrl>#6035</styleUrl>
                <Point id="6033">
                    <coordinates>-80.2592881,-3.4842729,0.0</coordinates>
                </Point>
            </Placemark>
            <Placemark id="6039">
                <name>OSVALDO JUARES RAYMUNDO</name>
                <description>Calle mexico mz a lt 1 frente al colegio inicia hermanos barcia la curva zarumilla
Aguas Verdes

Tumbes
Perú</description>
                <styleUrl>#6040</styleUrl>
                <Point id="6038">
                    <coordinates>-80.2594169,-3.4855482,0.0</coordinates>
                </Point>
            </Placemark>
            <Placemark id="6044">
                <name>JAN CARLO CASTILLO CEVALLOS</name>
                <description>calle cesar Velázquez Manrique mz A lote 10 - nuevo frente al hotel la fortaleza
Zarumilla
24101Zarumilla
Tumbes
Perú</description>
                <styleUrl>#6045</styleUrl>
                <Point id="6043">
                    <coordinates>-80.2652842,-3.4903278,0.0</coordinates>
                </Point>
            </Placemark>
            <Placemark id="6049">
                <name>KARINA JANET CASTILLO BENITES</name>
                <description>Av. Uruguay Mz H lote 5 La curva 
Zarumilla
24101Zarumilla
Tumbes
Perú</description>
                <styleUrl>#6050</styleUrl>
                <Point id="6048">
                    <coordinates>-80.2615762,-3.4889599,0.0</coordinates>
                </Point>
            </Placemark>
            <Placemark id="6054">
                <name>FLOR ANGELICA ANTON MENDES</name>
                <description>Calle bolivia s/n espaldas de serenasgo la curva
Zarumilla
Zarumilla
Tumbes
Perú</description>
                <styleUrl>#6055</styleUrl>
                <Point id="6053">
                    <coordinates>-80.2583514,-3.4883841,0.0</coordinates>
                </Point>
            </Placemark>
            <Placemark id="6059">
                <name>LAURA GALLARDO MAZA</name>
                <description>Calle paraguay mz j lt 10 la curva 4ta etapa entrando por la balanza frente a rs el buen sabor
Aguas Verdes
Aguas Verdes
Tumbes
Perú</description>
                <styleUrl>#6060</styleUrl>
                <Point id="6058">
                    <coordinates>-80.2593508,-3.4899021,0.0</coordinates>
                </Point>
            </Placemark>
            <Placemark id="6064">
                <name>DULI ABARCA RAMIREZ</name>
                <description>Calla Uruguay mz c lote 21 - nuevo aguas verdes
Aguas Verdes
Aguas Verdes
Tumbes
Perú</description>
                <styleUrl>#6065</styleUrl>
                <Point id="6063">
                    <coordinates>-80.2651808,-3.4920719,0.0</coordinates>
                </Point>
            </Placemark>
            <Placemark id="6069">
                <name>ITAMAR MILOISKA CORDOVA GALLARDO</name>
                <description>Calle uruguay mzc tl 10 por jardin nuevo aguas verdes casa celeste maquina de clicles afuera
Aguas Verdes
Aguas Verdes
Tumbes
Perú</description>
                <styleUrl>#6070</styleUrl>
                <Point id="6068">
                    <coordinates>-80.2653046,-3.4924886,0.0</coordinates>
                </Point>
            </Placemark>
            <Placemark id="6074">
                <name>MARITZA RAQUEL ZAPATA PALACIOS</name>
                <description>Av circunvalación mz A lote 09 - Edmundo romero
Aguas Verdes
Aguas Verdes
Tumbes
Perú</description>
                <styleUrl>#6075</styleUrl>
                <Point id="6073">
                    <coordinates>-80.2650529,-3.4947689,0.0</coordinates>
                </Point>
            </Placemark>
            <Placemark id="6079">
                <name>JOHANA STEYSI INFANTE ZAPATA</name>
                <description>Calle Leoncio prado 203 - cercado de zarumillaRef. Más allá del restaurante Paiva o geminis zarumilla
Zarumilla
Zarumilla
Tumbes
Perú</description>
                <styleUrl>#6080</styleUrl>
                <Point id="6078">
                    <coordinates>-80.2708093,-3.4969988,0.0</coordinates>
                </Point>
            </Placemark>
            <Placemark id="6084">
                <name>ANGELINA CUÑE MOLINA</name>
                <description>Pasaje cesar cesar Vallejo MZ b lote 16 Roberto Espinoza Referencia por el solga gas
Zarumilla
Zarumilla
Tumbes
Perú</description>
                <styleUrl>#6085</styleUrl>
                <Point id="6083">
                    <coordinates>-80.2714752,-3.4953016,0.0</coordinates>
                </Point>
            </Placemark>
            <Placemark id="6089">
                <name>DE NECIOSUP JULIA ESPINOZA PISFIL</name>
                <description>Calle maximiliano moran 306 - centro de zarumilla rf costadon del agente bcp
Zarumilla
Zarumilla
Tumbes
Perú</description>
                <styleUrl>#6090</styleUrl>
                <Point id="6088">
                    <coordinates>-80.2724806,-3.5003338,0.0</coordinates>
                </Point>
            </Placemark>
            <Placemark id="6094">
                <name>ELIZABETH HUARAC GONZALEZ</name>
                <description>Independencia 509
Zarumilla
Zarumilla
Tumbes
Perú</description>
                <styleUrl>#6095</styleUrl>
                <Point id="6093">
                    <coordinates>-80.272878,-3.499486,0.0</coordinates>
                </Point>
            </Placemark>
            <Placemark id="6099">
                <name>HERMOGENA VICENTA ARAUJO DE CRUZ</name>
                <description>Pasaje Ayacucho 114 - zarumilla
Zarumilla
Zarumilla
Tumbes
Perú</description>
                <styleUrl>#6100</styleUrl>
                <Point id="6098">
                    <coordinates>-80.2700431,-3.4996444,0.0</coordinates>
                </Point>
            </Placemark>
            <Placemark id="6104">
                <name>JUVIXA CELESTE SALDARRIAGA AGUILAR</name>
                <description>Jiron miraflores #614 frente al cepro rosa ordinola de noblecilla zarumilla
Zarumilla
Zarumilla
Tumbes
Perú</description>
                <styleUrl>#6105</styleUrl>
                <Point id="6103">
                    <coordinates>-80.2692924,-3.5010229,0.0</coordinates>
                </Point>
            </Placemark>
            <Placemark id="6109">
                <name>VLERIANO DIAZ LEYDI DIANA</name>
                <description>
Zarumilla

Tumbes
Perú</description>
                <styleUrl>#6110</styleUrl>
                <Point id="6108">
                    <coordinates>-80.2667881,-3.5003181,0.0</coordinates>
                </Point>
            </Placemark>
            <Placemark id="6114">
                <name>FAUSTINO VASQUEZ GIL</name>
                <description>San valentin  al fondo zarumilla espaldas de la sra santos santos
Aguas Verdes
Aguas Verdes
Tumbes
Perú</description>
                <styleUrl>#6115</styleUrl>
                <Point id="6113">
                    <coordinates>-80.2628348,-3.5001532,0.0</coordinates>
                </Point>
            </Placemark>
            <Placemark id="6119">
                <name>RODAS BALCAZAR EDIT ARACELY</name>
                <description>AV REP DEL PERU S/N           
Aguas Verdes
Aguas Verdes
Tumbes
Perú</description>
                <styleUrl>#6120</styleUrl>
                <Point id="6118">
                    <coordinates>-80.24369,-3.481498,0.0</coordinates>
                </Point>
            </Placemark>
            <Placemark id="6124">
                <name>GLADYS RAMIREZ VELASQUEZ</name>
                <description>CALLE BOLOGNESI MZ D 11 LT 06 miraflores cerca a la cazona
Zarumilla
Zarumilla
Tumbes
Perú</description>
                <styleUrl>#6125</styleUrl>
                <Point id="6123">
                    <coordinates>-80.2672161,-3.5026526,0.0</coordinates>
                </Point>
            </Placemark>
            <Placemark id="6129">
                <name>MARIA DEL PILAR NONAJULCA LALANGUI</name>
                <description>Las Lomas  _ Ref cerca al canal
Tumbes
Tumbes
Tumbes
Perú</description>
                <styleUrl>#6130</styleUrl>
                <Point id="6128">
                    <coordinates>-80.4137641,-3.5800658,0.0</coordinates>
                </Point>
            </Placemark>
            <Placemark id="6134">
                <name>Luis Enrique Tovar</name>
                <description>Av la Marina 1 cuadra MZ 8 lote 1 campo amor Zarumilla referencia por la entrada del cocodrilo
Zarumilla
Zarumilla
Tumbes
Perú</description>
                <styleUrl>#6135</styleUrl>
                <Point id="6133">
                    <coordinates>-80.2746872,-3.496348,0.0</coordinates>
                </Point>
            </Placemark>
        </Folder>
        <Folder id="6138">
            <Style id="6141">
                <IconStyle id="6142">
                    <color>ff800080</color>
                    <colorMode>normal</colorMode>
                    <scale>1</scale>
                    <heading>0</heading>
                    <Icon id="6143">
                        <href>http://maps.google.com/mapfiles/kml/pushpin/ylw-pushpin.png</href>
                    </Icon>
                </IconStyle>
            </Style>
            <Style id="6146">
                <IconStyle id="6147">
                    <color>ff800080</color>
                    <colorMode>normal</colorMode>
                    <scale>1</scale>
                    <heading>0</heading>
                    <Icon id="6148">
                        <href>http://maps.google.com/mapfiles/kml/pushpin/ylw-pushpin.png</href>
                    </Icon>
                </IconStyle>
            </Style>
            <Style id="6151">
                <IconStyle id="6152">
                    <color>ff800080</color>
                    <colorMode>normal</colorMode>
                    <scale>1</scale>
                    <heading>0</heading>
                    <Icon id="6153">
                        <href>http://maps.google.com/mapfiles/kml/pushpin/ylw-pushpin.png</href>
                    </Icon>
                </IconStyle>
            </Style>
            <Style id="6156">
                <IconStyle id="6157">
                    <color>ff800080</color>
                    <colorMode>normal</colorMode>
                    <scale>1</scale>
                    <heading>0</heading>
                    <Icon id="6158">
                        <href>http://maps.google.com/mapfiles/kml/pushpin/ylw-pushpin.png</href>
                    </Icon>
                </IconStyle>
            </Style>
            <Style id="6161">
                <IconStyle id="6162">
                    <color>ff800080</color>
                    <colorMode>normal</colorMode>
                    <scale>1</scale>
                    <heading>0</heading>
                    <Icon id="6163">
                        <href>http://maps.google.com/mapfiles/kml/pushpin/ylw-pushpin.png</href>
                    </Icon>
                </IconStyle>
            </Style>
            <Style id="6166">
                <IconStyle id="6167">
                    <color>ff800080</color>
                    <colorMode>normal</colorMode>
                    <scale>1</scale>
                    <heading>0</heading>
                    <Icon id="6168">
                        <href>http://maps.google.com/mapfiles/kml/pushpin/ylw-pushpin.png</href>
                    </Icon>
                </IconStyle>
            </Style>
            <Style id="6171">
                <IconStyle id="6172">
                    <color>ff800080</color>
                    <colorMode>normal</colorMode>
                    <scale>1</scale>
                    <heading>0</heading>
                    <Icon id="6173">
                        <href>http://maps.google.com/mapfiles/kml/pushpin/ylw-pushpin.png</href>
                    </Icon>
                </IconStyle>
            </Style>
            <Style id="6176">
                <IconStyle id="6177">
                    <color>ff800080</color>
                    <colorMode>normal</colorMode>
                    <scale>1</scale>
                    <heading>0</heading>
                    <Icon id="6178">
                        <href>http://maps.google.com/mapfiles/kml/pushpin/ylw-pushpin.png</href>
                    </Icon>
                </IconStyle>
            </Style>
            <Style id="6181">
                <IconStyle id="6182">
                    <color>ff800080</color>
                    <colorMode>normal</colorMode>
                    <scale>1</scale>
                    <heading>0</heading>
                    <Icon id="6183">
                        <href>http://maps.google.com/mapfiles/kml/pushpin/ylw-pushpin.png</href>
                    </Icon>
                </IconStyle>
            </Style>
            <Style id="6186">
                <IconStyle id="6187">
                    <color>ff800080</color>
                    <colorMode>normal</colorMode>
                    <scale>1</scale>
                    <heading>0</heading>
                    <Icon id="6188">
                        <href>http://maps.google.com/mapfiles/kml/pushpin/ylw-pushpin.png</href>
                    </Icon>
                </IconStyle>
            </Style>
            <Style id="6191">
                <IconStyle id="6192">
                    <color>ff800080</color>
                    <colorMode>normal</colorMode>
                    <scale>1</scale>
                    <heading>0</heading>
                    <Icon id="6193">
                        <href>http://maps.google.com/mapfiles/kml/pushpin/ylw-pushpin.png</href>
                    </Icon>
                </IconStyle>
            </Style>
            <Style id="6196">
                <IconStyle id="6197">
                    <color>ff800080</color>
                    <colorMode>normal</colorMode>
                    <scale>1</scale>
                    <heading>0</heading>
                    <Icon id="6198">
                        <href>http://maps.google.com/mapfiles/kml/pushpin/ylw-pushpin.png</href>
                    </Icon>
                </IconStyle>
            </Style>
            <Style id="6201">
                <IconStyle id="6202">
                    <color>ff800080</color>
                    <colorMode>normal</colorMode>
                    <scale>1</scale>
                    <heading>0</heading>
                    <Icon id="6203">
                        <href>http://maps.google.com/mapfiles/kml/pushpin/ylw-pushpin.png</href>
                    </Icon>
                </IconStyle>
            </Style>
            <Style id="6206">
                <IconStyle id="6207">
                    <color>ff800080</color>
                    <colorMode>normal</colorMode>
                    <scale>1</scale>
                    <heading>0</heading>
                    <Icon id="6208">
                        <href>http://maps.google.com/mapfiles/kml/pushpin/ylw-pushpin.png</href>
                    </Icon>
                </IconStyle>
            </Style>
            <Style id="6211">
                <IconStyle id="6212">
                    <color>ff800080</color>
                    <colorMode>normal</colorMode>
                    <scale>1</scale>
                    <heading>0</heading>
                    <Icon id="6213">
                        <href>http://maps.google.com/mapfiles/kml/pushpin/ylw-pushpin.png</href>
                    </Icon>
                </IconStyle>
            </Style>
            <Style id="6216">
                <IconStyle id="6217">
                    <color>ff800080</color>
                    <colorMode>normal</colorMode>
                    <scale>1</scale>
                    <heading>0</heading>
                    <Icon id="6218">
                        <href>http://maps.google.com/mapfiles/kml/pushpin/ylw-pushpin.png</href>
                    </Icon>
                </IconStyle>
            </Style>
            <Style id="6221">
                <IconStyle id="6222">
                    <color>ff800080</color>
                    <colorMode>normal</colorMode>
                    <scale>1</scale>
                    <heading>0</heading>
                    <Icon id="6223">
                        <href>http://maps.google.com/mapfiles/kml/pushpin/ylw-pushpin.png</href>
                    </Icon>
                </IconStyle>
            </Style>
            <Style id="6226">
                <IconStyle id="6227">
                    <color>ff800080</color>
                    <colorMode>normal</colorMode>
                    <scale>1</scale>
                    <heading>0</heading>
                    <Icon id="6228">
                        <href>http://maps.google.com/mapfiles/kml/pushpin/ylw-pushpin.png</href>
                    </Icon>
                </IconStyle>
            </Style>
            <Style id="6231">
                <IconStyle id="6232">
                    <color>ff800080</color>
                    <colorMode>normal</colorMode>
                    <scale>1</scale>
                    <heading>0</heading>
                    <Icon id="6233">
                        <href>http://maps.google.com/mapfiles/kml/pushpin/ylw-pushpin.png</href>
                    </Icon>
                </IconStyle>
            </Style>
            <Style id="6236">
                <IconStyle id="6237">
                    <color>ff800080</color>
                    <colorMode>normal</colorMode>
                    <scale>1</scale>
                    <heading>0</heading>
                    <Icon id="6238">
                        <href>http://maps.google.com/mapfiles/kml/pushpin/ylw-pushpin.png</href>
                    </Icon>
                </IconStyle>
            </Style>
            <Style id="6241">
                <IconStyle id="6242">
                    <color>ff800080</color>
                    <colorMode>normal</colorMode>
                    <scale>1</scale>
                    <heading>0</heading>
                    <Icon id="6243">
                        <href>http://maps.google.com/mapfiles/kml/pushpin/ylw-pushpin.png</href>
                    </Icon>
                </IconStyle>
            </Style>
            <Style id="6246">
                <IconStyle id="6247">
                    <color>ff800080</color>
                    <colorMode>normal</colorMode>
                    <scale>1</scale>
                    <heading>0</heading>
                    <Icon id="6248">
                        <href>http://maps.google.com/mapfiles/kml/pushpin/ylw-pushpin.png</href>
                    </Icon>
                </IconStyle>
            </Style>
            <Style id="6251">
                <IconStyle id="6252">
                    <color>ff800080</color>
                    <colorMode>normal</colorMode>
                    <scale>1</scale>
                    <heading>0</heading>
                    <Icon id="6253">
                        <href>http://maps.google.com/mapfiles/kml/pushpin/ylw-pushpin.png</href>
                    </Icon>
                </IconStyle>
            </Style>
            <Style id="6256">
                <IconStyle id="6257">
                    <color>ff800080</color>
                    <colorMode>normal</colorMode>
                    <scale>1</scale>
                    <heading>0</heading>
                    <Icon id="6258">
                        <href>http://maps.google.com/mapfiles/kml/pushpin/ylw-pushpin.png</href>
                    </Icon>
                </IconStyle>
            </Style>
            <Style id="6261">
                <IconStyle id="6262">
                    <color>ff800080</color>
                    <colorMode>normal</colorMode>
                    <scale>1</scale>
                    <heading>0</heading>
                    <Icon id="6263">
                        <href>http://maps.google.com/mapfiles/kml/pushpin/ylw-pushpin.png</href>
                    </Icon>
                </IconStyle>
            </Style>
            <Style id="6266">
                <IconStyle id="6267">
                    <color>ff800080</color>
                    <colorMode>normal</colorMode>
                    <scale>1</scale>
                    <heading>0</heading>
                    <Icon id="6268">
                        <href>http://maps.google.com/mapfiles/kml/pushpin/ylw-pushpin.png</href>
                    </Icon>
                </IconStyle>
            </Style>
            <Style id="6271">
                <IconStyle id="6272">
                    <color>ff800080</color>
                    <colorMode>normal</colorMode>
                    <scale>1</scale>
                    <heading>0</heading>
                    <Icon id="6273">
                        <href>http://maps.google.com/mapfiles/kml/pushpin/ylw-pushpin.png</href>
                    </Icon>
                </IconStyle>
            </Style>
            <Style id="6276">
                <IconStyle id="6277">
                    <color>ff800080</color>
                    <colorMode>normal</colorMode>
                    <scale>1</scale>
                    <heading>0</heading>
                    <Icon id="6278">
                        <href>http://maps.google.com/mapfiles/kml/pushpin/ylw-pushpin.png</href>
                    </Icon>
                </IconStyle>
            </Style>
            <Style id="6281">
                <IconStyle id="6282">
                    <color>ff800080</color>
                    <colorMode>normal</colorMode>
                    <scale>1</scale>
                    <heading>0</heading>
                    <Icon id="6283">
                        <href>http://maps.google.com/mapfiles/kml/pushpin/ylw-pushpin.png</href>
                    </Icon>
                </IconStyle>
            </Style>
            <Style id="6286">
                <IconStyle id="6287">
                    <color>ff800080</color>
                    <colorMode>normal</colorMode>
                    <scale>1</scale>
                    <heading>0</heading>
                    <Icon id="6288">
                        <href>http://maps.google.com/mapfiles/kml/pushpin/ylw-pushpin.png</href>
                    </Icon>
                </IconStyle>
            </Style>
            <Style id="6291">
                <IconStyle id="6292">
                    <color>ff800080</color>
                    <colorMode>normal</colorMode>
                    <scale>1</scale>
                    <heading>0</heading>
                    <Icon id="6293">
                        <href>http://maps.google.com/mapfiles/kml/pushpin/ylw-pushpin.png</href>
                    </Icon>
                </IconStyle>
            </Style>
            <Style id="6296">
                <IconStyle id="6297">
                    <color>ff800080</color>
                    <colorMode>normal</colorMode>
                    <scale>1</scale>
                    <heading>0</heading>
                    <Icon id="6298">
                        <href>http://maps.google.com/mapfiles/kml/pushpin/ylw-pushpin.png</href>
                    </Icon>
                </IconStyle>
            </Style>
            <Style id="6301">
                <IconStyle id="6302">
                    <color>ff800080</color>
                    <colorMode>normal</colorMode>
                    <scale>1</scale>
                    <heading>0</heading>
                    <Icon id="6303">
                        <href>http://maps.google.com/mapfiles/kml/pushpin/ylw-pushpin.png</href>
                    </Icon>
                </IconStyle>
            </Style>
            <Style id="6306">
                <IconStyle id="6307">
                    <color>ff800080</color>
                    <colorMode>normal</colorMode>
                    <scale>1</scale>
                    <heading>0</heading>
                    <Icon id="6308">
                        <href>http://maps.google.com/mapfiles/kml/pushpin/ylw-pushpin.png</href>
                    </Icon>
                </IconStyle>
            </Style>
            <Style id="6311">
                <IconStyle id="6312">
                    <color>ff800080</color>
                    <colorMode>normal</colorMode>
                    <scale>1</scale>
                    <heading>0</heading>
                    <Icon id="6313">
                        <href>http://maps.google.com/mapfiles/kml/pushpin/ylw-pushpin.png</href>
                    </Icon>
                </IconStyle>
            </Style>
            <Style id="6316">
                <IconStyle id="6317">
                    <color>ff800080</color>
                    <colorMode>normal</colorMode>
                    <scale>1</scale>
                    <heading>0</heading>
                    <Icon id="6318">
                        <href>http://maps.google.com/mapfiles/kml/pushpin/ylw-pushpin.png</href>
                    </Icon>
                </IconStyle>
            </Style>
            <Style id="6321">
                <IconStyle id="6322">
                    <color>ff800080</color>
                    <colorMode>normal</colorMode>
                    <scale>1</scale>
                    <heading>0</heading>
                    <Icon id="6323">
                        <href>http://maps.google.com/mapfiles/kml/pushpin/ylw-pushpin.png</href>
                    </Icon>
                </IconStyle>
            </Style>
            <Style id="6326">
                <IconStyle id="6327">
                    <color>ff800080</color>
                    <colorMode>normal</colorMode>
                    <scale>1</scale>
                    <heading>0</heading>
                    <Icon id="6328">
                        <href>http://maps.google.com/mapfiles/kml/pushpin/ylw-pushpin.png</href>
                    </Icon>
                </IconStyle>
            </Style>
            <Style id="6331">
                <IconStyle id="6332">
                    <color>ff800080</color>
                    <colorMode>normal</colorMode>
                    <scale>1</scale>
                    <heading>0</heading>
                    <Icon id="6333">
                        <href>http://maps.google.com/mapfiles/kml/pushpin/ylw-pushpin.png</href>
                    </Icon>
                </IconStyle>
            </Style>
            <Style id="6336">
                <IconStyle id="6337">
                    <color>ff800080</color>
                    <colorMode>normal</colorMode>
                    <scale>1</scale>
                    <heading>0</heading>
                    <Icon id="6338">
                        <href>http://maps.google.com/mapfiles/kml/pushpin/ylw-pushpin.png</href>
                    </Icon>
                </IconStyle>
            </Style>
            <Style id="6341">
                <IconStyle id="6342">
                    <color>ff800080</color>
                    <colorMode>normal</colorMode>
                    <scale>1</scale>
                    <heading>0</heading>
                    <Icon id="6343">
                        <href>http://maps.google.com/mapfiles/kml/pushpin/ylw-pushpin.png</href>
                    </Icon>
                </IconStyle>
            </Style>
            <Style id="6346">
                <IconStyle id="6347">
                    <color>ff800080</color>
                    <colorMode>normal</colorMode>
                    <scale>1</scale>
                    <heading>0</heading>
                    <Icon id="6348">
                        <href>http://maps.google.com/mapfiles/kml/pushpin/ylw-pushpin.png</href>
                    </Icon>
                </IconStyle>
            </Style>
            <Style id="6351">
                <IconStyle id="6352">
                    <color>ff800080</color>
                    <colorMode>normal</colorMode>
                    <scale>1</scale>
                    <heading>0</heading>
                    <Icon id="6353">
                        <href>http://maps.google.com/mapfiles/kml/pushpin/ylw-pushpin.png</href>
                    </Icon>
                </IconStyle>
            </Style>
            <Style id="6356">
                <IconStyle id="6357">
                    <color>ff800080</color>
                    <colorMode>normal</colorMode>
                    <scale>1</scale>
                    <heading>0</heading>
                    <Icon id="6358">
                        <href>http://maps.google.com/mapfiles/kml/pushpin/ylw-pushpin.png</href>
                    </Icon>
                </IconStyle>
            </Style>
            <Style id="6361">
                <IconStyle id="6362">
                    <color>ff800080</color>
                    <colorMode>normal</colorMode>
                    <scale>1</scale>
                    <heading>0</heading>
                    <Icon id="6363">
                        <href>http://maps.google.com/mapfiles/kml/pushpin/ylw-pushpin.png</href>
                    </Icon>
                </IconStyle>
            </Style>
            <name>MARTHA CAROLINA AVILA SOLANO</name>
            <Placemark id="6140">
                <name>CALDERON DE FERNANDEZ MARIA GLORIA</name>
                <description>CALDERON DE FERNANDEZ MARIA GLORIA
CA.PACHACUTEC 518 CAMPO POLO - CASTILLA
Castilla
Piura
Piura
Perú</description>
                <styleUrl>#6141</styleUrl>
                <Point id="6139">
                    <coordinates>-80.6243088,-5.2133065,0.0</coordinates>
                </Point>
            </Placemark>
            <Placemark id="6145">
                <name>INELDA MARIELA BAELLA BERRU</name>
                <description>MARIANO MELGAR # 625 AA.HH CAMPO POLO
Castilla
Castilla
Piura
Perú</description>
                <styleUrl>#6146</styleUrl>
                <Point id="6144">
                    <coordinates>-80.6222044,-5.2183631,0.0</coordinates>
                </Point>
            </Placemark>
            <Placemark id="6150">
                <name>CANTURIN MAYTA ELIDA VIOLETA</name>
                <description>JC.MARIATEGUI-301 AH CAMPO POL
Castilla
Castilla
Piura
Perú</description>
                <styleUrl>#6151</styleUrl>
                <Point id="6149">
                    <coordinates>-80.625322,-5.220841,0.0</coordinates>
                </Point>
            </Placemark>
            <Placemark id="6155">
                <name>LUZ MARIA MURGUIA RUIZ</name>
                <description>LUZ MARIA MURGUIA RUIZ
AA. HH CAMPO FERIAL MZ A LT 32 - CA
Castilla
Castilla
Piura
Perú</description>
                <styleUrl>#6156</styleUrl>
                <Point id="6154">
                    <coordinates>-80.6222388,-5.2189831,0.0</coordinates>
                </Point>
            </Placemark>
            <Placemark id="6160">
                <name>MIGUEL ENRIQUE TORRES VEGAS</name>
                <description>AV GRAU 1204. CASTILLA
Castilla
Castilla
Piura
Perú</description>
                <styleUrl>#6161</styleUrl>
                <Point id="6159">
                    <coordinates>-80.6239326,-5.2108398,0.0</coordinates>
                </Point>
            </Placemark>
            <Placemark id="6165">
                <name>MAYCKOL GILBERTO MIRANDA LA ROSA</name>
                <description>CALLE HUAYNA CAPAC 528
Castilla
Castilla
Piura
Perú</description>
                <styleUrl>#6166</styleUrl>
                <Point id="6164">
                    <coordinates>-80.6231169,-5.2120205,0.0</coordinates>
                </Point>
            </Placemark>
            <Placemark id="6170">
                <name>GAONA FRANCISCA GUAYGUA DE</name>
                <description>AV.PROGRESO N1402 CAMPO POLO
Castilla
Castilla
Piura
Perú</description>
                <styleUrl>#6171</styleUrl>
                <Point id="6169">
                    <coordinates>-80.6223125,-5.2126979,0.0</coordinates>
                </Point>
            </Placemark>
            <Placemark id="6175">
                <name>ROMERO FLORES FABIOLA</name>
                <description>HUAYNA CAPAC 807 CASTILLA     
Castilla
Castilla
Piura
Perú</description>
                <styleUrl>#6176</styleUrl>
                <Point id="6174">
                    <coordinates>-80.625328,-5.216326,0.0</coordinates>
                </Point>
            </Placemark>
            <Placemark id="6180">
                <name>GINO ARNALDO ZAPATA VEGA</name>
                <description>MZ C lote 08 Villa California
Castilla
Castilla
Piura
Perú</description>
                <styleUrl>#6181</styleUrl>
                <Point id="6179">
                    <coordinates>-80.6287924,-5.2190886,0.0</coordinates>
                </Point>
            </Placemark>
            <Placemark id="6185">
                <name>CARMEN VITE DE ZUÑIGA</name>
                <description>VILLA CALIFORNIA MZ O LT 1 CATILLA-Piura
Castilla
Castilla
Piura
Perú</description>
                <styleUrl>#6186</styleUrl>
                <Point id="6184">
                    <coordinates>-80.6296824,-5.2183452,0.0</coordinates>
                </Point>
            </Placemark>
            <Placemark id="6190">
                <name>DENIS YOVER CARNERO CASTILLO</name>
                <description>MZ T lote 05 Villa California
Castilla
Castilla
Piura
Perú</description>
                <styleUrl>#6191</styleUrl>
                <Point id="6189">
                    <coordinates>-80.6299838,-5.2178887,0.0</coordinates>
                </Point>
            </Placemark>
            <Placemark id="6195">
                <name>ORIEL RAMOS ESCOBAR DE ARBOLEDA</name>
                <description>PROGRESO N¬2309-CAMPOPOLO-CASTILLA-Piura
Castilla
Castilla
Piura
Perú</description>
                <styleUrl>#6196</styleUrl>
                <Point id="6194">
                    <coordinates>-80.6263849,-5.2194535,0.0</coordinates>
                </Point>
            </Placemark>
            <Placemark id="6200">
                <name>MIGUEL ENRIQUE TORRES VEGAS</name>
                <description>AV GRAU 1204. CASTILLA
Castilla
Castilla
Piura
Perú</description>
                <styleUrl>#6201</styleUrl>
                <Point id="6199">
                    <coordinates>-80.6239326,-5.2108398,0.0</coordinates>
                </Point>
            </Placemark>
            <Placemark id="6205">
                <name>IRMA YENNY CALLE CALLE</name>
                <description>IRMA YENNY CALLE CALLE
AV. SANCHEZ CARRION 607 AA. HH CAMPO POLO CASTILLA
Castilla
Piura
Piura
Perú</description>
                <styleUrl>#6206</styleUrl>
                <Point id="6204">
                    <coordinates>-80.6248646,-5.2191535,0.0</coordinates>
                </Point>
            </Placemark>
            <Placemark id="6210">
                <name>MARIA ESTHER ATO FLORES</name>
                <description>SINCHI ROCA. 1041 AA. HH CAMPO POLO
Castilla
Castilla
Piura
Perú</description>
                <styleUrl>#6211</styleUrl>
                <Point id="6209">
                    <coordinates>-80.6228721,-5.2164638,0.0</coordinates>
                </Point>
            </Placemark>
            <Placemark id="6215">
                <name>YARLEQUE RIVAS RAQUEL</name>
                <description>PSJ.3 DE OCTUBRE LT.E 18 CAMPO POLO
Castilla

Piura
Perú</description>
                <styleUrl>#6216</styleUrl>
                <Point id="6214">
                    <coordinates>-80.6205195,-5.2138208,0.0</coordinates>
                </Point>
            </Placemark>
            <Placemark id="6220">
                <name>FANNY MARGOT LACHIRA VITE</name>
                <description>CALLE YAHUAR HUACA 611 CAMPOPOLO-CASTILLA
Castilla
Castilla
Piura
Perú</description>
                <styleUrl>#6221</styleUrl>
                <Point id="6219">
                    <coordinates>-80.6213294,-5.2152988,0.0</coordinates>
                </Point>
            </Placemark>
            <Placemark id="6225">
                <name>ROSAURA RODRIGUEZ VALDIVIEZO</name>
                <description>CALLE SAN MARCOS N17 CAMPO POLO
Castilla
Castilla
Piura
Perú</description>
                <styleUrl>#6226</styleUrl>
                <Point id="6224">
                    <coordinates>-80.6220426,-5.2167767,0.0</coordinates>
                </Point>
            </Placemark>
            <Placemark id="6230">
                <name>FERNANDEZ FERNANDEZ LUCIA</name>
                <description>MZ F LT 06 AAHH CALIXTO BALARE
Castilla
Castilla
Piura
Perú</description>
                <styleUrl>#6231</styleUrl>
                <Point id="6229">
                    <coordinates>-80.621371,-5.218444,0.0</coordinates>
                </Point>
            </Placemark>
            <Placemark id="6235">
                <name>ZAPATA RAMOS RAMIRO</name>
                <description>AV.A.QUIÑONES MZ.B LT.20      
Castilla
Castilla
Piura
Perú</description>
                <styleUrl>#6236</styleUrl>
                <Point id="6234">
                    <coordinates>-80.620501,-5.218768,0.0</coordinates>
                </Point>
            </Placemark>
            <Placemark id="6240">
                <name>ISABEL DEL PILAR PACHERRES CHERO</name>
                <description>CA MARIANO MELGAR MZ F LOTE 26 AH CALIXTO BALAREZO
Castilla
Castilla
Piura
Perú</description>
                <styleUrl>#6241</styleUrl>
                <Point id="6239">
                    <coordinates>-80.6213663,-5.2188732,0.0</coordinates>
                </Point>
            </Placemark>
            <Placemark id="6245">
                <name>IRMA VEGAS ATARAMA</name>
                <description>Calle Calixto BALAREZO MZ G LOTE 4 - CASTILLA
Castilla
Castilla
Piura
Perú</description>
                <styleUrl>#6246</styleUrl>
                <Point id="6244">
                    <coordinates>-80.6214737,-5.2191737,0.0</coordinates>
                </Point>
            </Placemark>
            <Placemark id="6250">
                <name>ALCAS TOCTO MARTHA</name>
                <description>A.H.CALIX.BALAREZO MZ.G LT.28 
Castilla
Castilla
Piura
Perú</description>
                <styleUrl>#6251</styleUrl>
                <Point id="6249">
                    <coordinates>-80.62212,-5.219943,0.0</coordinates>
                </Point>
            </Placemark>
            <Placemark id="6255">
                <name>DELIA CRUZ MONTALBAN</name>
                <description>SALAZAR BONDY MZ A LTE.46 CAMPO POLO CASTILLA
Castilla
Castilla
Piura
Perú</description>
                <styleUrl>#6256</styleUrl>
                <Point id="6254">
                    <coordinates>-80.6219167,-5.221302,0.0</coordinates>
                </Point>
            </Placemark>
            <Placemark id="6260">
                <name>JANNIE LOURDES NAVARRO CARMEN</name>
                <description>AV.PERU.MZ B-51.AH.JUAM PANLO 2 CAMPO POLO
Castilla
Castilla
Piura
Perú</description>
                <styleUrl>#6261</styleUrl>
                <Point id="6259">
                    <coordinates>-80.622685,-5.2213383,0.0</coordinates>
                </Point>
            </Placemark>
            <Placemark id="6265">
                <name>CRUZ SANCHEZ DIANA ELIZABETH</name>
                <description>CA.AUGUSTO SALAZAR BONDI 326  
Castilla
Castilla
Piura
Perú</description>
                <styleUrl>#6266</styleUrl>
                <Point id="6264">
                    <coordinates>-80.624091,-5.220306,0.0</coordinates>
                </Point>
            </Placemark>
            <Placemark id="6270">
                <name>GIANNINA PAOLA CRUZ SANCHEZ</name>
                <description>SALAZAR BONDI N°  328 AA.HH CAMPO POLO
Castilla
Castilla
Piura
Perú</description>
                <styleUrl>#6271</styleUrl>
                <Point id="6269">
                    <coordinates>-80.6241488,-5.2202637,0.0</coordinates>
                </Point>
            </Placemark>
            <Placemark id="6275">
                <name>AYALA SEGURA EDITNHO ALBERTO</name>
                <description>JR SALAZAR BONDY 301 CAMPO POL
Castilla
Castilla
Piura
Perú</description>
                <styleUrl>#6276</styleUrl>
                <Point id="6274">
                    <coordinates>-80.624476,-5.219978,0.0</coordinates>
                </Point>
            </Placemark>
            <Placemark id="6280">
                <name>CASTILLO AREVALO RICARDO</name>
                <description>AV.GRAU 1516 CASTILLA         
Castilla
Castilla
Piura
Perú</description>
                <styleUrl>#6281</styleUrl>
                <Point id="6279">
                    <coordinates>-80.626768,-5.215961,0.0</coordinates>
                </Point>
            </Placemark>
            <Placemark id="6285">
                <name>FERNANDEZ MOLOCHO MARIA</name>
                <description>7-23 CL TACNA 102 CASTILLA    
Castilla
Castilla
Piura
Perú</description>
                <styleUrl>#6286</styleUrl>
                <Point id="6284">
                    <coordinates>-80.628019,-5.215071,0.0</coordinates>
                </Point>
            </Placemark>
            <Placemark id="6290">
                <name>MONICA LUCERO CHAVESTA TAKEHUCHE</name>
                <description>Mz H lote 15 Calle Tacna - Las Monteros
Castilla
Castilla
Piura
Perú</description>
                <styleUrl>#6291</styleUrl>
                <Point id="6289">
                    <coordinates>-80.6278665,-5.215927,0.0</coordinates>
                </Point>
            </Placemark>
            <Placemark id="6295">
                <name>MARIA ROSA MATIAS VILLEGAS</name>
                <description>AV. TACNA NRO. 3840 FRENTE A UN C.E.I 428
Castilla
Castilla
Piura
Perú</description>
                <styleUrl>#6296</styleUrl>
                <Point id="6294">
                    <coordinates>-80.6286183,-5.2163717,0.0</coordinates>
                </Point>
            </Placemark>
            <Placemark id="6300">
                <name>MORAN DE GONZALES DORA</name>
                <description>AV.GRAU 1652 C.POLO CASTILLA  
Castilla
Castilla
Piura
Perú</description>
                <styleUrl>#6301</styleUrl>
                <Point id="6299">
                    <coordinates>-80.627144,-5.216933,0.0</coordinates>
                </Point>
            </Placemark>
            <Placemark id="6305">
                <name>FARROÑAN SANTIESTEBAN LIDIA</name>
                <description>MZ.A LT.29 AH.Toledo
Castilla

Piura
Perú</description>
                <styleUrl>#6306</styleUrl>
                <Point id="6304">
                    <coordinates>-80.627572,-5.218351,0.0</coordinates>
                </Point>
            </Placemark>
            <Placemark id="6310">
                <name>REQUENA VALLE EDER ADLER</name>
                <description>E-01 AH 04 DE MAYO PIURA      
Castilla
Castilla
Piura
Perú</description>
                <styleUrl>#6311</styleUrl>
                <Point id="6309">
                    <coordinates>-80.62773,-5.213726,0.0</coordinates>
                </Point>
            </Placemark>
            <Placemark id="6315">
                <name>SOCORRO RISCO VIERA</name>
                <description>AV. TACNA MZ C LT 22
Castilla
Castilla
Piura
Perú</description>
                <styleUrl>#6316</styleUrl>
                <Point id="6314">
                    <coordinates>-80.6275911,-5.2140838,0.0</coordinates>
                </Point>
            </Placemark>
            <Placemark id="6320">
                <name>RAMOS LUYO LUCIA AMELIA</name>
                <description>K-05 AH 04 DE MAYO CASTILLA   
Castilla

Piura
Perú</description>
                <styleUrl>#6321</styleUrl>
                <Point id="6319">
                    <coordinates>-80.628445,-5.21485,0.0</coordinates>
                </Point>
            </Placemark>
            <Placemark id="6325">
                <name>MERCEDES</name>
                <description>D-7 CL 3 AH 4DE MAYO CASTILLA 
Castilla
Castilla
Piura
Perú</description>
                <styleUrl>#6326</styleUrl>
                <Point id="6324">
                    <coordinates>-80.628549,-5.214658,0.0</coordinates>
                </Point>
            </Placemark>
            <Placemark id="6330">
                <name>WILLY CORONEL MONTENEGRO</name>
                <description>A. H CUATRO DE MAYO MZ Ñ LOT 24
Castilla
Castilla
Piura
Perú</description>
                <styleUrl>#6331</styleUrl>
                <Point id="6329">
                    <coordinates>-80.6294153,-5.2137025,0.0</coordinates>
                </Point>
            </Placemark>
            <Placemark id="6335">
                <name>LOZADA FLORES IVONNE SADITH</name>
                <description>Mz E lot 06 A.H Independencia
Castilla

Piura
Perú</description>
                <styleUrl>#6336</styleUrl>
                <Point id="6334">
                    <coordinates>-80.627109,-5.212459,0.0</coordinates>
                </Point>
            </Placemark>
            <Placemark id="6340">
                <name>LUZ AURORA PALMA TOLEDO</name>
                <description>AV. GRAU 1334 CAMPO POLO - CASTILLA
Castilla
Castilla
Piura
Perú</description>
                <styleUrl>#6341</styleUrl>
                <Point id="6339">
                    <coordinates>-80.6248594,-5.2127086,0.0</coordinates>
                </Point>
            </Placemark>
            <Placemark id="6345">
                <name>CHÁVEZ GARCIA LUIS  ENRIQUE</name>
                <description>CALLE CAHUIDE MZ B - 15 28 DE JULIO
Castilla
Castilla
Piura
Perú</description>
                <styleUrl>#6346</styleUrl>
                <Point id="6344">
                    <coordinates>-80.6262307,-5.213454,0.0</coordinates>
                </Point>
            </Placemark>
            <Placemark id="6350">
                <name>LILIAN LISETH LOZADA LOZADA</name>
                <description>CALLE AMAZONAS 1074
Castilla
Castilla
Piura
Perú</description>
                <styleUrl>#6351</styleUrl>
                <Point id="6349">
                    <coordinates>-80.6252756,-5.2126786,0.0</coordinates>
                </Point>
            </Placemark>
            <Placemark id="6355">
                <name>HERRERA TENORIO FLORA</name>
                <description>Av. Jorge Chávez 106 C.POLO CASTILLA
Castilla
Piura
Piura
Perú</description>
                <styleUrl>#6356</styleUrl>
                <Point id="6354">
                    <coordinates>-80.6251632,-5.2101184,0.0</coordinates>
                </Point>
            </Placemark>
            <Placemark id="6360">
                <name>GINO ARNALDO ZAPATA VEGA</name>
                <description>MZ C lote 08 Villa California
Castilla
Castilla
Piura
Perú</description>
                <styleUrl>#6361</styleUrl>
                <Point id="6359">
                    <coordinates>-80.6287924,-5.2190886,0.0</coordinates>
                </Point>
            </Placemark>
        </Folder>
        <Folder id="6364">
            <Style id="6367">
                <IconStyle id="6368">
                    <color>ff00a5ff</color>
                    <colorMode>normal</colorMode>
                    <scale>1</scale>
                    <heading>0</heading>
                    <Icon id="6369">
                        <href>http://maps.google.com/mapfiles/kml/pushpin/ylw-pushpin.png</href>
                    </Icon>
                </IconStyle>
            </Style>
            <Style id="6372">
                <IconStyle id="6373">
                    <color>ff00a5ff</color>
                    <colorMode>normal</colorMode>
                    <scale>1</scale>
                    <heading>0</heading>
                    <Icon id="6374">
                        <href>http://maps.google.com/mapfiles/kml/pushpin/ylw-pushpin.png</href>
                    </Icon>
                </IconStyle>
            </Style>
            <Style id="6377">
                <IconStyle id="6378">
                    <color>ff00a5ff</color>
                    <colorMode>normal</colorMode>
                    <scale>1</scale>
                    <heading>0</heading>
                    <Icon id="6379">
                        <href>http://maps.google.com/mapfiles/kml/pushpin/ylw-pushpin.png</href>
                    </Icon>
                </IconStyle>
            </Style>
            <Style id="6382">
                <IconStyle id="6383">
                    <color>ff00a5ff</color>
                    <colorMode>normal</colorMode>
                    <scale>1</scale>
                    <heading>0</heading>
                    <Icon id="6384">
                        <href>http://maps.google.com/mapfiles/kml/pushpin/ylw-pushpin.png</href>
                    </Icon>
                </IconStyle>
            </Style>
            <Style id="6387">
                <IconStyle id="6388">
                    <color>ff00a5ff</color>
                    <colorMode>normal</colorMode>
                    <scale>1</scale>
                    <heading>0</heading>
                    <Icon id="6389">
                        <href>http://maps.google.com/mapfiles/kml/pushpin/ylw-pushpin.png</href>
                    </Icon>
                </IconStyle>
            </Style>
            <Style id="6392">
                <IconStyle id="6393">
                    <color>ff00a5ff</color>
                    <colorMode>normal</colorMode>
                    <scale>1</scale>
                    <heading>0</heading>
                    <Icon id="6394">
                        <href>http://maps.google.com/mapfiles/kml/pushpin/ylw-pushpin.png</href>
                    </Icon>
                </IconStyle>
            </Style>
            <Style id="6397">
                <IconStyle id="6398">
                    <color>ff00a5ff</color>
                    <colorMode>normal</colorMode>
                    <scale>1</scale>
                    <heading>0</heading>
                    <Icon id="6399">
                        <href>http://maps.google.com/mapfiles/kml/pushpin/ylw-pushpin.png</href>
                    </Icon>
                </IconStyle>
            </Style>
            <Style id="6402">
                <IconStyle id="6403">
                    <color>ff00a5ff</color>
                    <colorMode>normal</colorMode>
                    <scale>1</scale>
                    <heading>0</heading>
                    <Icon id="6404">
                        <href>http://maps.google.com/mapfiles/kml/pushpin/ylw-pushpin.png</href>
                    </Icon>
                </IconStyle>
            </Style>
            <Style id="6407">
                <IconStyle id="6408">
                    <color>ff00a5ff</color>
                    <colorMode>normal</colorMode>
                    <scale>1</scale>
                    <heading>0</heading>
                    <Icon id="6409">
                        <href>http://maps.google.com/mapfiles/kml/pushpin/ylw-pushpin.png</href>
                    </Icon>
                </IconStyle>
            </Style>
            <Style id="6412">
                <IconStyle id="6413">
                    <color>ff00a5ff</color>
                    <colorMode>normal</colorMode>
                    <scale>1</scale>
                    <heading>0</heading>
                    <Icon id="6414">
                        <href>http://maps.google.com/mapfiles/kml/pushpin/ylw-pushpin.png</href>
                    </Icon>
                </IconStyle>
            </Style>
            <Style id="6417">
                <IconStyle id="6418">
                    <color>ff00a5ff</color>
                    <colorMode>normal</colorMode>
                    <scale>1</scale>
                    <heading>0</heading>
                    <Icon id="6419">
                        <href>http://maps.google.com/mapfiles/kml/pushpin/ylw-pushpin.png</href>
                    </Icon>
                </IconStyle>
            </Style>
            <Style id="6422">
                <IconStyle id="6423">
                    <color>ff00a5ff</color>
                    <colorMode>normal</colorMode>
                    <scale>1</scale>
                    <heading>0</heading>
                    <Icon id="6424">
                        <href>http://maps.google.com/mapfiles/kml/pushpin/ylw-pushpin.png</href>
                    </Icon>
                </IconStyle>
            </Style>
            <Style id="6427">
                <IconStyle id="6428">
                    <color>ff00a5ff</color>
                    <colorMode>normal</colorMode>
                    <scale>1</scale>
                    <heading>0</heading>
                    <Icon id="6429">
                        <href>http://maps.google.com/mapfiles/kml/pushpin/ylw-pushpin.png</href>
                    </Icon>
                </IconStyle>
            </Style>
            <Style id="6432">
                <IconStyle id="6433">
                    <color>ff00a5ff</color>
                    <colorMode>normal</colorMode>
                    <scale>1</scale>
                    <heading>0</heading>
                    <Icon id="6434">
                        <href>http://maps.google.com/mapfiles/kml/pushpin/ylw-pushpin.png</href>
                    </Icon>
                </IconStyle>
            </Style>
            <Style id="6437">
                <IconStyle id="6438">
                    <color>ff00a5ff</color>
                    <colorMode>normal</colorMode>
                    <scale>1</scale>
                    <heading>0</heading>
                    <Icon id="6439">
                        <href>http://maps.google.com/mapfiles/kml/pushpin/ylw-pushpin.png</href>
                    </Icon>
                </IconStyle>
            </Style>
            <Style id="6442">
                <IconStyle id="6443">
                    <color>ff00a5ff</color>
                    <colorMode>normal</colorMode>
                    <scale>1</scale>
                    <heading>0</heading>
                    <Icon id="6444">
                        <href>http://maps.google.com/mapfiles/kml/pushpin/ylw-pushpin.png</href>
                    </Icon>
                </IconStyle>
            </Style>
            <Style id="6447">
                <IconStyle id="6448">
                    <color>ff00a5ff</color>
                    <colorMode>normal</colorMode>
                    <scale>1</scale>
                    <heading>0</heading>
                    <Icon id="6449">
                        <href>http://maps.google.com/mapfiles/kml/pushpin/ylw-pushpin.png</href>
                    </Icon>
                </IconStyle>
            </Style>
            <Style id="6452">
                <IconStyle id="6453">
                    <color>ff00a5ff</color>
                    <colorMode>normal</colorMode>
                    <scale>1</scale>
                    <heading>0</heading>
                    <Icon id="6454">
                        <href>http://maps.google.com/mapfiles/kml/pushpin/ylw-pushpin.png</href>
                    </Icon>
                </IconStyle>
            </Style>
            <Style id="6457">
                <IconStyle id="6458">
                    <color>ff00a5ff</color>
                    <colorMode>normal</colorMode>
                    <scale>1</scale>
                    <heading>0</heading>
                    <Icon id="6459">
                        <href>http://maps.google.com/mapfiles/kml/pushpin/ylw-pushpin.png</href>
                    </Icon>
                </IconStyle>
            </Style>
            <Style id="6462">
                <IconStyle id="6463">
                    <color>ff00a5ff</color>
                    <colorMode>normal</colorMode>
                    <scale>1</scale>
                    <heading>0</heading>
                    <Icon id="6464">
                        <href>http://maps.google.com/mapfiles/kml/pushpin/ylw-pushpin.png</href>
                    </Icon>
                </IconStyle>
            </Style>
            <Style id="6467">
                <IconStyle id="6468">
                    <color>ff00a5ff</color>
                    <colorMode>normal</colorMode>
                    <scale>1</scale>
                    <heading>0</heading>
                    <Icon id="6469">
                        <href>http://maps.google.com/mapfiles/kml/pushpin/ylw-pushpin.png</href>
                    </Icon>
                </IconStyle>
            </Style>
            <Style id="6472">
                <IconStyle id="6473">
                    <color>ff00a5ff</color>
                    <colorMode>normal</colorMode>
                    <scale>1</scale>
                    <heading>0</heading>
                    <Icon id="6474">
                        <href>http://maps.google.com/mapfiles/kml/pushpin/ylw-pushpin.png</href>
                    </Icon>
                </IconStyle>
            </Style>
            <Style id="6477">
                <IconStyle id="6478">
                    <color>ff00a5ff</color>
                    <colorMode>normal</colorMode>
                    <scale>1</scale>
                    <heading>0</heading>
                    <Icon id="6479">
                        <href>http://maps.google.com/mapfiles/kml/pushpin/ylw-pushpin.png</href>
                    </Icon>
                </IconStyle>
            </Style>
            <Style id="6482">
                <IconStyle id="6483">
                    <color>ff00a5ff</color>
                    <colorMode>normal</colorMode>
                    <scale>1</scale>
                    <heading>0</heading>
                    <Icon id="6484">
                        <href>http://maps.google.com/mapfiles/kml/pushpin/ylw-pushpin.png</href>
                    </Icon>
                </IconStyle>
            </Style>
            <Style id="6487">
                <IconStyle id="6488">
                    <color>ff00a5ff</color>
                    <colorMode>normal</colorMode>
                    <scale>1</scale>
                    <heading>0</heading>
                    <Icon id="6489">
                        <href>http://maps.google.com/mapfiles/kml/pushpin/ylw-pushpin.png</href>
                    </Icon>
                </IconStyle>
            </Style>
            <Style id="6492">
                <IconStyle id="6493">
                    <color>ff00a5ff</color>
                    <colorMode>normal</colorMode>
                    <scale>1</scale>
                    <heading>0</heading>
                    <Icon id="6494">
                        <href>http://maps.google.com/mapfiles/kml/pushpin/ylw-pushpin.png</href>
                    </Icon>
                </IconStyle>
            </Style>
            <Style id="6497">
                <IconStyle id="6498">
                    <color>ff00a5ff</color>
                    <colorMode>normal</colorMode>
                    <scale>1</scale>
                    <heading>0</heading>
                    <Icon id="6499">
                        <href>http://maps.google.com/mapfiles/kml/pushpin/ylw-pushpin.png</href>
                    </Icon>
                </IconStyle>
            </Style>
            <Style id="6502">
                <IconStyle id="6503">
                    <color>ff00a5ff</color>
                    <colorMode>normal</colorMode>
                    <scale>1</scale>
                    <heading>0</heading>
                    <Icon id="6504">
                        <href>http://maps.google.com/mapfiles/kml/pushpin/ylw-pushpin.png</href>
                    </Icon>
                </IconStyle>
            </Style>
            <Style id="6507">
                <IconStyle id="6508">
                    <color>ff00a5ff</color>
                    <colorMode>normal</colorMode>
                    <scale>1</scale>
                    <heading>0</heading>
                    <Icon id="6509">
                        <href>http://maps.google.com/mapfiles/kml/pushpin/ylw-pushpin.png</href>
                    </Icon>
                </IconStyle>
            </Style>
            <Style id="6512">
                <IconStyle id="6513">
                    <color>ff00a5ff</color>
                    <colorMode>normal</colorMode>
                    <scale>1</scale>
                    <heading>0</heading>
                    <Icon id="6514">
                        <href>http://maps.google.com/mapfiles/kml/pushpin/ylw-pushpin.png</href>
                    </Icon>
                </IconStyle>
            </Style>
            <Style id="6517">
                <IconStyle id="6518">
                    <color>ff00a5ff</color>
                    <colorMode>normal</colorMode>
                    <scale>1</scale>
                    <heading>0</heading>
                    <Icon id="6519">
                        <href>http://maps.google.com/mapfiles/kml/pushpin/ylw-pushpin.png</href>
                    </Icon>
                </IconStyle>
            </Style>
            <Style id="6522">
                <IconStyle id="6523">
                    <color>ff00a5ff</color>
                    <colorMode>normal</colorMode>
                    <scale>1</scale>
                    <heading>0</heading>
                    <Icon id="6524">
                        <href>http://maps.google.com/mapfiles/kml/pushpin/ylw-pushpin.png</href>
                    </Icon>
                </IconStyle>
            </Style>
            <name>MARY JISSA DEL PILAR PALACIOS ZAPATA</name>
            <Placemark id="6366">
                <name>IRMA HUAMAN PINTADO</name>
                <description>Calle Pucallpa MZ 21 LT 8 ref frente al parque
Zarumilla
Zarumilla
Tumbes
Perú</description>
                <styleUrl>#6367</styleUrl>
                <Point id="6365">
                    <coordinates>-80.2791118,-3.5108671,0.0</coordinates>
                </Point>
            </Placemark>
            <Placemark id="6371">
                <name>MARIA TERESA DEL CARMEN URQUIZO HERRERA</name>
                <description>Av. Ramón Castilla 141 Papayal entrada del pueblo, antes de la muni
Papayal
24200Papayal
Tumbes
Perú</description>
                <styleUrl>#6372</styleUrl>
                <Point id="6370">
                    <coordinates>-80.2350002,-3.5704281,0.0</coordinates>
                </Point>
            </Placemark>
            <Placemark id="6376">
                <name>LORENA DEL PILAR CEDILLO LOPEZ</name>
                <description>Av circunvalación s/n - Miraflores -  zarumilla
Zarumilla
24101Zarumilla
Tumbes
Perú</description>
                <styleUrl>#6377</styleUrl>
                <Point id="6375">
                    <coordinates>-80.269265,-3.5049421,0.0</coordinates>
                </Point>
            </Placemark>
            <Placemark id="6381">
                <name>YUBITZA ELIZABETH SALVATIERRA CRUZ</name>
                <description>Av.principal de papayal
Papayal
Papayal
Tumbes
Perú</description>
                <styleUrl>#6382</styleUrl>
                <Point id="6380">
                    <coordinates>-80.2350965,-3.5695982,0.0</coordinates>
                </Point>
            </Placemark>
            <Placemark id="6386">
                <name>DARIO MARQUEZ GARCIA</name>
                <description>calle el malecón sin número 
Papayal
24200Papayal
Tumbes
Perú</description>
                <styleUrl>#6387</styleUrl>
                <Point id="6385">
                    <coordinates>-80.2139324,-3.5612443,0.0</coordinates>
                </Point>
            </Placemark>
            <Placemark id="6391">
                <name>DORA ISABEL ROMERO PIZARRO</name>
                <description>Calle lima #126 espalda de comisaria y la posta de la palma
Papayal
Papayal
Tumbes
Perú</description>
                <styleUrl>#6392</styleUrl>
                <Point id="6390">
                    <coordinates>-80.2152702,-3.5619925,0.0</coordinates>
                </Point>
            </Placemark>
            <Placemark id="6396">
                <name>CARMEN PIZARRO DE FLORES</name>
                <description>av capitan hoyle número 106 uña de gato, antes de llegar al parque
Papayal
24200Papayal
Tumbes
Perú</description>
                <styleUrl>#6397</styleUrl>
                <Point id="6395">
                    <coordinates>-80.2172174,-3.5631938,0.0</coordinates>
                </Point>
            </Placemark>
            <Placemark id="6401">
                <name>AURI ESTELA PIZARRO MARCHAN</name>
                <description> barrio San José villa uña de gato 
Papayal
24200Papayal
Tumbes
Perú</description>
                <styleUrl>#6402</styleUrl>
                <Point id="6400">
                    <coordinates>-80.2318392,-3.5422243,0.0</coordinates>
                </Point>
            </Placemark>
            <Placemark id="6406">
                <name>MARIA DEL PILAR NONAJULCA LALANGUI</name>
                <description>Las Lomas  _ Ref cerca al canal
Tumbes
Tumbes
Tumbes
Perú</description>
                <styleUrl>#6407</styleUrl>
                <Point id="6405">
                    <coordinates>-80.4137641,-3.5800658,0.0</coordinates>
                </Point>
            </Placemark>
            <Placemark id="6411">
                <name>MARIA EUGENIA RODRIGUEZ TINEO</name>
                <description> jirón las Mercedes  villa uña de gato 
Papayal
24200Papayal
Tumbes
Perú</description>
                <styleUrl>#6412</styleUrl>
                <Point id="6410">
                    <coordinates>-80.2288896,-3.5383805,0.0</coordinates>
                </Point>
            </Placemark>
            <Placemark id="6416">
                <name>YOJANY CERVERA CARRILLO</name>
                <description> barrio las Mercedes   villa uña de gato
Papayal
24200Papayal
Tumbes
Perú</description>
                <styleUrl>#6417</styleUrl>
                <Point id="6415">
                    <coordinates>-80.228699,-3.5387754,0.0</coordinates>
                </Point>
            </Placemark>
            <Placemark id="6421">
                <name>NELLY CARRILLO CARRANZA</name>
                <description>la garita 109 frente a la plataforma  uña de gato
Papayal
24200Papayal
Tumbes
Perú</description>
                <styleUrl>#6422</styleUrl>
                <Point id="6420">
                    <coordinates>-80.2344493,-3.5355641,0.0</coordinates>
                </Point>
            </Placemark>
            <Placemark id="6426">
                <name>SHIRLEY JANNET NOLE CHUQUIHUANCA</name>
                <description>Cuchareta alta ref frente al jardín 063
Zarumilla

Tumbes
Perú</description>
                <styleUrl>#6427</styleUrl>
                <Point id="6425">
                    <coordinates>-80.2376743,-3.5300523,0.0</coordinates>
                </Point>
            </Placemark>
            <Placemark id="6431">
                <name>YARICSA FLORES YACILA</name>
                <description>JR Huascar 116 - Miraflores - zarumilla
Zarumilla
24101Zarumilla
Tumbes
Perú</description>
                <styleUrl>#6432</styleUrl>
                <Point id="6430">
                    <coordinates>-80.2750639,-3.5086222,0.0</coordinates>
                </Point>
            </Placemark>
            <Placemark id="6436">
                <name>BICDIA CATERINE PEÑA CARRILLO</name>
                <description>Calle Huáscar 400 ref colegio Miraflores
Zarumilla
Zarumilla
Tumbes
Perú</description>
                <styleUrl>#6437</styleUrl>
                <Point id="6435">
                    <coordinates>-80.2731022,-3.5057626,0.0</coordinates>
                </Point>
            </Placemark>
            <Placemark id="6441">
                <name>FERNANDEZ ALTAMIRANO FLOR MARINA</name>
                <description>FERNANDEZ ALTAMIRANO FLOR MARINA
Av 28 de julio 345 - centro de zarumilla
Zarumilla
Zarumilla
Tumbes
Perú</description>
                <styleUrl>#6442</styleUrl>
                <Point id="6440">
                    <coordinates>-80.2741934,-3.5024333,0.0</coordinates>
                </Point>
            </Placemark>
            <Placemark id="6446">
                <name>LINDA MARICIELO IZQUIERDO VINCES</name>
                <description>AA.HH santa Victoria calle  San Martín MZ E lote 3 
Zarumilla
24101Zarumilla
Tumbes
Perú</description>
                <styleUrl>#6447</styleUrl>
                <Point id="6445">
                    <coordinates>-80.280964,-3.4980169,0.0</coordinates>
                </Point>
            </Placemark>
            <Placemark id="6451">
                <name>LIDIA LIZANA HUANCAS</name>
                <description>Calle la Industrial Ref.frente al complejo los pinos la Rocana
Zarumilla
Zarumilla
Tumbes
Perú</description>
                <styleUrl>#6452</styleUrl>
                <Point id="6450">
                    <coordinates>-80.2826249,-3.4955325,0.0</coordinates>
                </Point>
            </Placemark>
            <Placemark id="6456">
                <name>Luis ayasta romero</name>
                <description>La Rocana ref ref por el jardín las palmeras
Zarumilla
Zarumilla
Tumbes
Perú</description>
                <styleUrl>#6457</styleUrl>
                <Point id="6455">
                    <coordinates>-80.2819773,-3.4969251,0.0</coordinates>
                </Point>
            </Placemark>
            <Placemark id="6461">
                <name>HERMINIA CIELO NUÑEZ DE LOPEZ</name>
                <description>La Rocana ref más adelante la cebollera
Zarumilla


Perú</description>
                <styleUrl>#6462</styleUrl>
                <Point id="6460">
                    <coordinates>-80.2812384,-3.4964994,0.0</coordinates>
                </Point>
            </Placemark>
            <Placemark id="6466">
                <name>JOSE SANTOS CASTILLO CUTIN</name>
                <description>PJ Benedicto MZ B LT 3
Zarumilla
Zarumilla
Tumbes
Perú</description>
                <styleUrl>#6467</styleUrl>
                <Point id="6465">
                    <coordinates>-80.2797839,-3.4988487,0.0</coordinates>
                </Point>
            </Placemark>
            <Placemark id="6471">
                <name>SARLY ROSSI RUIZ INFANTE</name>
                <description>Calle santa rosa con esquina amazonas s/n - pozo elevado sur - zarumilla
Zarumilla
Zarumilla
Tumbes
Perú</description>
                <styleUrl>#6472</styleUrl>
                <Point id="6470">
                    <coordinates>-80.280213,-3.5089454,0.0</coordinates>
                </Point>
            </Placemark>
            <Placemark id="6476">
                <name>MARITZA BEATRIZ CESPEDES VINCES</name>
                <description>Calle santa rosa s/n - pozo elevado sur - zarumilla
Zarumilla
TumbesZarumilla
Tumbes
Perú</description>
                <styleUrl>#6477</styleUrl>
                <Point id="6475">
                    <coordinates>-80.2794123,-3.5071685,0.0</coordinates>
                </Point>
            </Placemark>
            <Placemark id="6481">
                <name>MARINA HUAMAN SALDAÑA</name>
                <description>Av el deporte MZ L LT 07 con las artes. Andres Araujo - Puyango
Puyango
Tumbes
Tumbes
Perú</description>
                <styleUrl>#6482</styleUrl>
                <Point id="6480">
                    <coordinates>-80.4201488,-3.5660872,0.0</coordinates>
                </Point>
            </Placemark>
            <Placemark id="6486">
                <name>GEORGINA ELIZABETH TUPEZ BURGOS</name>
                <description>Av geranios con gardenias s/ n - zarumilla 
Zarumilla
24101Zarumilla
Tumbes
Perú</description>
                <styleUrl>#6487</styleUrl>
                <Point id="6485">
                    <coordinates>-80.2765289,-3.5074386,0.0</coordinates>
                </Point>
            </Placemark>
            <Placemark id="6491">
                <name>ROSA YELINA MORENO LUJAN</name>
                <description>Calle Lisardo Montero 101 AAHH Pozo elevado
Zarumilla
24101Zarumilla
Tumbes
Perú</description>
                <styleUrl>#6492</styleUrl>
                <Point id="6490">
                    <coordinates>-80.2745514,-3.5071916,0.0</coordinates>
                </Point>
            </Placemark>
            <Placemark id="6496">
                <name>ORLANDO LEON CORNEJO</name>
                <description>Calle Nuevo pósitos atrás del jardín
Zarumilla
Zarumilla
Tumbes
Perú</description>
                <styleUrl>#6497</styleUrl>
                <Point id="6495">
                    <coordinates>-80.2673795,-3.5071413,0.0</coordinates>
                </Point>
            </Placemark>
            <Placemark id="6501">
                <name>LEYDI DIANA VINCES CRUZ</name>
                <description>Av circunvalación 208 - barrio Miraflores - zarumilla
Zarumilla
Zarumilla
Tumbes
Perú</description>
                <styleUrl>#6502</styleUrl>
                <Point id="6500">
                    <coordinates>-80.2692013,-3.5048371,0.0</coordinates>
                </Point>
            </Placemark>
            <Placemark id="6506">
                <name>WILMER ALEXANDER NUNURA SOTO</name>
                <description>Calle Paita MZ 9 LT
Zarumilla
TumbesZarumilla
Tumbes
Perú</description>
                <styleUrl>#6507</styleUrl>
                <Point id="6505">
                    <coordinates>-80.2669841,-3.5039344,0.0</coordinates>
                </Point>
            </Placemark>
            <Placemark id="6511">
                <name>JULIANA MILAGRITOS NOLE APONTE</name>
                <description>Jr Miraflores 319 AA.HH. Miraflores Zarumilla
Zarumilla
Zarumilla
Tumbes
Perú</description>
                <styleUrl>#6512</styleUrl>
                <Point id="6510">
                    <coordinates>-80.2712788,-3.5043497,0.0</coordinates>
                </Point>
            </Placemark>
            <Placemark id="6516">
                <name>MAURA SOCORRO ORELLANA JIMENEZ</name>
                <description>JR Miraflores 430 ref jardín de niños la paz
Zarumilla
Zarumilla
Tumbes
Perú</description>
                <styleUrl>#6517</styleUrl>
                <Point id="6515">
                    <coordinates>-80.2698886,-3.5023662,0.0</coordinates>
                </Point>
            </Placemark>
            <Placemark id="6521">
                <name>JUAN DANIEL OYOLA ALVITES</name>
                <description>mercadito santa rosa - calle Zavala - zarumilla 
Zarumilla
24101Zarumilla
Tumbes
Perú</description>
                <styleUrl>#6522</styleUrl>
                <Point id="6520">
                    <coordinates>-80.2723945,-3.5036005,0.0</coordinates>
                </Point>
            </Placemark>
        </Folder>
        <Folder id="6525">
            <Style id="6528">
                <IconStyle id="6529">
                    <color>ff00ffff</color>
                    <colorMode>normal</colorMode>
                    <scale>1</scale>
                    <heading>0</heading>
                    <Icon id="6530">
                        <href>http://maps.google.com/mapfiles/kml/pushpin/ylw-pushpin.png</href>
                    </Icon>
                </IconStyle>
            </Style>
            <Style id="6533">
                <IconStyle id="6534">
                    <color>ff00ffff</color>
                    <colorMode>normal</colorMode>
                    <scale>1</scale>
                    <heading>0</heading>
                    <Icon id="6535">
                        <href>http://maps.google.com/mapfiles/kml/pushpin/ylw-pushpin.png</href>
                    </Icon>
                </IconStyle>
            </Style>
            <Style id="6538">
                <IconStyle id="6539">
                    <color>ff00ffff</color>
                    <colorMode>normal</colorMode>
                    <scale>1</scale>
                    <heading>0</heading>
                    <Icon id="6540">
                        <href>http://maps.google.com/mapfiles/kml/pushpin/ylw-pushpin.png</href>
                    </Icon>
                </IconStyle>
            </Style>
            <Style id="6543">
                <IconStyle id="6544">
                    <color>ff00ffff</color>
                    <colorMode>normal</colorMode>
                    <scale>1</scale>
                    <heading>0</heading>
                    <Icon id="6545">
                        <href>http://maps.google.com/mapfiles/kml/pushpin/ylw-pushpin.png</href>
                    </Icon>
                </IconStyle>
            </Style>
            <Style id="6548">
                <IconStyle id="6549">
                    <color>ff00ffff</color>
                    <colorMode>normal</colorMode>
                    <scale>1</scale>
                    <heading>0</heading>
                    <Icon id="6550">
                        <href>http://maps.google.com/mapfiles/kml/pushpin/ylw-pushpin.png</href>
                    </Icon>
                </IconStyle>
            </Style>
            <Style id="6553">
                <IconStyle id="6554">
                    <color>ff00ffff</color>
                    <colorMode>normal</colorMode>
                    <scale>1</scale>
                    <heading>0</heading>
                    <Icon id="6555">
                        <href>http://maps.google.com/mapfiles/kml/pushpin/ylw-pushpin.png</href>
                    </Icon>
                </IconStyle>
            </Style>
            <Style id="6558">
                <IconStyle id="6559">
                    <color>ff00ffff</color>
                    <colorMode>normal</colorMode>
                    <scale>1</scale>
                    <heading>0</heading>
                    <Icon id="6560">
                        <href>http://maps.google.com/mapfiles/kml/pushpin/ylw-pushpin.png</href>
                    </Icon>
                </IconStyle>
            </Style>
            <Style id="6563">
                <IconStyle id="6564">
                    <color>ff00ffff</color>
                    <colorMode>normal</colorMode>
                    <scale>1</scale>
                    <heading>0</heading>
                    <Icon id="6565">
                        <href>http://maps.google.com/mapfiles/kml/pushpin/ylw-pushpin.png</href>
                    </Icon>
                </IconStyle>
            </Style>
            <Style id="6568">
                <IconStyle id="6569">
                    <color>ff00ffff</color>
                    <colorMode>normal</colorMode>
                    <scale>1</scale>
                    <heading>0</heading>
                    <Icon id="6570">
                        <href>http://maps.google.com/mapfiles/kml/pushpin/ylw-pushpin.png</href>
                    </Icon>
                </IconStyle>
            </Style>
            <Style id="6573">
                <IconStyle id="6574">
                    <color>ff00ffff</color>
                    <colorMode>normal</colorMode>
                    <scale>1</scale>
                    <heading>0</heading>
                    <Icon id="6575">
                        <href>http://maps.google.com/mapfiles/kml/pushpin/ylw-pushpin.png</href>
                    </Icon>
                </IconStyle>
            </Style>
            <Style id="6578">
                <IconStyle id="6579">
                    <color>ff00ffff</color>
                    <colorMode>normal</colorMode>
                    <scale>1</scale>
                    <heading>0</heading>
                    <Icon id="6580">
                        <href>http://maps.google.com/mapfiles/kml/pushpin/ylw-pushpin.png</href>
                    </Icon>
                </IconStyle>
            </Style>
            <Style id="6583">
                <IconStyle id="6584">
                    <color>ff00ffff</color>
                    <colorMode>normal</colorMode>
                    <scale>1</scale>
                    <heading>0</heading>
                    <Icon id="6585">
                        <href>http://maps.google.com/mapfiles/kml/pushpin/ylw-pushpin.png</href>
                    </Icon>
                </IconStyle>
            </Style>
            <Style id="6588">
                <IconStyle id="6589">
                    <color>ff00ffff</color>
                    <colorMode>normal</colorMode>
                    <scale>1</scale>
                    <heading>0</heading>
                    <Icon id="6590">
                        <href>http://maps.google.com/mapfiles/kml/pushpin/ylw-pushpin.png</href>
                    </Icon>
                </IconStyle>
            </Style>
            <Style id="6593">
                <IconStyle id="6594">
                    <color>ff00ffff</color>
                    <colorMode>normal</colorMode>
                    <scale>1</scale>
                    <heading>0</heading>
                    <Icon id="6595">
                        <href>http://maps.google.com/mapfiles/kml/pushpin/ylw-pushpin.png</href>
                    </Icon>
                </IconStyle>
            </Style>
            <Style id="6598">
                <IconStyle id="6599">
                    <color>ff00ffff</color>
                    <colorMode>normal</colorMode>
                    <scale>1</scale>
                    <heading>0</heading>
                    <Icon id="6600">
                        <href>http://maps.google.com/mapfiles/kml/pushpin/ylw-pushpin.png</href>
                    </Icon>
                </IconStyle>
            </Style>
            <Style id="6603">
                <IconStyle id="6604">
                    <color>ff00ffff</color>
                    <colorMode>normal</colorMode>
                    <scale>1</scale>
                    <heading>0</heading>
                    <Icon id="6605">
                        <href>http://maps.google.com/mapfiles/kml/pushpin/ylw-pushpin.png</href>
                    </Icon>
                </IconStyle>
            </Style>
            <Style id="6608">
                <IconStyle id="6609">
                    <color>ff00ffff</color>
                    <colorMode>normal</colorMode>
                    <scale>1</scale>
                    <heading>0</heading>
                    <Icon id="6610">
                        <href>http://maps.google.com/mapfiles/kml/pushpin/ylw-pushpin.png</href>
                    </Icon>
                </IconStyle>
            </Style>
            <Style id="6613">
                <IconStyle id="6614">
                    <color>ff00ffff</color>
                    <colorMode>normal</colorMode>
                    <scale>1</scale>
                    <heading>0</heading>
                    <Icon id="6615">
                        <href>http://maps.google.com/mapfiles/kml/pushpin/ylw-pushpin.png</href>
                    </Icon>
                </IconStyle>
            </Style>
            <Style id="6618">
                <IconStyle id="6619">
                    <color>ff00ffff</color>
                    <colorMode>normal</colorMode>
                    <scale>1</scale>
                    <heading>0</heading>
                    <Icon id="6620">
                        <href>http://maps.google.com/mapfiles/kml/pushpin/ylw-pushpin.png</href>
                    </Icon>
                </IconStyle>
            </Style>
            <Style id="6623">
                <IconStyle id="6624">
                    <color>ff00ffff</color>
                    <colorMode>normal</colorMode>
                    <scale>1</scale>
                    <heading>0</heading>
                    <Icon id="6625">
                        <href>http://maps.google.com/mapfiles/kml/pushpin/ylw-pushpin.png</href>
                    </Icon>
                </IconStyle>
            </Style>
            <Style id="6628">
                <IconStyle id="6629">
                    <color>ff00ffff</color>
                    <colorMode>normal</colorMode>
                    <scale>1</scale>
                    <heading>0</heading>
                    <Icon id="6630">
                        <href>http://maps.google.com/mapfiles/kml/pushpin/ylw-pushpin.png</href>
                    </Icon>
                </IconStyle>
            </Style>
            <Style id="6633">
                <IconStyle id="6634">
                    <color>ff00ffff</color>
                    <colorMode>normal</colorMode>
                    <scale>1</scale>
                    <heading>0</heading>
                    <Icon id="6635">
                        <href>http://maps.google.com/mapfiles/kml/pushpin/ylw-pushpin.png</href>
                    </Icon>
                </IconStyle>
            </Style>
            <Style id="6638">
                <IconStyle id="6639">
                    <color>ff00ffff</color>
                    <colorMode>normal</colorMode>
                    <scale>1</scale>
                    <heading>0</heading>
                    <Icon id="6640">
                        <href>http://maps.google.com/mapfiles/kml/pushpin/ylw-pushpin.png</href>
                    </Icon>
                </IconStyle>
            </Style>
            <Style id="6643">
                <IconStyle id="6644">
                    <color>ff00ffff</color>
                    <colorMode>normal</colorMode>
                    <scale>1</scale>
                    <heading>0</heading>
                    <Icon id="6645">
                        <href>http://maps.google.com/mapfiles/kml/pushpin/ylw-pushpin.png</href>
                    </Icon>
                </IconStyle>
            </Style>
            <Style id="6648">
                <IconStyle id="6649">
                    <color>ff00ffff</color>
                    <colorMode>normal</colorMode>
                    <scale>1</scale>
                    <heading>0</heading>
                    <Icon id="6650">
                        <href>http://maps.google.com/mapfiles/kml/pushpin/ylw-pushpin.png</href>
                    </Icon>
                </IconStyle>
            </Style>
            <Style id="6653">
                <IconStyle id="6654">
                    <color>ff00ffff</color>
                    <colorMode>normal</colorMode>
                    <scale>1</scale>
                    <heading>0</heading>
                    <Icon id="6655">
                        <href>http://maps.google.com/mapfiles/kml/pushpin/ylw-pushpin.png</href>
                    </Icon>
                </IconStyle>
            </Style>
            <Style id="6658">
                <IconStyle id="6659">
                    <color>ff00ffff</color>
                    <colorMode>normal</colorMode>
                    <scale>1</scale>
                    <heading>0</heading>
                    <Icon id="6660">
                        <href>http://maps.google.com/mapfiles/kml/pushpin/ylw-pushpin.png</href>
                    </Icon>
                </IconStyle>
            </Style>
            <Style id="6663">
                <IconStyle id="6664">
                    <color>ff00ffff</color>
                    <colorMode>normal</colorMode>
                    <scale>1</scale>
                    <heading>0</heading>
                    <Icon id="6665">
                        <href>http://maps.google.com/mapfiles/kml/pushpin/ylw-pushpin.png</href>
                    </Icon>
                </IconStyle>
            </Style>
            <Style id="6668">
                <IconStyle id="6669">
                    <color>ff00ffff</color>
                    <colorMode>normal</colorMode>
                    <scale>1</scale>
                    <heading>0</heading>
                    <Icon id="6670">
                        <href>http://maps.google.com/mapfiles/kml/pushpin/ylw-pushpin.png</href>
                    </Icon>
                </IconStyle>
            </Style>
            <Style id="6673">
                <IconStyle id="6674">
                    <color>ff00ffff</color>
                    <colorMode>normal</colorMode>
                    <scale>1</scale>
                    <heading>0</heading>
                    <Icon id="6675">
                        <href>http://maps.google.com/mapfiles/kml/pushpin/ylw-pushpin.png</href>
                    </Icon>
                </IconStyle>
            </Style>
            <Style id="6678">
                <IconStyle id="6679">
                    <color>ff00ffff</color>
                    <colorMode>normal</colorMode>
                    <scale>1</scale>
                    <heading>0</heading>
                    <Icon id="6680">
                        <href>http://maps.google.com/mapfiles/kml/pushpin/ylw-pushpin.png</href>
                    </Icon>
                </IconStyle>
            </Style>
            <Style id="6683">
                <IconStyle id="6684">
                    <color>ff00ffff</color>
                    <colorMode>normal</colorMode>
                    <scale>1</scale>
                    <heading>0</heading>
                    <Icon id="6685">
                        <href>http://maps.google.com/mapfiles/kml/pushpin/ylw-pushpin.png</href>
                    </Icon>
                </IconStyle>
            </Style>
            <Style id="6688">
                <IconStyle id="6689">
                    <color>ff00ffff</color>
                    <colorMode>normal</colorMode>
                    <scale>1</scale>
                    <heading>0</heading>
                    <Icon id="6690">
                        <href>http://maps.google.com/mapfiles/kml/pushpin/ylw-pushpin.png</href>
                    </Icon>
                </IconStyle>
            </Style>
            <Style id="6693">
                <IconStyle id="6694">
                    <color>ff00ffff</color>
                    <colorMode>normal</colorMode>
                    <scale>1</scale>
                    <heading>0</heading>
                    <Icon id="6695">
                        <href>http://maps.google.com/mapfiles/kml/pushpin/ylw-pushpin.png</href>
                    </Icon>
                </IconStyle>
            </Style>
            <Style id="6698">
                <IconStyle id="6699">
                    <color>ff00ffff</color>
                    <colorMode>normal</colorMode>
                    <scale>1</scale>
                    <heading>0</heading>
                    <Icon id="6700">
                        <href>http://maps.google.com/mapfiles/kml/pushpin/ylw-pushpin.png</href>
                    </Icon>
                </IconStyle>
            </Style>
            <Style id="6703">
                <IconStyle id="6704">
                    <color>ff00ffff</color>
                    <colorMode>normal</colorMode>
                    <scale>1</scale>
                    <heading>0</heading>
                    <Icon id="6705">
                        <href>http://maps.google.com/mapfiles/kml/pushpin/ylw-pushpin.png</href>
                    </Icon>
                </IconStyle>
            </Style>
            <Style id="6708">
                <IconStyle id="6709">
                    <color>ff00ffff</color>
                    <colorMode>normal</colorMode>
                    <scale>1</scale>
                    <heading>0</heading>
                    <Icon id="6710">
                        <href>http://maps.google.com/mapfiles/kml/pushpin/ylw-pushpin.png</href>
                    </Icon>
                </IconStyle>
            </Style>
            <Style id="6713">
                <IconStyle id="6714">
                    <color>ff00ffff</color>
                    <colorMode>normal</colorMode>
                    <scale>1</scale>
                    <heading>0</heading>
                    <Icon id="6715">
                        <href>http://maps.google.com/mapfiles/kml/pushpin/ylw-pushpin.png</href>
                    </Icon>
                </IconStyle>
            </Style>
            <Style id="6718">
                <IconStyle id="6719">
                    <color>ff00ffff</color>
                    <colorMode>normal</colorMode>
                    <scale>1</scale>
                    <heading>0</heading>
                    <Icon id="6720">
                        <href>http://maps.google.com/mapfiles/kml/pushpin/ylw-pushpin.png</href>
                    </Icon>
                </IconStyle>
            </Style>
            <Style id="6723">
                <IconStyle id="6724">
                    <color>ff00ffff</color>
                    <colorMode>normal</colorMode>
                    <scale>1</scale>
                    <heading>0</heading>
                    <Icon id="6725">
                        <href>http://maps.google.com/mapfiles/kml/pushpin/ylw-pushpin.png</href>
                    </Icon>
                </IconStyle>
            </Style>
            <Style id="6728">
                <IconStyle id="6729">
                    <color>ff00ffff</color>
                    <colorMode>normal</colorMode>
                    <scale>1</scale>
                    <heading>0</heading>
                    <Icon id="6730">
                        <href>http://maps.google.com/mapfiles/kml/pushpin/ylw-pushpin.png</href>
                    </Icon>
                </IconStyle>
            </Style>
            <Style id="6733">
                <IconStyle id="6734">
                    <color>ff00ffff</color>
                    <colorMode>normal</colorMode>
                    <scale>1</scale>
                    <heading>0</heading>
                    <Icon id="6735">
                        <href>http://maps.google.com/mapfiles/kml/pushpin/ylw-pushpin.png</href>
                    </Icon>
                </IconStyle>
            </Style>
            <Style id="6738">
                <IconStyle id="6739">
                    <color>ff00ffff</color>
                    <colorMode>normal</colorMode>
                    <scale>1</scale>
                    <heading>0</heading>
                    <Icon id="6740">
                        <href>http://maps.google.com/mapfiles/kml/pushpin/ylw-pushpin.png</href>
                    </Icon>
                </IconStyle>
            </Style>
            <Style id="6743">
                <IconStyle id="6744">
                    <color>ff00ffff</color>
                    <colorMode>normal</colorMode>
                    <scale>1</scale>
                    <heading>0</heading>
                    <Icon id="6745">
                        <href>http://maps.google.com/mapfiles/kml/pushpin/ylw-pushpin.png</href>
                    </Icon>
                </IconStyle>
            </Style>
            <Style id="6748">
                <IconStyle id="6749">
                    <color>ff00ffff</color>
                    <colorMode>normal</colorMode>
                    <scale>1</scale>
                    <heading>0</heading>
                    <Icon id="6750">
                        <href>http://maps.google.com/mapfiles/kml/pushpin/ylw-pushpin.png</href>
                    </Icon>
                </IconStyle>
            </Style>
            <Style id="6753">
                <IconStyle id="6754">
                    <color>ff00ffff</color>
                    <colorMode>normal</colorMode>
                    <scale>1</scale>
                    <heading>0</heading>
                    <Icon id="6755">
                        <href>http://maps.google.com/mapfiles/kml/pushpin/ylw-pushpin.png</href>
                    </Icon>
                </IconStyle>
            </Style>
            <Style id="6758">
                <IconStyle id="6759">
                    <color>ff00ffff</color>
                    <colorMode>normal</colorMode>
                    <scale>1</scale>
                    <heading>0</heading>
                    <Icon id="6760">
                        <href>http://maps.google.com/mapfiles/kml/pushpin/ylw-pushpin.png</href>
                    </Icon>
                </IconStyle>
            </Style>
            <Style id="6763">
                <IconStyle id="6764">
                    <color>ff00ffff</color>
                    <colorMode>normal</colorMode>
                    <scale>1</scale>
                    <heading>0</heading>
                    <Icon id="6765">
                        <href>http://maps.google.com/mapfiles/kml/pushpin/ylw-pushpin.png</href>
                    </Icon>
                </IconStyle>
            </Style>
            <Style id="6768">
                <IconStyle id="6769">
                    <color>ff00ffff</color>
                    <colorMode>normal</colorMode>
                    <scale>1</scale>
                    <heading>0</heading>
                    <Icon id="6770">
                        <href>http://maps.google.com/mapfiles/kml/pushpin/ylw-pushpin.png</href>
                    </Icon>
                </IconStyle>
            </Style>
            <name>WILLIAN ALEJANDRO HERRERA MORAN</name>
            <Placemark id="6527">
                <name>MARIA VICTORIA RIVAS VARGAS</name>
                <description>MERCADO SULLANA
Sullana
Sullana
Piura
Perú</description>
                <styleUrl>#6528</styleUrl>
                <Point id="6526">
                    <coordinates>-80.682041,-4.8961139,0.0</coordinates>
                </Point>
            </Placemark>
            <Placemark id="6532">
                <name>MONICA DEL PILAR ARCA FERNANDEZ</name>
                <description>Pasaje estadio S/N santa Sofía
Ignacio Escudero
Sullana
Piura
Perú</description>
                <styleUrl>#6533</styleUrl>
                <Point id="6531">
                    <coordinates>-80.8374966,-4.8830347,0.0</coordinates>
                </Point>
            </Placemark>
            <Placemark id="6537">
                <name>ABRAHAM MADRID MADRID</name>
                <description>ALMDA B. AIRES MZ NÂ°400 AH.SNTA TE
Sullana
Sullana
Piura
Perú</description>
                <styleUrl>#6538</styleUrl>
                <Point id="6536">
                    <coordinates>-80.6819899,-4.8967773,0.0</coordinates>
                </Point>
            </Placemark>
            <Placemark id="6542">
                <name>TEMPORA CARREÑO GUTIERREZ</name>
                <description>TEMPORA CARREÑO GUTIERREZ
CA.LA BREA 213 AH Santa Teresita
Sullana
Sullana
Piura
Perú</description>
                <styleUrl>#6543</styleUrl>
                <Point id="6541">
                    <coordinates>-80.6788661,-4.8975581,0.0</coordinates>
                </Point>
            </Placemark>
            <Placemark id="6547">
                <name>JORGE LUIS VALDIVIEZO ROJAS</name>
                <description>CA LA BREA 515 STA TERESITA
Sullana
Sullana
Piura
Perú</description>
                <styleUrl>#6548</styleUrl>
                <Point id="6546">
                    <coordinates>-80.6784043,-4.9005804,0.0</coordinates>
                </Point>
            </Placemark>
            <Placemark id="6552">
                <name>SOSA MENDOZA ANA MARIA</name>
                <description>LA BREA # 513 STA. TERESITA
Sullana
Sullana
Piura
Perú</description>
                <styleUrl>#6553</styleUrl>
                <Point id="6551">
                    <coordinates>-80.678476,-4.900331,0.0</coordinates>
                </Point>
            </Placemark>
            <Placemark id="6557">
                <name>MARTHA ZAPATA MORAN</name>
                <description>MARTHA ZAPATA MORAN
ATAHUALPA Nº 526   STA.
Sullana
Sullana
Piura
Perú</description>
                <styleUrl>#6558</styleUrl>
                <Point id="6556">
                    <coordinates>-80.6786753,-4.9010813,0.0</coordinates>
                </Point>
            </Placemark>
            <Placemark id="6562">
                <name>ISABEL DIOSES CORREA DE VITE</name>
                <description>AV SAN MARTIN S/N SANTA SOFIA SULLANA-SULLANA
Ignacio Escudero
Ignacio Escudero
Piura
Perú</description>
                <styleUrl>#6563</styleUrl>
                <Point id="6561">
                    <coordinates>-80.8397712,-4.8858645,0.0</coordinates>
                </Point>
            </Placemark>
            <Placemark id="6567">
                <name>ZAIDA DIOSES ROA</name>
                <description>Av.Grau#03 santa Sofía
Ignacio Escudero

Piura
Perú</description>
                <styleUrl>#6568</styleUrl>
                <Point id="6566">
                    <coordinates>-80.839996,-4.885523,0.0</coordinates>
                </Point>
            </Placemark>
            <Placemark id="6572">
                <name>RENY SILVA CANOVA</name>
                <description>AV.GRAU N°21-A-SANTA SOFIA-SULLANA-SULLANA
Ignacio Escudero
Ignacio Escudero
Piura
Perú</description>
                <styleUrl>#6573</styleUrl>
                <Point id="6571">
                    <coordinates>-80.8393763,-4.8851343,0.0</coordinates>
                </Point>
            </Placemark>
            <Placemark id="6577">
                <name>CHAVEZ FERIA CRUZ CARMEN</name>
                <description>CHAVEZ FERIA CRUZ CARMEN
Calle Miguel Grau # 133 Santa Sofía
Ignacio Escudero
Ignacio Escudero
Piura
Perú</description>
                <styleUrl>#6578</styleUrl>
                <Point id="6576">
                    <coordinates>-80.8353628,-4.8822494,0.0</coordinates>
                </Point>
            </Placemark>
            <Placemark id="6582">
                <name>VIVIANA DIOSES CORREA</name>
                <description>Av Grau # 117 - Santa Sofía
Ignacio Escudero
Ignacio Escudero
Piura
Perú</description>
                <styleUrl>#6583</styleUrl>
                <Point id="6581">
                    <coordinates>-80.8356617,-4.8826806,0.0</coordinates>
                </Point>
            </Placemark>
            <Placemark id="6587">
                <name>NELLY FREDELINDA ZAPATA CARRANZA</name>
                <description>CALLE GRAU 81 - Santa Sofía
Ignacio Escudero
Ignacio Escudero
Piura
Perú</description>
                <styleUrl>#6588</styleUrl>
                <Point id="6586">
                    <coordinates>-80.8369019,-4.8835701,0.0</coordinates>
                </Point>
            </Placemark>
            <Placemark id="6592">
                <name>DORIS DIAZ OQUENDO</name>
                <description>Calle Grau 43 santa Sofía
Marcavelica

Piura
Perú</description>
                <styleUrl>#6593</styleUrl>
                <Point id="6591">
                    <coordinates>-80.8385701,-4.88471,0.0</coordinates>
                </Point>
            </Placemark>
            <Placemark id="6597">
                <name>MARIA REYNA PEÑA LEJABO</name>
                <description>SANCHE SERRO 09 - Santa Sofía
Ignacio Escudero
Ignacio Escudero
Piura
Perú</description>
                <styleUrl>#6598</styleUrl>
                <Point id="6596">
                    <coordinates>-80.8389668,-4.8856372,0.0</coordinates>
                </Point>
            </Placemark>
            <Placemark id="6602">
                <name>MARIA MAGDALENA ZAPATA CHERO</name>
                <description>Av Sánchez Cerro 46 - Santa Sofía
Ignacio Escudero
Ignacio Escudero
Piura
Perú</description>
                <styleUrl>#6603</styleUrl>
                <Point id="6601">
                    <coordinates>-80.8372494,-4.8843136,0.0</coordinates>
                </Point>
            </Placemark>
            <Placemark id="6607">
                <name>LUZ EMERITA CASTILLO LEJABO</name>
                <description>Av La Conquista 179 Caserío Tangarara
Marcavelica
Marcavelica
Piura
Perú</description>
                <styleUrl>#6608</styleUrl>
                <Point id="6606">
                    <coordinates>-80.8242491,-4.8861926,0.0</coordinates>
                </Point>
            </Placemark>
            <Placemark id="6612">
                <name>JOSE SANTOS RUIZ CRUZ</name>
                <description>Av Pizarro MZ A LT 49 caserío Tangarara
Marcavelica
Marcavelica
Piura
Perú</description>
                <styleUrl>#6613</styleUrl>
                <Point id="6611">
                    <coordinates>-80.8231212,-4.8861478,0.0</coordinates>
                </Point>
            </Placemark>
            <Placemark id="6617">
                <name>DIANA MARIELA GUTIERREZ LLOCLLA</name>
                <description>PEAJE RICARDO PALMA  01-SULLANA-Monteron
Marcavelica
Marcavelica
Piura
Perú</description>
                <styleUrl>#6618</styleUrl>
                <Point id="6616">
                    <coordinates>-80.7990048,-4.8767106,0.0</coordinates>
                </Point>
            </Placemark>
            <Placemark id="6622">
                <name>MIRTHA ALICIA SAAVEDRA GONZALES</name>
                <description>AVELARDO QUIÑONES S/N CASERÍO MONTERON SULLANA-SULLANA
Marcavelica
Marcavelica
Piura
Perú</description>
                <styleUrl>#6623</styleUrl>
                <Point id="6621">
                    <coordinates>-80.8009905,-4.8789191,0.0</coordinates>
                </Point>
            </Placemark>
            <Placemark id="6627">
                <name>LAURA CANOVA DE CHAVEZ</name>
                <description>Av Miguel Grau 057 Caserío Monteron
Marcavelica
Marcavelica
Piura
Perú</description>
                <styleUrl>#6628</styleUrl>
                <Point id="6626">
                    <coordinates>-80.7985066,-4.8749384,0.0</coordinates>
                </Point>
            </Placemark>
            <Placemark id="6632">
                <name>OFELIA LISSETH SOCOLA GUTIERREZ</name>
                <description>RICARDO PALMA S/N MONTERON SULLANA-SULLANA
Marcavelica
Marcavelica
Piura
Perú</description>
                <styleUrl>#6633</styleUrl>
                <Point id="6631">
                    <coordinates>-80.7974823,-4.874767,0.0</coordinates>
                </Point>
            </Placemark>
            <Placemark id="6637">
                <name>ZOILA AGURTO ORDINOLA</name>
                <description>AV MIGUEL GRAU #112 MONTERON PIURA-PIURA
Marcavelica
Marcavelica
Piura
Perú</description>
                <styleUrl>#6638</styleUrl>
                <Point id="6636">
                    <coordinates>-80.7973627,-4.8714961,0.0</coordinates>
                </Point>
            </Placemark>
            <Placemark id="6642">
                <name>GINA ROXANA PALOMINO ADANAQUE</name>
                <description>Calle 3 Mayo #100 Barrio Fe y Alegría
Marcavelica
Marcavelica
Piura
Perú</description>
                <styleUrl>#6643</styleUrl>
                <Point id="6641">
                    <coordinates>-80.7721587,-4.8616441,0.0</coordinates>
                </Point>
            </Placemark>
            <Placemark id="6647">
                <name>SANTOS TERESA SILVA FLORES</name>
                <description>Av Perú 134
Marcavelica
Marcavelica
Piura
Perú</description>
                <styleUrl>#6648</styleUrl>
                <Point id="6646">
                    <coordinates>-80.7702794,-4.8639375,0.0</coordinates>
                </Point>
            </Placemark>
            <Placemark id="6652">
                <name>CLARA TEODORA PAULINI HUANCA</name>
                <description>BARRIO LA VICTORIA SULLANA-SULLANA
Marcavelica
Marcavelica
Piura
Perú</description>
                <styleUrl>#6653</styleUrl>
                <Point id="6651">
                    <coordinates>-80.7260881,-4.8514098,0.0</coordinates>
                </Point>
            </Placemark>
            <Placemark id="6657">
                <name>ESTEFANY BRICHELLY PEÑA SOSA</name>
                <description>Cqllebel rosal 104 - mallares
Marcavelica

Piura
Perú</description>
                <styleUrl>#6658</styleUrl>
                <Point id="6656">
                    <coordinates>-80.7690667,-4.8596921,0.0</coordinates>
                </Point>
            </Placemark>
            <Placemark id="6662">
                <name>JESSICA PATRICIA ADANAQUE ZAPATA</name>
                <description>Av. Peru Sub Lote 30 MZ.A Mallares
Marcavelica
Marcavelica
Piura
Perú</description>
                <styleUrl>#6663</styleUrl>
                <Point id="6661">
                    <coordinates>-80.7712192,-4.8616426,0.0</coordinates>
                </Point>
            </Placemark>
            <Placemark id="6667">
                <name>ROXANA OLIVARES CARRASCO</name>
                <description>Barrio el puente al costado del colegio san Francisco - la quinta
Sullana

Piura
Perú</description>
                <styleUrl>#6668</styleUrl>
                <Point id="6666">
                    <coordinates>-80.7249216,-4.8558966,0.0</coordinates>
                </Point>
            </Placemark>
            <Placemark id="6672">
                <name>VELASQUEZ PURIZACA TERESITA</name>
                <description>AV.EL PUENTE SN
Marcavelica
Marcavelica
Piura
Perú</description>
                <styleUrl>#6673</styleUrl>
                <Point id="6671">
                    <coordinates>-80.7254063,-4.8545906,0.0</coordinates>
                </Point>
            </Placemark>
            <Placemark id="6677">
                <name>GARCIA CORONADO WILLIAN A.</name>
                <description>CAS LA QUINTA 169
Marcavelica
Marcavelica
Piura
Perú</description>
                <styleUrl>#6678</styleUrl>
                <Point id="6676">
                    <coordinates>-80.7226611,-4.849269,0.0</coordinates>
                </Point>
            </Placemark>
            <Placemark id="6682">
                <name>CLARA TEODORA PAULINI HUANCA</name>
                <description>BARRIO LA VICTORIA SULLANA-SULLANA
Marcavelica
Marcavelica
Piura
Perú</description>
                <styleUrl>#6683</styleUrl>
                <Point id="6681">
                    <coordinates>-80.7260881,-4.8514098,0.0</coordinates>
                </Point>
            </Placemark>
            <Placemark id="6687">
                <name>MARIA ELENA SANDOVAL CASTRO</name>
                <description>BARRIO LA VICTOTIA S/N CAS. LA QUIN
Marcavelica
Marcavelica
Piura
Perú</description>
                <styleUrl>#6688</styleUrl>
                <Point id="6686">
                    <coordinates>-80.7260733,-4.8514247,0.0</coordinates>
                </Point>
            </Placemark>
            <Placemark id="6692">
                <name>ALBURQUEQUE SILVA JESUS</name>
                <description>CA.BOLIVAR MALLARITOS LL2.12
Marcavelica
Marcavelica
Piura
Perú</description>
                <styleUrl>#6693</styleUrl>
                <Point id="6691">
                    <coordinates>-80.7203797,-4.8664842,0.0</coordinates>
                </Point>
            </Placemark>
            <Placemark id="6697">
                <name>VICTORIA GARCIA CORDOVA</name>
                <description>CA. PIURA 105 - QUERECOTILLO
Marcavelica
Marcavelica
Piura
Perú</description>
                <styleUrl>#6698</styleUrl>
                <Point id="6696">
                    <coordinates>-80.7196993,-4.8672129,0.0</coordinates>
                </Point>
            </Placemark>
            <Placemark id="6702">
                <name>ACUÑA GOYCOCHEA   BREMILDA</name>
                <description>PSJ.CHAVEZ 203 MALLARITO
Marcavelica
Marcavelica
Piura
Perú</description>
                <styleUrl>#6703</styleUrl>
                <Point id="6701">
                    <coordinates>-80.7177189,-4.8670875,0.0</coordinates>
                </Point>
            </Placemark>
            <Placemark id="6707">
                <name>VICTORIA PAZ ORTIZ AGURTO</name>
                <description>VICTORIA PAZ ORTIZ AGURTO
CAL.LIBERTAD NRO. 129 CAS. MALLARIT
Marcavelica
Marcavelica
Piura
Perú</description>
                <styleUrl>#6708</styleUrl>
                <Point id="6706">
                    <coordinates>-80.7170847,-4.8683335,0.0</coordinates>
                </Point>
            </Placemark>
            <Placemark id="6712">
                <name>CESPEDES OLAYA ELIDA</name>
                <description>SALAVERRY 161 MALLARITOS
Marcavelica
Marcavelica
Piura
Perú</description>
                <styleUrl>#6713</styleUrl>
                <Point id="6711">
                    <coordinates>-80.7175564,-4.8663399,0.0</coordinates>
                </Point>
            </Placemark>
            <Placemark id="6717">
                <name>KERLY YARITZA PALOMINO ESPINOZA</name>
                <description>Calle Grau tercera cuadra Por la plataforma de mayaritos
Marcavelica
Marcavelica
Piura
Perú</description>
                <styleUrl>#6718</styleUrl>
                <Point id="6716">
                    <coordinates>-80.7171431,-4.8653439,0.0</coordinates>
                </Point>
            </Placemark>
            <Placemark id="6722">
                <name>GONZALES MORAN DIANA</name>
                <description>CA.M.CHECA.104 MALLARITOS
Marcavelica
Marcavelica
Piura
Perú</description>
                <styleUrl>#6723</styleUrl>
                <Point id="6721">
                    <coordinates>-80.7196076,-4.8663029,0.0</coordinates>
                </Point>
            </Placemark>
            <Placemark id="6727">
                <name>DIANA ROXANA VILLARREAL YARLEQUE</name>
                <description>LIBERTAD 168 MALLARITOS-SULLANA
Marcavelica
Marcavelica
Piura
Perú</description>
                <styleUrl>#6728</styleUrl>
                <Point id="6726">
                    <coordinates>-80.7168771,-4.8690379,0.0</coordinates>
                </Point>
            </Placemark>
            <Placemark id="6732">
                <name>ESTEFANI JANNETT GARCIA CARRILLO</name>
                <description>Calle libertad 169
Marcavelica
Marcavelica
Piura
Perú</description>
                <styleUrl>#6733</styleUrl>
                <Point id="6731">
                    <coordinates>-80.7204397,-4.865726,0.0</coordinates>
                </Point>
            </Placemark>
            <Placemark id="6737">
                <name>CESPEDES SANDOVAL URSULINA</name>
                <description>BOLOGNESI Nº 105 MALLA
Marcavelica
Marcavelica
Piura
Perú</description>
                <styleUrl>#6738</styleUrl>
                <Point id="6736">
                    <coordinates>-80.7176073,-4.8690464,0.0</coordinates>
                </Point>
            </Placemark>
            <Placemark id="6742">
                <name>ROSA HERMINIA ALAMA DE AGURTO</name>
                <description>CALLE RAMON CASTILLA 139 SULLANA-SULLANA
Marcavelica
Marcavelica
Piura
Perú</description>
                <styleUrl>#6743</styleUrl>
                <Point id="6741">
                    <coordinates>-80.7179694,-4.8712657,0.0</coordinates>
                </Point>
            </Placemark>
            <Placemark id="6747">
                <name>SERNAQUE PAULINI KARINA</name>
                <description>CA.VISTA FLORIDA M-37
Marcavelica
Marcavelica
Piura
Perú</description>
                <styleUrl>#6748</styleUrl>
                <Point id="6746">
                    <coordinates>-80.7382231,-4.8781103,0.0</coordinates>
                </Point>
            </Placemark>
            <Placemark id="6752">
                <name>REYES TORRES SILVIA</name>
                <description>JUAN VELASCO S/N VISTA FLORIDA
Marcavelica
Sullana vista floridaMarcavelica
Piura
Perú</description>
                <styleUrl>#6753</styleUrl>
                <Point id="6751">
                    <coordinates>-80.7379035,-4.877174,0.0</coordinates>
                </Point>
            </Placemark>
            <Placemark id="6757">
                <name>MELIZA ISABEL CORREA CIEZA</name>
                <description>Calle 10 de marzo
Marcavelica

Piura
Perú</description>
                <styleUrl>#6758</styleUrl>
                <Point id="6756">
                    <coordinates>-80.7372784,-4.8764006,0.0</coordinates>
                </Point>
            </Placemark>
            <Placemark id="6762">
                <name>MAURICIO CASTRO SOFIA M.</name>
                <description>CA.SAN MIGUEL 123 MALLARITOS
Marcavelica
Marcavelica
Piura
Perú</description>
                <styleUrl>#6763</styleUrl>
                <Point id="6761">
                    <coordinates>-80.7181154,-4.8713635,0.0</coordinates>
                </Point>
            </Placemark>
            <Placemark id="6767">
                <name>LUZMARINA SANCHEZ SANCHEZ</name>
                <description>PANAMERIC NÂ¬117 MALLARITOS
Marcavelica
Marcavelica
Piura
Perú</description>
                <styleUrl>#6768</styleUrl>
                <Point id="6766">
                    <coordinates>-80.7160441,-4.8709385,0.0</coordinates>
                </Point>
            </Placemark>
        </Folder>
        <Folder id="6771">
            <Style id="6774">
                <IconStyle id="6775">
                    <color>ff0000ff</color>
                    <colorMode>normal</colorMode>
                    <scale>1</scale>
                    <heading>0</heading>
                    <Icon id="6776">
                        <href>http://maps.google.com/mapfiles/kml/pushpin/ylw-pushpin.png</href>
                    </Icon>
                </IconStyle>
            </Style>
            <Style id="6779">
                <IconStyle id="6780">
                    <color>ff0000ff</color>
                    <colorMode>normal</colorMode>
                    <scale>1</scale>
                    <heading>0</heading>
                    <Icon id="6781">
                        <href>http://maps.google.com/mapfiles/kml/pushpin/ylw-pushpin.png</href>
                    </Icon>
                </IconStyle>
            </Style>
            <Style id="6784">
                <IconStyle id="6785">
                    <color>ff0000ff</color>
                    <colorMode>normal</colorMode>
                    <scale>1</scale>
                    <heading>0</heading>
                    <Icon id="6786">
                        <href>http://maps.google.com/mapfiles/kml/pushpin/ylw-pushpin.png</href>
                    </Icon>
                </IconStyle>
            </Style>
            <Style id="6789">
                <IconStyle id="6790">
                    <color>ff0000ff</color>
                    <colorMode>normal</colorMode>
                    <scale>1</scale>
                    <heading>0</heading>
                    <Icon id="6791">
                        <href>http://maps.google.com/mapfiles/kml/pushpin/ylw-pushpin.png</href>
                    </Icon>
                </IconStyle>
            </Style>
            <Style id="6794">
                <IconStyle id="6795">
                    <color>ff0000ff</color>
                    <colorMode>normal</colorMode>
                    <scale>1</scale>
                    <heading>0</heading>
                    <Icon id="6796">
                        <href>http://maps.google.com/mapfiles/kml/pushpin/ylw-pushpin.png</href>
                    </Icon>
                </IconStyle>
            </Style>
            <Style id="6799">
                <IconStyle id="6800">
                    <color>ff0000ff</color>
                    <colorMode>normal</colorMode>
                    <scale>1</scale>
                    <heading>0</heading>
                    <Icon id="6801">
                        <href>http://maps.google.com/mapfiles/kml/pushpin/ylw-pushpin.png</href>
                    </Icon>
                </IconStyle>
            </Style>
            <Style id="6804">
                <IconStyle id="6805">
                    <color>ff0000ff</color>
                    <colorMode>normal</colorMode>
                    <scale>1</scale>
                    <heading>0</heading>
                    <Icon id="6806">
                        <href>http://maps.google.com/mapfiles/kml/pushpin/ylw-pushpin.png</href>
                    </Icon>
                </IconStyle>
            </Style>
            <Style id="6809">
                <IconStyle id="6810">
                    <color>ff0000ff</color>
                    <colorMode>normal</colorMode>
                    <scale>1</scale>
                    <heading>0</heading>
                    <Icon id="6811">
                        <href>http://maps.google.com/mapfiles/kml/pushpin/ylw-pushpin.png</href>
                    </Icon>
                </IconStyle>
            </Style>
            <Style id="6814">
                <IconStyle id="6815">
                    <color>ff0000ff</color>
                    <colorMode>normal</colorMode>
                    <scale>1</scale>
                    <heading>0</heading>
                    <Icon id="6816">
                        <href>http://maps.google.com/mapfiles/kml/pushpin/ylw-pushpin.png</href>
                    </Icon>
                </IconStyle>
            </Style>
            <Style id="6819">
                <IconStyle id="6820">
                    <color>ff0000ff</color>
                    <colorMode>normal</colorMode>
                    <scale>1</scale>
                    <heading>0</heading>
                    <Icon id="6821">
                        <href>http://maps.google.com/mapfiles/kml/pushpin/ylw-pushpin.png</href>
                    </Icon>
                </IconStyle>
            </Style>
            <Style id="6824">
                <IconStyle id="6825">
                    <color>ff0000ff</color>
                    <colorMode>normal</colorMode>
                    <scale>1</scale>
                    <heading>0</heading>
                    <Icon id="6826">
                        <href>http://maps.google.com/mapfiles/kml/pushpin/ylw-pushpin.png</href>
                    </Icon>
                </IconStyle>
            </Style>
            <Style id="6829">
                <IconStyle id="6830">
                    <color>ff0000ff</color>
                    <colorMode>normal</colorMode>
                    <scale>1</scale>
                    <heading>0</heading>
                    <Icon id="6831">
                        <href>http://maps.google.com/mapfiles/kml/pushpin/ylw-pushpin.png</href>
                    </Icon>
                </IconStyle>
            </Style>
            <Style id="6834">
                <IconStyle id="6835">
                    <color>ff0000ff</color>
                    <colorMode>normal</colorMode>
                    <scale>1</scale>
                    <heading>0</heading>
                    <Icon id="6836">
                        <href>http://maps.google.com/mapfiles/kml/pushpin/ylw-pushpin.png</href>
                    </Icon>
                </IconStyle>
            </Style>
            <Style id="6839">
                <IconStyle id="6840">
                    <color>ff0000ff</color>
                    <colorMode>normal</colorMode>
                    <scale>1</scale>
                    <heading>0</heading>
                    <Icon id="6841">
                        <href>http://maps.google.com/mapfiles/kml/pushpin/ylw-pushpin.png</href>
                    </Icon>
                </IconStyle>
            </Style>
            <Style id="6844">
                <IconStyle id="6845">
                    <color>ff0000ff</color>
                    <colorMode>normal</colorMode>
                    <scale>1</scale>
                    <heading>0</heading>
                    <Icon id="6846">
                        <href>http://maps.google.com/mapfiles/kml/pushpin/ylw-pushpin.png</href>
                    </Icon>
                </IconStyle>
            </Style>
            <Style id="6849">
                <IconStyle id="6850">
                    <color>ff0000ff</color>
                    <colorMode>normal</colorMode>
                    <scale>1</scale>
                    <heading>0</heading>
                    <Icon id="6851">
                        <href>http://maps.google.com/mapfiles/kml/pushpin/ylw-pushpin.png</href>
                    </Icon>
                </IconStyle>
            </Style>
            <Style id="6854">
                <IconStyle id="6855">
                    <color>ff0000ff</color>
                    <colorMode>normal</colorMode>
                    <scale>1</scale>
                    <heading>0</heading>
                    <Icon id="6856">
                        <href>http://maps.google.com/mapfiles/kml/pushpin/ylw-pushpin.png</href>
                    </Icon>
                </IconStyle>
            </Style>
            <Style id="6859">
                <IconStyle id="6860">
                    <color>ff0000ff</color>
                    <colorMode>normal</colorMode>
                    <scale>1</scale>
                    <heading>0</heading>
                    <Icon id="6861">
                        <href>http://maps.google.com/mapfiles/kml/pushpin/ylw-pushpin.png</href>
                    </Icon>
                </IconStyle>
            </Style>
            <Style id="6864">
                <IconStyle id="6865">
                    <color>ff0000ff</color>
                    <colorMode>normal</colorMode>
                    <scale>1</scale>
                    <heading>0</heading>
                    <Icon id="6866">
                        <href>http://maps.google.com/mapfiles/kml/pushpin/ylw-pushpin.png</href>
                    </Icon>
                </IconStyle>
            </Style>
            <Style id="6869">
                <IconStyle id="6870">
                    <color>ff0000ff</color>
                    <colorMode>normal</colorMode>
                    <scale>1</scale>
                    <heading>0</heading>
                    <Icon id="6871">
                        <href>http://maps.google.com/mapfiles/kml/pushpin/ylw-pushpin.png</href>
                    </Icon>
                </IconStyle>
            </Style>
            <Style id="6874">
                <IconStyle id="6875">
                    <color>ff0000ff</color>
                    <colorMode>normal</colorMode>
                    <scale>1</scale>
                    <heading>0</heading>
                    <Icon id="6876">
                        <href>http://maps.google.com/mapfiles/kml/pushpin/ylw-pushpin.png</href>
                    </Icon>
                </IconStyle>
            </Style>
            <Style id="6879">
                <IconStyle id="6880">
                    <color>ff0000ff</color>
                    <colorMode>normal</colorMode>
                    <scale>1</scale>
                    <heading>0</heading>
                    <Icon id="6881">
                        <href>http://maps.google.com/mapfiles/kml/pushpin/ylw-pushpin.png</href>
                    </Icon>
                </IconStyle>
            </Style>
            <Style id="6884">
                <IconStyle id="6885">
                    <color>ff0000ff</color>
                    <colorMode>normal</colorMode>
                    <scale>1</scale>
                    <heading>0</heading>
                    <Icon id="6886">
                        <href>http://maps.google.com/mapfiles/kml/pushpin/ylw-pushpin.png</href>
                    </Icon>
                </IconStyle>
            </Style>
            <Style id="6889">
                <IconStyle id="6890">
                    <color>ff0000ff</color>
                    <colorMode>normal</colorMode>
                    <scale>1</scale>
                    <heading>0</heading>
                    <Icon id="6891">
                        <href>http://maps.google.com/mapfiles/kml/pushpin/ylw-pushpin.png</href>
                    </Icon>
                </IconStyle>
            </Style>
            <Style id="6894">
                <IconStyle id="6895">
                    <color>ff0000ff</color>
                    <colorMode>normal</colorMode>
                    <scale>1</scale>
                    <heading>0</heading>
                    <Icon id="6896">
                        <href>http://maps.google.com/mapfiles/kml/pushpin/ylw-pushpin.png</href>
                    </Icon>
                </IconStyle>
            </Style>
            <Style id="6899">
                <IconStyle id="6900">
                    <color>ff0000ff</color>
                    <colorMode>normal</colorMode>
                    <scale>1</scale>
                    <heading>0</heading>
                    <Icon id="6901">
                        <href>http://maps.google.com/mapfiles/kml/pushpin/ylw-pushpin.png</href>
                    </Icon>
                </IconStyle>
            </Style>
            <Style id="6904">
                <IconStyle id="6905">
                    <color>ff0000ff</color>
                    <colorMode>normal</colorMode>
                    <scale>1</scale>
                    <heading>0</heading>
                    <Icon id="6906">
                        <href>http://maps.google.com/mapfiles/kml/pushpin/ylw-pushpin.png</href>
                    </Icon>
                </IconStyle>
            </Style>
            <Style id="6909">
                <IconStyle id="6910">
                    <color>ff0000ff</color>
                    <colorMode>normal</colorMode>
                    <scale>1</scale>
                    <heading>0</heading>
                    <Icon id="6911">
                        <href>http://maps.google.com/mapfiles/kml/pushpin/ylw-pushpin.png</href>
                    </Icon>
                </IconStyle>
            </Style>
            <Style id="6914">
                <IconStyle id="6915">
                    <color>ff0000ff</color>
                    <colorMode>normal</colorMode>
                    <scale>1</scale>
                    <heading>0</heading>
                    <Icon id="6916">
                        <href>http://maps.google.com/mapfiles/kml/pushpin/ylw-pushpin.png</href>
                    </Icon>
                </IconStyle>
            </Style>
            <Style id="6919">
                <IconStyle id="6920">
                    <color>ff0000ff</color>
                    <colorMode>normal</colorMode>
                    <scale>1</scale>
                    <heading>0</heading>
                    <Icon id="6921">
                        <href>http://maps.google.com/mapfiles/kml/pushpin/ylw-pushpin.png</href>
                    </Icon>
                </IconStyle>
            </Style>
            <Style id="6924">
                <IconStyle id="6925">
                    <color>ff0000ff</color>
                    <colorMode>normal</colorMode>
                    <scale>1</scale>
                    <heading>0</heading>
                    <Icon id="6926">
                        <href>http://maps.google.com/mapfiles/kml/pushpin/ylw-pushpin.png</href>
                    </Icon>
                </IconStyle>
            </Style>
            <Style id="6929">
                <IconStyle id="6930">
                    <color>ff0000ff</color>
                    <colorMode>normal</colorMode>
                    <scale>1</scale>
                    <heading>0</heading>
                    <Icon id="6931">
                        <href>http://maps.google.com/mapfiles/kml/pushpin/ylw-pushpin.png</href>
                    </Icon>
                </IconStyle>
            </Style>
            <Style id="6934">
                <IconStyle id="6935">
                    <color>ff0000ff</color>
                    <colorMode>normal</colorMode>
                    <scale>1</scale>
                    <heading>0</heading>
                    <Icon id="6936">
                        <href>http://maps.google.com/mapfiles/kml/pushpin/ylw-pushpin.png</href>
                    </Icon>
                </IconStyle>
            </Style>
            <Style id="6939">
                <IconStyle id="6940">
                    <color>ff0000ff</color>
                    <colorMode>normal</colorMode>
                    <scale>1</scale>
                    <heading>0</heading>
                    <Icon id="6941">
                        <href>http://maps.google.com/mapfiles/kml/pushpin/ylw-pushpin.png</href>
                    </Icon>
                </IconStyle>
            </Style>
            <Style id="6944">
                <IconStyle id="6945">
                    <color>ff0000ff</color>
                    <colorMode>normal</colorMode>
                    <scale>1</scale>
                    <heading>0</heading>
                    <Icon id="6946">
                        <href>http://maps.google.com/mapfiles/kml/pushpin/ylw-pushpin.png</href>
                    </Icon>
                </IconStyle>
            </Style>
            <Style id="6949">
                <IconStyle id="6950">
                    <color>ff0000ff</color>
                    <colorMode>normal</colorMode>
                    <scale>1</scale>
                    <heading>0</heading>
                    <Icon id="6951">
                        <href>http://maps.google.com/mapfiles/kml/pushpin/ylw-pushpin.png</href>
                    </Icon>
                </IconStyle>
            </Style>
            <Style id="6954">
                <IconStyle id="6955">
                    <color>ff0000ff</color>
                    <colorMode>normal</colorMode>
                    <scale>1</scale>
                    <heading>0</heading>
                    <Icon id="6956">
                        <href>http://maps.google.com/mapfiles/kml/pushpin/ylw-pushpin.png</href>
                    </Icon>
                </IconStyle>
            </Style>
            <Style id="6959">
                <IconStyle id="6960">
                    <color>ff0000ff</color>
                    <colorMode>normal</colorMode>
                    <scale>1</scale>
                    <heading>0</heading>
                    <Icon id="6961">
                        <href>http://maps.google.com/mapfiles/kml/pushpin/ylw-pushpin.png</href>
                    </Icon>
                </IconStyle>
            </Style>
            <Style id="6964">
                <IconStyle id="6965">
                    <color>ff0000ff</color>
                    <colorMode>normal</colorMode>
                    <scale>1</scale>
                    <heading>0</heading>
                    <Icon id="6966">
                        <href>http://maps.google.com/mapfiles/kml/pushpin/ylw-pushpin.png</href>
                    </Icon>
                </IconStyle>
            </Style>
            <Style id="6969">
                <IconStyle id="6970">
                    <color>ff0000ff</color>
                    <colorMode>normal</colorMode>
                    <scale>1</scale>
                    <heading>0</heading>
                    <Icon id="6971">
                        <href>http://maps.google.com/mapfiles/kml/pushpin/ylw-pushpin.png</href>
                    </Icon>
                </IconStyle>
            </Style>
            <Style id="6974">
                <IconStyle id="6975">
                    <color>ff0000ff</color>
                    <colorMode>normal</colorMode>
                    <scale>1</scale>
                    <heading>0</heading>
                    <Icon id="6976">
                        <href>http://maps.google.com/mapfiles/kml/pushpin/ylw-pushpin.png</href>
                    </Icon>
                </IconStyle>
            </Style>
            <Style id="6979">
                <IconStyle id="6980">
                    <color>ff0000ff</color>
                    <colorMode>normal</colorMode>
                    <scale>1</scale>
                    <heading>0</heading>
                    <Icon id="6981">
                        <href>http://maps.google.com/mapfiles/kml/pushpin/ylw-pushpin.png</href>
                    </Icon>
                </IconStyle>
            </Style>
            <Style id="6984">
                <IconStyle id="6985">
                    <color>ff0000ff</color>
                    <colorMode>normal</colorMode>
                    <scale>1</scale>
                    <heading>0</heading>
                    <Icon id="6986">
                        <href>http://maps.google.com/mapfiles/kml/pushpin/ylw-pushpin.png</href>
                    </Icon>
                </IconStyle>
            </Style>
            <Style id="6989">
                <IconStyle id="6990">
                    <color>ff0000ff</color>
                    <colorMode>normal</colorMode>
                    <scale>1</scale>
                    <heading>0</heading>
                    <Icon id="6991">
                        <href>http://maps.google.com/mapfiles/kml/pushpin/ylw-pushpin.png</href>
                    </Icon>
                </IconStyle>
            </Style>
            <Style id="6994">
                <IconStyle id="6995">
                    <color>ff0000ff</color>
                    <colorMode>normal</colorMode>
                    <scale>1</scale>
                    <heading>0</heading>
                    <Icon id="6996">
                        <href>http://maps.google.com/mapfiles/kml/pushpin/ylw-pushpin.png</href>
                    </Icon>
                </IconStyle>
            </Style>
            <Style id="6999">
                <IconStyle id="7000">
                    <color>ff0000ff</color>
                    <colorMode>normal</colorMode>
                    <scale>1</scale>
                    <heading>0</heading>
                    <Icon id="7001">
                        <href>http://maps.google.com/mapfiles/kml/pushpin/ylw-pushpin.png</href>
                    </Icon>
                </IconStyle>
            </Style>
            <Style id="7004">
                <IconStyle id="7005">
                    <color>ff0000ff</color>
                    <colorMode>normal</colorMode>
                    <scale>1</scale>
                    <heading>0</heading>
                    <Icon id="7006">
                        <href>http://maps.google.com/mapfiles/kml/pushpin/ylw-pushpin.png</href>
                    </Icon>
                </IconStyle>
            </Style>
            <Style id="7009">
                <IconStyle id="7010">
                    <color>ff0000ff</color>
                    <colorMode>normal</colorMode>
                    <scale>1</scale>
                    <heading>0</heading>
                    <Icon id="7011">
                        <href>http://maps.google.com/mapfiles/kml/pushpin/ylw-pushpin.png</href>
                    </Icon>
                </IconStyle>
            </Style>
            <Style id="7014">
                <IconStyle id="7015">
                    <color>ff0000ff</color>
                    <colorMode>normal</colorMode>
                    <scale>1</scale>
                    <heading>0</heading>
                    <Icon id="7016">
                        <href>http://maps.google.com/mapfiles/kml/pushpin/ylw-pushpin.png</href>
                    </Icon>
                </IconStyle>
            </Style>
            <Style id="7019">
                <IconStyle id="7020">
                    <color>ff0000ff</color>
                    <colorMode>normal</colorMode>
                    <scale>1</scale>
                    <heading>0</heading>
                    <Icon id="7021">
                        <href>http://maps.google.com/mapfiles/kml/pushpin/ylw-pushpin.png</href>
                    </Icon>
                </IconStyle>
            </Style>
            <name>ZOILA ALBERTINA DE JESUS MORANTE CARRASCO</name>
            <Placemark id="6773">
                <name>MARTINEZ CHERO ELIDA</name>
                <description>LOS ANDES 319 CASTILLA        
Castilla
Castilla
Piura
Perú</description>
                <styleUrl>#6774</styleUrl>
                <Point id="6772">
                    <coordinates>-80.627043,-5.226583,0.0</coordinates>
                </Point>
            </Placemark>
            <Placemark id="6778">
                <name>OASIS SUPERMERCADOS S.A.C.</name>
                <description>Urbanización Las Palmeras -centenario MZ B lote 15
Castilla
200104Castilla
Piura
Perú</description>
                <styleUrl>#6779</styleUrl>
                <Point id="6777">
                    <coordinates>-80.6326304,-5.2250136,0.0</coordinates>
                </Point>
            </Placemark>
            <Placemark id="6783">
                <name>CESAR LUIS SAAVEDRA GARCIA</name>
                <description>Urbanización las palmeras mzB22 lote 2
Castilla
Castilla
Piura
Perú</description>
                <styleUrl>#6784</styleUrl>
                <Point id="6782">
                    <coordinates>-80.6396222,-5.2248318,0.0</coordinates>
                </Point>
            </Placemark>
            <Placemark id="6788">
                <name>AGRIPINA SALAMBAY MENDEZ</name>
                <description>Calle SINCHI ROCA 1617 CHICLAYITO
Castilla
Castilla
Piura
Perú</description>
                <styleUrl>#6789</styleUrl>
                <Point id="6787">
                    <coordinates>-80.628372,-5.2264228,0.0</coordinates>
                </Point>
            </Placemark>
            <Placemark id="6793">
                <name>INGRID DASSALI SILUPU CARREÑO</name>
                <description>CATACAOS VERANDA MZ42 LT373   
Catacaos
Catacaos
Piura
Perú</description>
                <styleUrl>#6794</styleUrl>
                <Point id="6792">
                    <coordinates>-80.636689,-5.233221,0.0</coordinates>
                </Point>
            </Placemark>
            <Placemark id="6798">
                <name>YDA ALBERTINA SEFERINO DE CORDOVA</name>
                <description>Calle Julio Ponce #512 chiclayito
Castilla
Castilla
Piura
Perú</description>
                <styleUrl>#6799</styleUrl>
                <Point id="6797">
                    <coordinates>-80.6289224,-5.2289095,0.0</coordinates>
                </Point>
            </Placemark>
            <Placemark id="6803">
                <name>MIRTHA MERCEDES NAVARRO YARLEQUE</name>
                <description>CL LOS ANDES 503 NVOCHICLAYITO
Castilla
Castilla
Piura
Perú</description>
                <styleUrl>#6804</styleUrl>
                <Point id="6802">
                    <coordinates>-80.62839,-5.228859,0.0</coordinates>
                </Point>
            </Placemark>
            <Placemark id="6808">
                <name>HUANCAS FACIO CARMEN</name>
                <description>MAYTA CAPAC CHICLAYITO N 2317 
Castilla
Castilla
Piura
Perú</description>
                <styleUrl>#6809</styleUrl>
                <Point id="6807">
                    <coordinates>-80.628312,-5.224401,0.0</coordinates>
                </Point>
            </Placemark>
            <Placemark id="6813">
                <name>MARICRUZ STEP DOMINGUEZ MONTENEGRO</name>
                <description>MARICRUZ STEP DOMINGUEZ MONTENEGRO
CA.MAYTA CAPAC 2218 AA. HH CHICA. AYITO
Castilla
Piura
Piura
Perú</description>
                <styleUrl>#6814</styleUrl>
                <Point id="6812">
                    <coordinates>-80.62864,-5.2249089,0.0</coordinates>
                </Point>
            </Placemark>
            <Placemark id="6818">
                <name>ELVIRA DAIZ JUAREZ GIRON</name>
                <description>Calle julio Ponce 107 chiclayito
Castilla
Castilla
Piura
Perú</description>
                <styleUrl>#6819</styleUrl>
                <Point id="6817">
                    <coordinates>-80.6276469,-5.2242286,0.0</coordinates>
                </Point>
            </Placemark>
            <Placemark id="6823">
                <name>CESAR AGUSTO SANCHEZ URBINA</name>
                <description>CESAR AGUSTO SANCHEZ URBINA
AV.LOS FLORES MZ M LT 28 URB.SAN BERNANDO-CASTILLA
Castilla
Castilla
Piura
Perú</description>
                <styleUrl>#6824</styleUrl>
                <Point id="6822">
                    <coordinates>-80.6239123,-5.2233826,0.0</coordinates>
                </Point>
            </Placemark>
            <Placemark id="6828">
                <name>CARMINA VEGAS VILLEGAS</name>
                <description>AAHh CHICLAYITO Calle Sánchez Arteaga s/n
Castilla
Castilla
Piura
Perú</description>
                <styleUrl>#6829</styleUrl>
                <Point id="6827">
                    <coordinates>-80.6273972,-5.2263467,0.0</coordinates>
                </Point>
            </Placemark>
            <Placemark id="6833">
                <name>WALTER SEMINARIO IPANAQUE</name>
                <description>Calle san Martin 339 Campo Polo
Castilla
Castilla
Piura
Perú</description>
                <styleUrl>#6834</styleUrl>
                <Point id="6832">
                    <coordinates>-80.6244151,-5.221722,0.0</coordinates>
                </Point>
            </Placemark>
            <Placemark id="6838">
                <name>DAVID ARTURO HUIMAN PURIZACA</name>
                <description>CALLE SAN MARTIN 331 CAMPOLO CASTILLA-Piura
Castilla
Castilla
Piura
Perú</description>
                <styleUrl>#6839</styleUrl>
                <Point id="6837">
                    <coordinates>-80.6246368,-5.2218395,0.0</coordinates>
                </Point>
            </Placemark>
            <Placemark id="6843">
                <name>MARYORI DENISSE ROBLEDO MENA</name>
                <description>URB. LAS PALMERAS MZ J4 LTE 1
Castilla
Piura
Piura
Perú</description>
                <styleUrl>#6844</styleUrl>
                <Point id="6842">
                    <coordinates>-80.6347936,-5.2248785,0.0</coordinates>
                </Point>
            </Placemark>
            <Placemark id="6848">
                <name>ROSARIO ROXANA VALLADARES SUAREZ</name>
                <description>CA.LOS NARCISOS MZ.A4 LT.64   
Castilla
Castilla
Piura
Perú</description>
                <styleUrl>#6849</styleUrl>
                <Point id="6847">
                    <coordinates>-80.635989,-5.226514,0.0</coordinates>
                </Point>
            </Placemark>
            <Placemark id="6853">
                <name>SHEYLA JEANINA ZUÑIGA FIESTAS</name>
                <description>URB.MONTE VERDE CASTILLA. MZN R KOTE 2 1 ERA ERAPA
Castilla
Castilla
Piura
Perú</description>
                <styleUrl>#6854</styleUrl>
                <Point id="6852">
                    <coordinates>-80.6384265,-5.2293907,0.0</coordinates>
                </Point>
            </Placemark>
            <Placemark id="6858">
                <name>NEGOCIOS E INVERSIONES HANNA Y MATEO E.I.R.L.</name>
                <description>AV. LOS ALGARROBOS MZA. B1 LOTE. 34 URB. LAS PALMERAS
Castilla
200104Castilla
Piura
Perú</description>
                <styleUrl>#6859</styleUrl>
                <Point id="6857">
                    <coordinates>-80.6389946,-5.2256735,0.0</coordinates>
                </Point>
            </Placemark>
            <Placemark id="6863">
                <name>DIANA BONILLA ARRUNATEGUI</name>
                <description>URB.LAS PALMERAS MZ K LT 3    
Castilla
Piura
Piura
Perú</description>
                <styleUrl>#6864</styleUrl>
                <Point id="6862">
                    <coordinates>-80.6338,-5.2239,0.0</coordinates>
                </Point>
            </Placemark>
            <Placemark id="6868">
                <name>BORIS FEDERICO OLEMAR OJEDA</name>
                <description>TORRE 12 dpto 102  SANTA ROSA COUNTRY CLUB
Castilla
Castilla
Piura
Perú</description>
                <styleUrl>#6869</styleUrl>
                <Point id="6867">
                    <coordinates>-80.6332205,-5.2302883,0.0</coordinates>
                </Point>
            </Placemark>
            <Placemark id="6873">
                <name>OASIS SUPERMERCADOS S.A.C.</name>
                <description>Urbanización Las Palmeras -centenario MZ B lote 15
Castilla
200104Castilla
Piura
Perú</description>
                <styleUrl>#6874</styleUrl>
                <Point id="6872">
                    <coordinates>-80.6326304,-5.2250136,0.0</coordinates>
                </Point>
            </Placemark>
            <Placemark id="6878">
                <name>CESAR LUIS SAAVEDRA GARCIA</name>
                <description>Urbanización las palmeras mzB22 lote 2
Castilla
Castilla
Piura
Perú</description>
                <styleUrl>#6879</styleUrl>
                <Point id="6877">
                    <coordinates>-80.6396222,-5.2248318,0.0</coordinates>
                </Point>
            </Placemark>
            <Placemark id="6883">
                <name>JULIO GERONIMO SEMINARIO ZAPATA</name>
                <description>URB.LAS PALMERAS MZ.C3 LT.85  
Castilla
Castilla
Piura
Perú</description>
                <styleUrl>#6884</styleUrl>
                <Point id="6882">
                    <coordinates>-80.634258,-5.226063,0.0</coordinates>
                </Point>
            </Placemark>
            <Placemark id="6888">
                <name>KARINA MAGALY MENA VIERA</name>
                <description>MZ A LTE 13 URB. MONTEVERDE
Castilla
Castilla
Piura
Perú</description>
                <styleUrl>#6889</styleUrl>
                <Point id="6887">
                    <coordinates>-80.6418481,-5.2265603,0.0</coordinates>
                </Point>
            </Placemark>
            <Placemark id="6893">
                <name>ANA CLAUDIA ESTRADA RAMOS</name>
                <description>ANA CLAUDIA ESTRADA RAMOS
MZ T LT 24 RESID.MONTEVERDE - CASTILLA
Castilla
Piura
Piura
Perú</description>
                <styleUrl>#6894</styleUrl>
                <Point id="6892">
                    <coordinates>-80.6407008,-5.2277703,0.0</coordinates>
                </Point>
            </Placemark>
            <Placemark id="6898">
                <name>GLADYS LOZADA JUAREZ</name>
                <description>URB.MONTE VERDE MZ.G LT.04    
Castilla
Castilla
Piura
Perú</description>
                <styleUrl>#6899</styleUrl>
                <Point id="6897">
                    <coordinates>-80.639148,-5.228905,0.0</coordinates>
                </Point>
            </Placemark>
            <Placemark id="6903">
                <name>INVERSIONES TANGARARA S.A.C.</name>
                <description>INVERSIONES TANGARARA S.A.C.
URB.MONTEVERDE MZ.J LT.E 18   
Castilla
200104Piura
Piura
Perú</description>
                <styleUrl>#6904</styleUrl>
                <Point id="6902">
                    <coordinates>-80.637325,-5.229432,0.0</coordinates>
                </Point>
            </Placemark>
            <Placemark id="6908">
                <name>INGRID DASSALI SILUPU CARREÑO</name>
                <description>CATACAOS VERANDA MZ42 LT373   
Catacaos
Catacaos
Piura
Perú</description>
                <styleUrl>#6909</styleUrl>
                <Point id="6907">
                    <coordinates>-80.636689,-5.233221,0.0</coordinates>
                </Point>
            </Placemark>
            <Placemark id="6913">
                <name>JOSI ALEJANDRO ZAPATA VIERA</name>
                <description>MZ.4A LT.30                   
Catacaos
Catacaos
Piura
Perú</description>
                <styleUrl>#6914</styleUrl>
                <Point id="6912">
                    <coordinates>-80.638294,-5.234636,0.0</coordinates>
                </Point>
            </Placemark>
            <Placemark id="6918">
                <name>JULIO CESAR RIVAS SOSA</name>
                <description>PROGRESO N 2901 CHICLAYITO-Piura
Castilla
Castilla
Piura
Perú</description>
                <styleUrl>#6919</styleUrl>
                <Point id="6917">
                    <coordinates>-80.6295017,-5.2245751,0.0</coordinates>
                </Point>
            </Placemark>
            <Placemark id="6923">
                <name>MARIA ISABEL SAAVEDRA ACARO</name>
                <description>AV LIUS MONTERO N501 CHICLAYITO-Piura-Piura
Castilla
Castilla
Piura
Perú</description>
                <styleUrl>#6924</styleUrl>
                <Point id="6922">
                    <coordinates>-80.6274176,-5.2235975,0.0</coordinates>
                </Point>
            </Placemark>
            <Placemark id="6928">
                <name>SEGUNDO PAULINO CHAVEZ BERRU</name>
                <description>SIMCHIROCA #1402 CHICLAYITO CASTILLA-Piura
Castilla
Castilla
Piura
Perú</description>
                <styleUrl>#6929</styleUrl>
                <Point id="6927">
                    <coordinates>-80.6269646,-5.2228403,0.0</coordinates>
                </Point>
            </Placemark>
            <Placemark id="6933">
                <name>GARCIA OLGUIN MAGDA</name>
                <description>LOS PINOS 307 CHICLAYITO      
Castilla
Castilla
Piura
Perú</description>
                <styleUrl>#6934</styleUrl>
                <Point id="6932">
                    <coordinates>-80.626795,-5.22669,0.0</coordinates>
                </Point>
            </Placemark>
            <Placemark id="6938">
                <name>GUISELLA CULQUICONDOR VALLE</name>
                <description>CALLE SINCHI ROCA 1600
Castilla
Castilla
Piura
Perú</description>
                <styleUrl>#6939</styleUrl>
                <Point id="6937">
                    <coordinates>-80.6282412,-5.2261236,0.0</coordinates>
                </Point>
            </Placemark>
            <Placemark id="6943">
                <name>FILOMENA HUANCAS HUANCAS</name>
                <description>CA.SINCHI ROCA. 1625 AA. HH CHICA.
Castilla
Piura
Piura
Perú</description>
                <styleUrl>#6944</styleUrl>
                <Point id="6942">
                    <coordinates>-80.6285018,-5.2268775,0.0</coordinates>
                </Point>
            </Placemark>
            <Placemark id="6948">
                <name>JULIA FRANCISCA CASTRO HUERTAS</name>
                <description>SINCHI ROCA 1633 CHICLAYITO   
Castilla
Castilla
Piura
Perú</description>
                <styleUrl>#6949</styleUrl>
                <Point id="6947">
                    <coordinates>-80.628425,-5.22668,0.0</coordinates>
                </Point>
            </Placemark>
            <Placemark id="6953">
                <name>GINA MILUZCA GARCIA ZAPATA</name>
                <description>CALLE HUASCAR 2447 CHICLAYITO CASTILLA
Castilla
Castilla
Piura
Perú</description>
                <styleUrl>#6954</styleUrl>
                <Point id="6952">
                    <coordinates>-80.6290328,-5.2266159,0.0</coordinates>
                </Point>
            </Placemark>
            <Placemark id="6958">
                <name>FRANCISCA MARIA HUAMAN CORDOVA</name>
                <description>Calle cesar Vallejo # 401 chiclayito
Castilla
Castilla
Piura
Perú</description>
                <styleUrl>#6959</styleUrl>
                <Point id="6957">
                    <coordinates>-80.6282015,-5.2250293,0.0</coordinates>
                </Point>
            </Placemark>
            <Placemark id="6963">
                <name>TELCIDA AURORA CALLE CALLE</name>
                <description>SINCHI ROCA. 1424 CHICLAYITO
Castilla
Castilla
Piura
Perú</description>
                <styleUrl>#6964</styleUrl>
                <Point id="6962">
                    <coordinates>-80.6276934,-5.2251231,0.0</coordinates>
                </Point>
            </Placemark>
            <Placemark id="6968">
                <name>ERICKA NOEMI CHERO CASTILLO</name>
                <description>AA. HH CHICLAYITO CA.JULIO PONCE113 SECTOR 2
Castilla
Castilla
Piura
Perú</description>
                <styleUrl>#6969</styleUrl>
                <Point id="6967">
                    <coordinates>-80.6271034,-5.2251133,0.0</coordinates>
                </Point>
            </Placemark>
            <Placemark id="6973">
                <name>JIMENEZ HUANCAS ALBERTINA</name>
                <description>CA.LOS PINOS 118              
Castilla
Castilla
Piura
Perú</description>
                <styleUrl>#6974</styleUrl>
                <Point id="6972">
                    <coordinates>-80.626193,-5.225773,0.0</coordinates>
                </Point>
            </Placemark>
            <Placemark id="6978">
                <name>ELIANA ABIGAIL PEÑA NAVARRO</name>
                <description>Calle talara 107 chiclayito
Castilla
Castilla
Piura
Perú</description>
                <styleUrl>#6979</styleUrl>
                <Point id="6977">
                    <coordinates>-80.6255454,-5.2256049,0.0</coordinates>
                </Point>
            </Placemark>
            <Placemark id="6983">
                <name>ROXANA LOPEZ CASTILLO</name>
                <description>CA.BOLOGNESI MZ-C55 LT-4A AA. HH JESUS MARIA
Castilla
Castilla
Piura
Perú</description>
                <styleUrl>#6984</styleUrl>
                <Point id="6982">
                    <coordinates>-80.6241995,-5.2257854,0.0</coordinates>
                </Point>
            </Placemark>
            <Placemark id="6988">
                <name>IRMA JESSICA MAURIOLA RIVERA</name>
                <description>URB.SAN BERNARDO CALLE MAGNOLIAS C 19 CASTILLA
Castilla
Castilla
Piura
Perú</description>
                <styleUrl>#6989</styleUrl>
                <Point id="6987">
                    <coordinates>-80.6262126,-5.2214882,0.0</coordinates>
                </Point>
            </Placemark>
            <Placemark id="6993">
                <name>JESUS DEL CARMEN ALBERCA QUEVEDO</name>
                <description>Av grau 2001 AAHH chiclayito
Castilla
Castilla
Piura
Perú</description>
                <styleUrl>#6994</styleUrl>
                <Point id="6992">
                    <coordinates>-80.6280046,-5.218729,0.0</coordinates>
                </Point>
            </Placemark>
            <Placemark id="6998">
                <name>ELEANA BEATRIZ AYALA CORDOVA</name>
                <description>ELEANA BEATRIZ AYALA CORDOVA
AV. MIGUEL GRAU 2104 CHICA. AYITO
Castilla
Castilla
Piura
Perú</description>
                <styleUrl>#6999</styleUrl>
                <Point id="6997">
                    <coordinates>-80.6293152,-5.2218532,0.0</coordinates>
                </Point>
            </Placemark>
            <Placemark id="7003">
                <name>JUAREZ ORDINOLA  MARIA</name>
                <description>AV GRAU 2401 CHICLAYITO       
Castilla

Piura
Perú</description>
                <styleUrl>#7004</styleUrl>
                <Point id="7002">
                    <coordinates>-80.630251,-5.224969,0.0</coordinates>
                </Point>
            </Placemark>
            <Placemark id="7008">
                <name>HAYDEE MORENO MANRIQUE</name>
                <description>AV.GRAU 2416 CHICLAYITO       
Castilla
Piura
Piura
Perú</description>
                <styleUrl>#7009</styleUrl>
                <Point id="7007">
                    <coordinates>-80.630278,-5.224351,0.0</coordinates>
                </Point>
            </Placemark>
            <Placemark id="7013">
                <name>BRENDA PAOLA MARTINEZ AREVALO</name>
                <description>Av. Graú 1990 Residencial el Refugio MZ. I Lote 6 - Castilla.
Castilla
Castilla
Piura
Perú</description>
                <styleUrl>#7014</styleUrl>
                <Point id="7012">
                    <coordinates>-80.6293056,-5.2201561,0.0</coordinates>
                </Point>
            </Placemark>
            <Placemark id="7018">
                <name>LEONOR CORDOVA NUÑEZ</name>
                <description>AV. GRAU 2554 CHICA. AYITO
Castilla
Piura
Piura
Perú</description>
                <styleUrl>#7019</styleUrl>
                <Point id="7017">
                    <coordinates>-80.6317458,-5.2272011,0.0</coordinates>
                </Point>
            </Placemark>
        </Folder>
    </Document>
</kml>
