<?xml version="1.0" encoding="UTF-8"?>
<kml xmlns="http://www.opengis.net/kml/2.2" xmlns:gx="http://www.google.com/kml/ext/2.2">
    <Document id="1">
        <Folder id="2">
            <Style id="5">
                <IconStyle id="6">
                    <color>ff0000ff</color>
                    <colorMode>normal</colorMode>
                    <scale>1</scale>
                    <heading>0</heading>
                    <Icon id="7">
                        <href>http://maps.google.com/mapfiles/kml/pushpin/ylw-pushpin.png</href>
                    </Icon>
                </IconStyle>
            </Style>
            <Style id="10">
                <IconStyle id="11">
                    <color>ff0000ff</color>
                    <colorMode>normal</colorMode>
                    <scale>1</scale>
                    <heading>0</heading>
                    <Icon id="12">
                        <href>http://maps.google.com/mapfiles/kml/pushpin/ylw-pushpin.png</href>
                    </Icon>
                </IconStyle>
            </Style>
            <Style id="15">
                <IconStyle id="16">
                    <color>ff0000ff</color>
                    <colorMode>normal</colorMode>
                    <scale>1</scale>
                    <heading>0</heading>
                    <Icon id="17">
                        <href>http://maps.google.com/mapfiles/kml/pushpin/ylw-pushpin.png</href>
                    </Icon>
                </IconStyle>
            </Style>
            <Style id="20">
                <IconStyle id="21">
                    <color>ff0000ff</color>
                    <colorMode>normal</colorMode>
                    <scale>1</scale>
                    <heading>0</heading>
                    <Icon id="22">
                        <href>http://maps.google.com/mapfiles/kml/pushpin/ylw-pushpin.png</href>
                    </Icon>
                </IconStyle>
            </Style>
            <Style id="25">
                <IconStyle id="26">
                    <color>ff0000ff</color>
                    <colorMode>normal</colorMode>
                    <scale>1</scale>
                    <heading>0</heading>
                    <Icon id="27">
                        <href>http://maps.google.com/mapfiles/kml/pushpin/ylw-pushpin.png</href>
                    </Icon>
                </IconStyle>
            </Style>
            <Style id="30">
                <IconStyle id="31">
                    <color>ff0000ff</color>
                    <colorMode>normal</colorMode>
                    <scale>1</scale>
                    <heading>0</heading>
                    <Icon id="32">
                        <href>http://maps.google.com/mapfiles/kml/pushpin/ylw-pushpin.png</href>
                    </Icon>
                </IconStyle>
            </Style>
            <Style id="35">
                <IconStyle id="36">
                    <color>ff0000ff</color>
                    <colorMode>normal</colorMode>
                    <scale>1</scale>
                    <heading>0</heading>
                    <Icon id="37">
                        <href>http://maps.google.com/mapfiles/kml/pushpin/ylw-pushpin.png</href>
                    </Icon>
                </IconStyle>
            </Style>
            <Style id="40">
                <IconStyle id="41">
                    <color>ff0000ff</color>
                    <colorMode>normal</colorMode>
                    <scale>1</scale>
                    <heading>0</heading>
                    <Icon id="42">
                        <href>http://maps.google.com/mapfiles/kml/pushpin/ylw-pushpin.png</href>
                    </Icon>
                </IconStyle>
            </Style>
            <Style id="45">
                <IconStyle id="46">
                    <color>ff0000ff</color>
                    <colorMode>normal</colorMode>
                    <scale>1</scale>
                    <heading>0</heading>
                    <Icon id="47">
                        <href>http://maps.google.com/mapfiles/kml/pushpin/ylw-pushpin.png</href>
                    </Icon>
                </IconStyle>
            </Style>
            <Style id="50">
                <IconStyle id="51">
                    <color>ff0000ff</color>
                    <colorMode>normal</colorMode>
                    <scale>1</scale>
                    <heading>0</heading>
                    <Icon id="52">
                        <href>http://maps.google.com/mapfiles/kml/pushpin/ylw-pushpin.png</href>
                    </Icon>
                </IconStyle>
            </Style>
            <Style id="55">
                <IconStyle id="56">
                    <color>ff0000ff</color>
                    <colorMode>normal</colorMode>
                    <scale>1</scale>
                    <heading>0</heading>
                    <Icon id="57">
                        <href>http://maps.google.com/mapfiles/kml/pushpin/ylw-pushpin.png</href>
                    </Icon>
                </IconStyle>
            </Style>
            <Style id="60">
                <IconStyle id="61">
                    <color>ff0000ff</color>
                    <colorMode>normal</colorMode>
                    <scale>1</scale>
                    <heading>0</heading>
                    <Icon id="62">
                        <href>http://maps.google.com/mapfiles/kml/pushpin/ylw-pushpin.png</href>
                    </Icon>
                </IconStyle>
            </Style>
            <Style id="65">
                <IconStyle id="66">
                    <color>ff0000ff</color>
                    <colorMode>normal</colorMode>
                    <scale>1</scale>
                    <heading>0</heading>
                    <Icon id="67">
                        <href>http://maps.google.com/mapfiles/kml/pushpin/ylw-pushpin.png</href>
                    </Icon>
                </IconStyle>
            </Style>
            <Style id="70">
                <IconStyle id="71">
                    <color>ff0000ff</color>
                    <colorMode>normal</colorMode>
                    <scale>1</scale>
                    <heading>0</heading>
                    <Icon id="72">
                        <href>http://maps.google.com/mapfiles/kml/pushpin/ylw-pushpin.png</href>
                    </Icon>
                </IconStyle>
            </Style>
            <Style id="75">
                <IconStyle id="76">
                    <color>ff0000ff</color>
                    <colorMode>normal</colorMode>
                    <scale>1</scale>
                    <heading>0</heading>
                    <Icon id="77">
                        <href>http://maps.google.com/mapfiles/kml/pushpin/ylw-pushpin.png</href>
                    </Icon>
                </IconStyle>
            </Style>
            <Style id="80">
                <IconStyle id="81">
                    <color>ff0000ff</color>
                    <colorMode>normal</colorMode>
                    <scale>1</scale>
                    <heading>0</heading>
                    <Icon id="82">
                        <href>http://maps.google.com/mapfiles/kml/pushpin/ylw-pushpin.png</href>
                    </Icon>
                </IconStyle>
            </Style>
            <Style id="85">
                <IconStyle id="86">
                    <color>ff0000ff</color>
                    <colorMode>normal</colorMode>
                    <scale>1</scale>
                    <heading>0</heading>
                    <Icon id="87">
                        <href>http://maps.google.com/mapfiles/kml/pushpin/ylw-pushpin.png</href>
                    </Icon>
                </IconStyle>
            </Style>
            <Style id="90">
                <IconStyle id="91">
                    <color>ff0000ff</color>
                    <colorMode>normal</colorMode>
                    <scale>1</scale>
                    <heading>0</heading>
                    <Icon id="92">
                        <href>http://maps.google.com/mapfiles/kml/pushpin/ylw-pushpin.png</href>
                    </Icon>
                </IconStyle>
            </Style>
            <Style id="95">
                <IconStyle id="96">
                    <color>ff0000ff</color>
                    <colorMode>normal</colorMode>
                    <scale>1</scale>
                    <heading>0</heading>
                    <Icon id="97">
                        <href>http://maps.google.com/mapfiles/kml/pushpin/ylw-pushpin.png</href>
                    </Icon>
                </IconStyle>
            </Style>
            <Style id="100">
                <IconStyle id="101">
                    <color>ff0000ff</color>
                    <colorMode>normal</colorMode>
                    <scale>1</scale>
                    <heading>0</heading>
                    <Icon id="102">
                        <href>http://maps.google.com/mapfiles/kml/pushpin/ylw-pushpin.png</href>
                    </Icon>
                </IconStyle>
            </Style>
            <Style id="105">
                <IconStyle id="106">
                    <color>ff0000ff</color>
                    <colorMode>normal</colorMode>
                    <scale>1</scale>
                    <heading>0</heading>
                    <Icon id="107">
                        <href>http://maps.google.com/mapfiles/kml/pushpin/ylw-pushpin.png</href>
                    </Icon>
                </IconStyle>
            </Style>
            <Style id="110">
                <IconStyle id="111">
                    <color>ff0000ff</color>
                    <colorMode>normal</colorMode>
                    <scale>1</scale>
                    <heading>0</heading>
                    <Icon id="112">
                        <href>http://maps.google.com/mapfiles/kml/pushpin/ylw-pushpin.png</href>
                    </Icon>
                </IconStyle>
            </Style>
            <Style id="115">
                <IconStyle id="116">
                    <color>ff0000ff</color>
                    <colorMode>normal</colorMode>
                    <scale>1</scale>
                    <heading>0</heading>
                    <Icon id="117">
                        <href>http://maps.google.com/mapfiles/kml/pushpin/ylw-pushpin.png</href>
                    </Icon>
                </IconStyle>
            </Style>
            <Style id="120">
                <IconStyle id="121">
                    <color>ff0000ff</color>
                    <colorMode>normal</colorMode>
                    <scale>1</scale>
                    <heading>0</heading>
                    <Icon id="122">
                        <href>http://maps.google.com/mapfiles/kml/pushpin/ylw-pushpin.png</href>
                    </Icon>
                </IconStyle>
            </Style>
            <Style id="125">
                <IconStyle id="126">
                    <color>ff0000ff</color>
                    <colorMode>normal</colorMode>
                    <scale>1</scale>
                    <heading>0</heading>
                    <Icon id="127">
                        <href>http://maps.google.com/mapfiles/kml/pushpin/ylw-pushpin.png</href>
                    </Icon>
                </IconStyle>
            </Style>
            <Style id="130">
                <IconStyle id="131">
                    <color>ff0000ff</color>
                    <colorMode>normal</colorMode>
                    <scale>1</scale>
                    <heading>0</heading>
                    <Icon id="132">
                        <href>http://maps.google.com/mapfiles/kml/pushpin/ylw-pushpin.png</href>
                    </Icon>
                </IconStyle>
            </Style>
            <Style id="135">
                <IconStyle id="136">
                    <color>ff0000ff</color>
                    <colorMode>normal</colorMode>
                    <scale>1</scale>
                    <heading>0</heading>
                    <Icon id="137">
                        <href>http://maps.google.com/mapfiles/kml/pushpin/ylw-pushpin.png</href>
                    </Icon>
                </IconStyle>
            </Style>
            <Style id="140">
                <IconStyle id="141">
                    <color>ff0000ff</color>
                    <colorMode>normal</colorMode>
                    <scale>1</scale>
                    <heading>0</heading>
                    <Icon id="142">
                        <href>http://maps.google.com/mapfiles/kml/pushpin/ylw-pushpin.png</href>
                    </Icon>
                </IconStyle>
            </Style>
            <Style id="145">
                <IconStyle id="146">
                    <color>ff0000ff</color>
                    <colorMode>normal</colorMode>
                    <scale>1</scale>
                    <heading>0</heading>
                    <Icon id="147">
                        <href>http://maps.google.com/mapfiles/kml/pushpin/ylw-pushpin.png</href>
                    </Icon>
                </IconStyle>
            </Style>
            <Style id="150">
                <IconStyle id="151">
                    <color>ff0000ff</color>
                    <colorMode>normal</colorMode>
                    <scale>1</scale>
                    <heading>0</heading>
                    <Icon id="152">
                        <href>http://maps.google.com/mapfiles/kml/pushpin/ylw-pushpin.png</href>
                    </Icon>
                </IconStyle>
            </Style>
            <Style id="155">
                <IconStyle id="156">
                    <color>ff0000ff</color>
                    <colorMode>normal</colorMode>
                    <scale>1</scale>
                    <heading>0</heading>
                    <Icon id="157">
                        <href>http://maps.google.com/mapfiles/kml/pushpin/ylw-pushpin.png</href>
                    </Icon>
                </IconStyle>
            </Style>
            <Style id="160">
                <IconStyle id="161">
                    <color>ff0000ff</color>
                    <colorMode>normal</colorMode>
                    <scale>1</scale>
                    <heading>0</heading>
                    <Icon id="162">
                        <href>http://maps.google.com/mapfiles/kml/pushpin/ylw-pushpin.png</href>
                    </Icon>
                </IconStyle>
            </Style>
            <Style id="165">
                <IconStyle id="166">
                    <color>ff0000ff</color>
                    <colorMode>normal</colorMode>
                    <scale>1</scale>
                    <heading>0</heading>
                    <Icon id="167">
                        <href>http://maps.google.com/mapfiles/kml/pushpin/ylw-pushpin.png</href>
                    </Icon>
                </IconStyle>
            </Style>
            <Style id="170">
                <IconStyle id="171">
                    <color>ff0000ff</color>
                    <colorMode>normal</colorMode>
                    <scale>1</scale>
                    <heading>0</heading>
                    <Icon id="172">
                        <href>http://maps.google.com/mapfiles/kml/pushpin/ylw-pushpin.png</href>
                    </Icon>
                </IconStyle>
            </Style>
            <Style id="175">
                <IconStyle id="176">
                    <color>ff0000ff</color>
                    <colorMode>normal</colorMode>
                    <scale>1</scale>
                    <heading>0</heading>
                    <Icon id="177">
                        <href>http://maps.google.com/mapfiles/kml/pushpin/ylw-pushpin.png</href>
                    </Icon>
                </IconStyle>
            </Style>
            <name>ANYI GLEIDY SALDAÑA ESPINOZA</name>
            <Placemark id="4">
                <name>JORGE TAPIA CABRERA</name>
                <description>JORGE TAPIA CABRERA
MZ C LT. 31 URB. MICAELA BASTIDAS 2ETAPA
Veintiséis de Octubre
Piura
Piura
Perú</description>
                <styleUrl>#5</styleUrl>
                <Point id="3">
                    <coordinates>-80.6772006,-5.175441,0.0</coordinates>
                </Point>
            </Placemark>
            <Placemark id="9">
                <name>CARMEN GONZALES PAIVA</name>
                <description>ENACE II ETAPA MZ I LT 30 Piura-Piura
Veintiséis de Octubre
Veintiséis de Octubre
Piura
Perú</description>
                <styleUrl>#10</styleUrl>
                <Point id="8">
                    <coordinates>-80.6788178,-5.1753965,0.0</coordinates>
                </Point>
            </Placemark>
            <Placemark id="14">
                <name>APONTE SILVA VIRGINIA DEL P.</name>
                <description>URB.MICAEBASTIDAS M-15 1ETP   
Veintiséis de Octubre
Veintiséis de Octubre
Piura
Perú</description>
                <styleUrl>#15</styleUrl>
                <Point id="13">
                    <coordinates>-80.679209,-5.177422,0.0</coordinates>
                </Point>
            </Placemark>
            <Placemark id="19">
                <name>SANCARRANCO SILUPU LIDIA M.</name>
                <description>CH MIC BAST 1ER ETA MZ M LT 20
Veintiséis de Octubre
Veintiséis de Octubre
Piura
Perú</description>
                <styleUrl>#20</styleUrl>
                <Point id="18">
                    <coordinates>-80.6786387,-5.1775117,0.0</coordinates>
                </Point>
            </Placemark>
            <Placemark id="24">
                <name>JUDITH CAROLINA LIZANO INGA</name>
                <description>Mz F lote 6 villa hermosa
Veintiséis de Octubre
Veintiséis de Octubre
Piura
Perú</description>
                <styleUrl>#25</styleUrl>
                <Point id="23">
                    <coordinates>-80.6888215,-5.1721846,0.0</coordinates>
                </Point>
            </Placemark>
            <Placemark id="29">
                <name>PILI YOVERA PASAPERA</name>
                <description>A.H.VILLA HERMOSA B-25 26 DE O
Veintiséis de Octubre
Piura
Piura
Perú</description>
                <styleUrl>#30</styleUrl>
                <Point id="28">
                    <coordinates>-80.6888326,-5.1720439,0.0</coordinates>
                </Point>
            </Placemark>
            <Placemark id="34">
                <name>HIPERBODEGA GLORIA E.I.R.L.</name>
                <description>HIPERBODEGA GLORIA E.I.R.L.
MZ A LOTE. 17  VILLA HERMOSA
Veintiséis de Octubre
Veintiséis de Octubre
Piura
Perú</description>
                <styleUrl>#35</styleUrl>
                <Point id="33">
                    <coordinates>-80.6893962,-5.1759562,0.0</coordinates>
                </Point>
            </Placemark>
            <Placemark id="39">
                <name>RETAMOZO PEREZ CATALINA</name>
                <description>MZ L3-32 MICAELA BASTIDAS 4 ET
Veintiséis de Octubre
Piura
Piura
Perú</description>
                <styleUrl>#40</styleUrl>
                <Point id="38">
                    <coordinates>-80.6874797,-5.1752809,0.0</coordinates>
                </Point>
            </Placemark>
            <Placemark id="44">
                <name>FELICIA ZAPATA DE MORE</name>
                <description>MZ.H3 LT.22 M.BASTIDAS 26 OCT 
Veintiséis de Octubre
Piura
Piura
Perú</description>
                <styleUrl>#45</styleUrl>
                <Point id="43">
                    <coordinates>-80.686561,-5.1763484,0.0</coordinates>
                </Point>
            </Placemark>
            <Placemark id="49">
                <name>MIRTHA ZEGARRA SARANGO</name>
                <description>MZ H3 LT 23 AA. HH ENACE 4TA ETP
Veintiséis de Octubre
Piura
Piura
Perú</description>
                <styleUrl>#50</styleUrl>
                <Point id="48">
                    <coordinates>-80.6865737,-5.1764705,0.0</coordinates>
                </Point>
            </Placemark>
            <Placemark id="54">
                <name>JOEL ALEXANDER MEDINA HURTADO</name>
                <description>A.H.M.BASTIDAS MZ.T LT.4 3 ET 
Veintiséis de Octubre
Veintiséis de Octubre
Piura
Perú</description>
                <styleUrl>#55</styleUrl>
                <Point id="53">
                    <coordinates>-80.6842466,-5.1757628,0.0</coordinates>
                </Point>
            </Placemark>
            <Placemark id="59">
                <name>CORDOVA GARCIA PALERMO</name>
                <description>URB MICAELA BASTIDAS MZF LT 11
Veintiséis de Octubre
Veintiséis de Octubre
Piura
Perú</description>
                <styleUrl>#60</styleUrl>
                <Point id="58">
                    <coordinates>-80.685813,-5.174316,0.0</coordinates>
                </Point>
            </Placemark>
            <Placemark id="64">
                <name>MARQUEZ MORALES BRENDY TERESA</name>
                <description>URB.M.BASTIDAS MZ.P LT.5 2I ET
Veintiséis de Octubre
Veintiséis de Octubre
Piura
Perú</description>
                <styleUrl>#65</styleUrl>
                <Point id="63">
                    <coordinates>-80.682427,-5.177392,0.0</coordinates>
                </Point>
            </Placemark>
            <Placemark id="69">
                <name>IRMA PULACHE PACHERRES</name>
                <description>MZ B-2 INT 1 LT-1 M. BASTIDAS PIUR
Piura

Piura
Perú</description>
                <styleUrl>#70</styleUrl>
                <Point id="68">
                    <coordinates>-80.6768452,-5.17792,0.0</coordinates>
                </Point>
            </Placemark>
            <Placemark id="74">
                <name>DANITZA TRONCOS CUMBICUS</name>
                <description>DANITZA TRONCOS CUMBICUS
MZ V LTE.17 III ETAPA ENACE
Veintiséis de Octubre
Piura
Piura
Perú</description>
                <styleUrl>#75</styleUrl>
                <Point id="73">
                    <coordinates>-80.6825432,-5.1771917,0.0</coordinates>
                </Point>
            </Placemark>
            <Placemark id="79">
                <name>CARLOS DANIEL ALBAN LLACSAHUANGA</name>
                <description>URB ENACE MZ O LOTE 29 TERCERA ETAPA
Veintiséis de Octubre
Veintiséis de Octubre
Piura
Perú</description>
                <styleUrl>#80</styleUrl>
                <Point id="78">
                    <coordinates>-80.6803825,-5.1743622,0.0</coordinates>
                </Point>
            </Placemark>
            <Placemark id="84">
                <name>PEÑA LABAN ALEX ALBERTO</name>
                <description>MZ L - 06 AAHH villa hermosa
Veintiséis de Octubre

Piura
Perú</description>
                <styleUrl>#85</styleUrl>
                <Point id="83">
                    <coordinates>-80.688523,-5.171964,0.0</coordinates>
                </Point>
            </Placemark>
            <Placemark id="89">
                <name>MARIA JULISSA ESTRADA SANDOVAL</name>
                <description>MZ C LOTE 6 UPIS VILLA HERMOSA
Veintiséis de Octubre
Veintiséis de Octubre
Piura
Perú</description>
                <styleUrl>#90</styleUrl>
                <Point id="88">
                    <coordinates>-80.6885826,-5.1728268,0.0</coordinates>
                </Point>
            </Placemark>
            <Placemark id="94">
                <name>ELIZABETH MENA OLAYA</name>
                <description>AAHH VILLA HERMOSA MZ E LOTE 6
Veintiséis de Octubre
Veintiséis de Octubre
Piura
Perú</description>
                <styleUrl>#95</styleUrl>
                <Point id="93">
                    <coordinates>-80.6904981,-5.1756558,0.0</coordinates>
                </Point>
            </Placemark>
            <Placemark id="99">
                <name>HAYDEE ROXANA CHIROQUE COVEÑAS</name>
                <description>AAHH VILLA HERMOSA MZ J LT 19 26 DE OCTUBRE-Piura
Veintiséis de Octubre
Veintiséis de Octubre
Piura
Perú</description>
                <styleUrl>#100</styleUrl>
                <Point id="98">
                    <coordinates>-80.6896457,-5.1745932,0.0</coordinates>
                </Point>
            </Placemark>
            <Placemark id="104">
                <name>DOMINGA GENARA LABAN PALACIOS</name>
                <description>MZ-C2 LT.21 IV MICAELA BASTIDA
Veintiséis de Octubre
Veintiséis de Octubre
Piura
Perú</description>
                <styleUrl>#105</styleUrl>
                <Point id="103">
                    <coordinates>-80.6864559,-5.1727576,0.0</coordinates>
                </Point>
            </Placemark>
            <Placemark id="109">
                <name>GLADYS ANEIDA AGUILAR VIDAL</name>
                <description>MZ-02 LT-14 IV ETAPA ENACE    
Veintiséis de Octubre
Veintiséis de Octubre
Piura
Perú</description>
                <styleUrl>#110</styleUrl>
                <Point id="108">
                    <coordinates>-80.6860218,-5.1733855,0.0</coordinates>
                </Point>
            </Placemark>
            <Placemark id="114">
                <name>JUAREZ CASTILLO YULISA ARACELI</name>
                <description>MZ G3 LT 10 C.H. MIC.BASTIDAS 
Veintiséis de Octubre
Veintiséis de Octubre
Piura
Perú</description>
                <styleUrl>#115</styleUrl>
                <Point id="113">
                    <coordinates>-80.6859701,-5.1770175,0.0</coordinates>
                </Point>
            </Placemark>
            <Placemark id="119">
                <name>YOLANDA AGUILERA YANGUA</name>
                <description>MZ S LTE 27 III ETAPA         
Veintiséis de Octubre
Piura
Piura
Perú</description>
                <styleUrl>#120</styleUrl>
                <Point id="118">
                    <coordinates>-80.684937,-5.1765298,0.0</coordinates>
                </Point>
            </Placemark>
            <Placemark id="124">
                <name>GRACIELA DEL PILAR MEDINA FLORES</name>
                <description>MZ N LT 32 ET 03 MICAELA BAS  
Veintiséis de Octubre
Nkm8Veintiséis de Octubre
Piura
Perú</description>
                <styleUrl>#125</styleUrl>
                <Point id="123">
                    <coordinates>-80.6826797,-5.1762205,0.0</coordinates>
                </Point>
            </Placemark>
            <Placemark id="129">
                <name>CALOPINO FLORES VICTORIA ELIZABETH</name>
                <description>CALOPINO FLORES VICTORIA ELIZABETH
AV GRAU 31 MZ Q LT 31 3ERA ETAPA DE ENACE
Veintiséis de Octubre
Piura
Piura
Perú</description>
                <styleUrl>#130</styleUrl>
                <Point id="128">
                    <coordinates>-80.6825517,-5.178085,0.0</coordinates>
                </Point>
            </Placemark>
            <Placemark id="134">
                <name>CARMEN EDITH RUIZ DE FLORES</name>
                <description>M.BASTIDAS 3ET AV MZ C1 LT 28 
Veintiséis de Octubre
Piura
Piura
Perú</description>
                <styleUrl>#135</styleUrl>
                <Point id="133">
                    <coordinates>-80.6818561,-5.1741595,0.0</coordinates>
                </Point>
            </Placemark>
            <Placemark id="139">
                <name>JUAN CARLOS BAYONA OTERO</name>
                <description>Urbanización Enace MZ E lote 08 3era  etapa 26 de octubre
Veintiséis de Octubre
Veintiséis de Octubre
Piura
Perú</description>
                <styleUrl>#140</styleUrl>
                <Point id="138">
                    <coordinates>-80.6814837,-5.1757857,0.0</coordinates>
                </Point>
            </Placemark>
            <Placemark id="144">
                <name>DANITZA TRONCOS CUMBICUS</name>
                <description>DANITZA TRONCOS CUMBICUS
MZ V LTE.17 III ETAPA ENACE
Veintiséis de Octubre
Piura
Piura
Perú</description>
                <styleUrl>#145</styleUrl>
                <Point id="143">
                    <coordinates>-80.6825432,-5.1771917,0.0</coordinates>
                </Point>
            </Placemark>
            <Placemark id="149">
                <name>GARCIA MARQUEZ MARCOLINA</name>
                <description>GARCIA MARQUEZ MARCOLINA
Aahh Micaela Bastidas MZ F2 Lote 17 Av Grau
Veintiséis de Octubre
Veintiséis de Octubre
Piura
Perú</description>
                <styleUrl>#150</styleUrl>
                <Point id="148">
                    <coordinates>-80.6766109,-5.1797953,0.0</coordinates>
                </Point>
            </Placemark>
            <Placemark id="154">
                <name>GARCIA MARQUEZ MARCOLINA</name>
                <description>GARCIA MARQUEZ MARCOLINA
Aahh Micaela Bastidas MZ F2 Lote 17 Av Grau
Veintiséis de Octubre
Veintiséis de Octubre
Piura
Perú</description>
                <styleUrl>#155</styleUrl>
                <Point id="153">
                    <coordinates>-80.6766109,-5.1797953,0.0</coordinates>
                </Point>
            </Placemark>
            <Placemark id="159">
                <name>ORLINDA SOLEDAD RETO SANCHEZ</name>
                <description>AAHH MICAELA BASTIDAS MZ G2 LOTE 1 EN EL BADEN QUE SEPARA ENACE PRIMERA ETAPA CON MICAELA
Veintiséis de Octubre
Veintiséis de Octubre
Piura
Perú</description>
                <styleUrl>#160</styleUrl>
                <Point id="158">
                    <coordinates>-80.6776328,-5.1783898,0.0</coordinates>
                </Point>
            </Placemark>
            <Placemark id="164">
                <name>RUDECINDA HUANCA VERA</name>
                <description>MICAELA BESTIDAS CALLE MANUEL FRIAS MZ H4 LOTE 12
Veintiséis de Octubre
Veintiséis de Octubre
Piura
Perú</description>
                <styleUrl>#165</styleUrl>
                <Point id="163">
                    <coordinates>-80.6761566,-5.1772777,0.0</coordinates>
                </Point>
            </Placemark>
            <Placemark id="169">
                <name>MARY VERONICA ESTRADA AREVALO</name>
                <description>URB. MICAELA BASTIDAS MZ H4 LT 01 -
Veintiséis de Octubre
Piura
Piura
Perú</description>
                <styleUrl>#170</styleUrl>
                <Point id="168">
                    <coordinates>-80.6759201,-5.1763911,0.0</coordinates>
                </Point>
            </Placemark>
            <Placemark id="174">
                <name>MARGARITA DEL PILAR ROSALES CRIOLLO</name>
                <description>MICAELA BASTIDAS C4 LT 26 26 DE OCTUBRE-Piura
Veintiséis de Octubre
Veintiséis de Octubre
Piura
Perú</description>
                <styleUrl>#175</styleUrl>
                <Point id="173">
                    <coordinates>-80.6747039,-5.17678,0.0</coordinates>
                </Point>
            </Placemark>
        </Folder>
        <Folder id="178">
            <Style id="181">
                <IconStyle id="182">
                    <color>ffff0000</color>
                    <colorMode>normal</colorMode>
                    <scale>1</scale>
                    <heading>0</heading>
                    <Icon id="183">
                        <href>http://maps.google.com/mapfiles/kml/pushpin/ylw-pushpin.png</href>
                    </Icon>
                </IconStyle>
            </Style>
            <Style id="186">
                <IconStyle id="187">
                    <color>ffff0000</color>
                    <colorMode>normal</colorMode>
                    <scale>1</scale>
                    <heading>0</heading>
                    <Icon id="188">
                        <href>http://maps.google.com/mapfiles/kml/pushpin/ylw-pushpin.png</href>
                    </Icon>
                </IconStyle>
            </Style>
            <Style id="191">
                <IconStyle id="192">
                    <color>ffff0000</color>
                    <colorMode>normal</colorMode>
                    <scale>1</scale>
                    <heading>0</heading>
                    <Icon id="193">
                        <href>http://maps.google.com/mapfiles/kml/pushpin/ylw-pushpin.png</href>
                    </Icon>
                </IconStyle>
            </Style>
            <Style id="196">
                <IconStyle id="197">
                    <color>ffff0000</color>
                    <colorMode>normal</colorMode>
                    <scale>1</scale>
                    <heading>0</heading>
                    <Icon id="198">
                        <href>http://maps.google.com/mapfiles/kml/pushpin/ylw-pushpin.png</href>
                    </Icon>
                </IconStyle>
            </Style>
            <Style id="201">
                <IconStyle id="202">
                    <color>ffff0000</color>
                    <colorMode>normal</colorMode>
                    <scale>1</scale>
                    <heading>0</heading>
                    <Icon id="203">
                        <href>http://maps.google.com/mapfiles/kml/pushpin/ylw-pushpin.png</href>
                    </Icon>
                </IconStyle>
            </Style>
            <Style id="206">
                <IconStyle id="207">
                    <color>ffff0000</color>
                    <colorMode>normal</colorMode>
                    <scale>1</scale>
                    <heading>0</heading>
                    <Icon id="208">
                        <href>http://maps.google.com/mapfiles/kml/pushpin/ylw-pushpin.png</href>
                    </Icon>
                </IconStyle>
            </Style>
            <Style id="211">
                <IconStyle id="212">
                    <color>ffff0000</color>
                    <colorMode>normal</colorMode>
                    <scale>1</scale>
                    <heading>0</heading>
                    <Icon id="213">
                        <href>http://maps.google.com/mapfiles/kml/pushpin/ylw-pushpin.png</href>
                    </Icon>
                </IconStyle>
            </Style>
            <Style id="216">
                <IconStyle id="217">
                    <color>ffff0000</color>
                    <colorMode>normal</colorMode>
                    <scale>1</scale>
                    <heading>0</heading>
                    <Icon id="218">
                        <href>http://maps.google.com/mapfiles/kml/pushpin/ylw-pushpin.png</href>
                    </Icon>
                </IconStyle>
            </Style>
            <Style id="221">
                <IconStyle id="222">
                    <color>ffff0000</color>
                    <colorMode>normal</colorMode>
                    <scale>1</scale>
                    <heading>0</heading>
                    <Icon id="223">
                        <href>http://maps.google.com/mapfiles/kml/pushpin/ylw-pushpin.png</href>
                    </Icon>
                </IconStyle>
            </Style>
            <Style id="226">
                <IconStyle id="227">
                    <color>ffff0000</color>
                    <colorMode>normal</colorMode>
                    <scale>1</scale>
                    <heading>0</heading>
                    <Icon id="228">
                        <href>http://maps.google.com/mapfiles/kml/pushpin/ylw-pushpin.png</href>
                    </Icon>
                </IconStyle>
            </Style>
            <Style id="231">
                <IconStyle id="232">
                    <color>ffff0000</color>
                    <colorMode>normal</colorMode>
                    <scale>1</scale>
                    <heading>0</heading>
                    <Icon id="233">
                        <href>http://maps.google.com/mapfiles/kml/pushpin/ylw-pushpin.png</href>
                    </Icon>
                </IconStyle>
            </Style>
            <Style id="236">
                <IconStyle id="237">
                    <color>ffff0000</color>
                    <colorMode>normal</colorMode>
                    <scale>1</scale>
                    <heading>0</heading>
                    <Icon id="238">
                        <href>http://maps.google.com/mapfiles/kml/pushpin/ylw-pushpin.png</href>
                    </Icon>
                </IconStyle>
            </Style>
            <Style id="241">
                <IconStyle id="242">
                    <color>ffff0000</color>
                    <colorMode>normal</colorMode>
                    <scale>1</scale>
                    <heading>0</heading>
                    <Icon id="243">
                        <href>http://maps.google.com/mapfiles/kml/pushpin/ylw-pushpin.png</href>
                    </Icon>
                </IconStyle>
            </Style>
            <Style id="246">
                <IconStyle id="247">
                    <color>ffff0000</color>
                    <colorMode>normal</colorMode>
                    <scale>1</scale>
                    <heading>0</heading>
                    <Icon id="248">
                        <href>http://maps.google.com/mapfiles/kml/pushpin/ylw-pushpin.png</href>
                    </Icon>
                </IconStyle>
            </Style>
            <Style id="251">
                <IconStyle id="252">
                    <color>ffff0000</color>
                    <colorMode>normal</colorMode>
                    <scale>1</scale>
                    <heading>0</heading>
                    <Icon id="253">
                        <href>http://maps.google.com/mapfiles/kml/pushpin/ylw-pushpin.png</href>
                    </Icon>
                </IconStyle>
            </Style>
            <Style id="256">
                <IconStyle id="257">
                    <color>ffff0000</color>
                    <colorMode>normal</colorMode>
                    <scale>1</scale>
                    <heading>0</heading>
                    <Icon id="258">
                        <href>http://maps.google.com/mapfiles/kml/pushpin/ylw-pushpin.png</href>
                    </Icon>
                </IconStyle>
            </Style>
            <Style id="261">
                <IconStyle id="262">
                    <color>ffff0000</color>
                    <colorMode>normal</colorMode>
                    <scale>1</scale>
                    <heading>0</heading>
                    <Icon id="263">
                        <href>http://maps.google.com/mapfiles/kml/pushpin/ylw-pushpin.png</href>
                    </Icon>
                </IconStyle>
            </Style>
            <Style id="266">
                <IconStyle id="267">
                    <color>ffff0000</color>
                    <colorMode>normal</colorMode>
                    <scale>1</scale>
                    <heading>0</heading>
                    <Icon id="268">
                        <href>http://maps.google.com/mapfiles/kml/pushpin/ylw-pushpin.png</href>
                    </Icon>
                </IconStyle>
            </Style>
            <Style id="271">
                <IconStyle id="272">
                    <color>ffff0000</color>
                    <colorMode>normal</colorMode>
                    <scale>1</scale>
                    <heading>0</heading>
                    <Icon id="273">
                        <href>http://maps.google.com/mapfiles/kml/pushpin/ylw-pushpin.png</href>
                    </Icon>
                </IconStyle>
            </Style>
            <Style id="276">
                <IconStyle id="277">
                    <color>ffff0000</color>
                    <colorMode>normal</colorMode>
                    <scale>1</scale>
                    <heading>0</heading>
                    <Icon id="278">
                        <href>http://maps.google.com/mapfiles/kml/pushpin/ylw-pushpin.png</href>
                    </Icon>
                </IconStyle>
            </Style>
            <Style id="281">
                <IconStyle id="282">
                    <color>ffff0000</color>
                    <colorMode>normal</colorMode>
                    <scale>1</scale>
                    <heading>0</heading>
                    <Icon id="283">
                        <href>http://maps.google.com/mapfiles/kml/pushpin/ylw-pushpin.png</href>
                    </Icon>
                </IconStyle>
            </Style>
            <Style id="286">
                <IconStyle id="287">
                    <color>ffff0000</color>
                    <colorMode>normal</colorMode>
                    <scale>1</scale>
                    <heading>0</heading>
                    <Icon id="288">
                        <href>http://maps.google.com/mapfiles/kml/pushpin/ylw-pushpin.png</href>
                    </Icon>
                </IconStyle>
            </Style>
            <Style id="291">
                <IconStyle id="292">
                    <color>ffff0000</color>
                    <colorMode>normal</colorMode>
                    <scale>1</scale>
                    <heading>0</heading>
                    <Icon id="293">
                        <href>http://maps.google.com/mapfiles/kml/pushpin/ylw-pushpin.png</href>
                    </Icon>
                </IconStyle>
            </Style>
            <Style id="296">
                <IconStyle id="297">
                    <color>ffff0000</color>
                    <colorMode>normal</colorMode>
                    <scale>1</scale>
                    <heading>0</heading>
                    <Icon id="298">
                        <href>http://maps.google.com/mapfiles/kml/pushpin/ylw-pushpin.png</href>
                    </Icon>
                </IconStyle>
            </Style>
            <Style id="301">
                <IconStyle id="302">
                    <color>ffff0000</color>
                    <colorMode>normal</colorMode>
                    <scale>1</scale>
                    <heading>0</heading>
                    <Icon id="303">
                        <href>http://maps.google.com/mapfiles/kml/pushpin/ylw-pushpin.png</href>
                    </Icon>
                </IconStyle>
            </Style>
            <Style id="306">
                <IconStyle id="307">
                    <color>ffff0000</color>
                    <colorMode>normal</colorMode>
                    <scale>1</scale>
                    <heading>0</heading>
                    <Icon id="308">
                        <href>http://maps.google.com/mapfiles/kml/pushpin/ylw-pushpin.png</href>
                    </Icon>
                </IconStyle>
            </Style>
            <Style id="311">
                <IconStyle id="312">
                    <color>ffff0000</color>
                    <colorMode>normal</colorMode>
                    <scale>1</scale>
                    <heading>0</heading>
                    <Icon id="313">
                        <href>http://maps.google.com/mapfiles/kml/pushpin/ylw-pushpin.png</href>
                    </Icon>
                </IconStyle>
            </Style>
            <Style id="316">
                <IconStyle id="317">
                    <color>ffff0000</color>
                    <colorMode>normal</colorMode>
                    <scale>1</scale>
                    <heading>0</heading>
                    <Icon id="318">
                        <href>http://maps.google.com/mapfiles/kml/pushpin/ylw-pushpin.png</href>
                    </Icon>
                </IconStyle>
            </Style>
            <Style id="321">
                <IconStyle id="322">
                    <color>ffff0000</color>
                    <colorMode>normal</colorMode>
                    <scale>1</scale>
                    <heading>0</heading>
                    <Icon id="323">
                        <href>http://maps.google.com/mapfiles/kml/pushpin/ylw-pushpin.png</href>
                    </Icon>
                </IconStyle>
            </Style>
            <Style id="326">
                <IconStyle id="327">
                    <color>ffff0000</color>
                    <colorMode>normal</colorMode>
                    <scale>1</scale>
                    <heading>0</heading>
                    <Icon id="328">
                        <href>http://maps.google.com/mapfiles/kml/pushpin/ylw-pushpin.png</href>
                    </Icon>
                </IconStyle>
            </Style>
            <Style id="331">
                <IconStyle id="332">
                    <color>ffff0000</color>
                    <colorMode>normal</colorMode>
                    <scale>1</scale>
                    <heading>0</heading>
                    <Icon id="333">
                        <href>http://maps.google.com/mapfiles/kml/pushpin/ylw-pushpin.png</href>
                    </Icon>
                </IconStyle>
            </Style>
            <Style id="336">
                <IconStyle id="337">
                    <color>ffff0000</color>
                    <colorMode>normal</colorMode>
                    <scale>1</scale>
                    <heading>0</heading>
                    <Icon id="338">
                        <href>http://maps.google.com/mapfiles/kml/pushpin/ylw-pushpin.png</href>
                    </Icon>
                </IconStyle>
            </Style>
            <Style id="341">
                <IconStyle id="342">
                    <color>ffff0000</color>
                    <colorMode>normal</colorMode>
                    <scale>1</scale>
                    <heading>0</heading>
                    <Icon id="343">
                        <href>http://maps.google.com/mapfiles/kml/pushpin/ylw-pushpin.png</href>
                    </Icon>
                </IconStyle>
            </Style>
            <Style id="346">
                <IconStyle id="347">
                    <color>ffff0000</color>
                    <colorMode>normal</colorMode>
                    <scale>1</scale>
                    <heading>0</heading>
                    <Icon id="348">
                        <href>http://maps.google.com/mapfiles/kml/pushpin/ylw-pushpin.png</href>
                    </Icon>
                </IconStyle>
            </Style>
            <Style id="351">
                <IconStyle id="352">
                    <color>ffff0000</color>
                    <colorMode>normal</colorMode>
                    <scale>1</scale>
                    <heading>0</heading>
                    <Icon id="353">
                        <href>http://maps.google.com/mapfiles/kml/pushpin/ylw-pushpin.png</href>
                    </Icon>
                </IconStyle>
            </Style>
            <Style id="356">
                <IconStyle id="357">
                    <color>ffff0000</color>
                    <colorMode>normal</colorMode>
                    <scale>1</scale>
                    <heading>0</heading>
                    <Icon id="358">
                        <href>http://maps.google.com/mapfiles/kml/pushpin/ylw-pushpin.png</href>
                    </Icon>
                </IconStyle>
            </Style>
            <Style id="361">
                <IconStyle id="362">
                    <color>ffff0000</color>
                    <colorMode>normal</colorMode>
                    <scale>1</scale>
                    <heading>0</heading>
                    <Icon id="363">
                        <href>http://maps.google.com/mapfiles/kml/pushpin/ylw-pushpin.png</href>
                    </Icon>
                </IconStyle>
            </Style>
            <Style id="366">
                <IconStyle id="367">
                    <color>ffff0000</color>
                    <colorMode>normal</colorMode>
                    <scale>1</scale>
                    <heading>0</heading>
                    <Icon id="368">
                        <href>http://maps.google.com/mapfiles/kml/pushpin/ylw-pushpin.png</href>
                    </Icon>
                </IconStyle>
            </Style>
            <Style id="371">
                <IconStyle id="372">
                    <color>ffff0000</color>
                    <colorMode>normal</colorMode>
                    <scale>1</scale>
                    <heading>0</heading>
                    <Icon id="373">
                        <href>http://maps.google.com/mapfiles/kml/pushpin/ylw-pushpin.png</href>
                    </Icon>
                </IconStyle>
            </Style>
            <Style id="376">
                <IconStyle id="377">
                    <color>ffff0000</color>
                    <colorMode>normal</colorMode>
                    <scale>1</scale>
                    <heading>0</heading>
                    <Icon id="378">
                        <href>http://maps.google.com/mapfiles/kml/pushpin/ylw-pushpin.png</href>
                    </Icon>
                </IconStyle>
            </Style>
            <name>BRAYAN ALEXANDER IPANAQUE CASTRO</name>
            <Placemark id="180">
                <name>MEDYGOSKY CALLE GARCIA</name>
                <description>MZ B LT 8 AH. INMACULADA CONCEPCION
Chulucanas
Morropón
Piura
Perú</description>
                <styleUrl>#181</styleUrl>
                <Point id="179">
                    <coordinates>-80.155159,-5.08406,0.0</coordinates>
                </Point>
            </Placemark>
            <Placemark id="185">
                <name>ALICIA ALACHE DE PEREZ</name>
                <description>CALLE ANCASH N°743 CHULUCANAS
Chulucanas
Morropón
Piura
Perú</description>
                <styleUrl>#186</styleUrl>
                <Point id="184">
                    <coordinates>-80.16963,-5.0992662,0.0</coordinates>
                </Point>
            </Placemark>
            <Placemark id="190">
                <name>HENG YUN S.A.C.</name>
                <description>JR. AMAZONAS NRO. 369 CENTRO DE CHULUCANAS
Chulucanas
Morropón
Piura
Perú</description>
                <styleUrl>#191</styleUrl>
                <Point id="189">
                    <coordinates>-80.1652648,-5.097148,0.0</coordinates>
                </Point>
            </Placemark>
            <Placemark id="195">
                <name>HENG YUN S.A.C.</name>
                <description>JR. AMAZONAS NRO. 369 CENTRO DE CHULUCANAS
Chulucanas
Morropón
Piura
Perú</description>
                <styleUrl>#196</styleUrl>
                <Point id="194">
                    <coordinates>-80.1652648,-5.097148,0.0</coordinates>
                </Point>
            </Placemark>
            <Placemark id="200">
                <name>HENG YUN S.A.C.</name>
                <description>JR. AMAZONAS NRO. 369 CENTRO DE CHULUCANAS
Chulucanas
Morropón
Piura
Perú</description>
                <styleUrl>#201</styleUrl>
                <Point id="199">
                    <coordinates>-80.1652648,-5.097148,0.0</coordinates>
                </Point>
            </Placemark>
            <Placemark id="205">
                <name>SANCHEZ ALICIA NIMA</name>
                <description>A.H.CONSUELO DE VELASCO MZ.H LTE.27
Chulucanas
Morropón
Piura
Perú</description>
                <styleUrl>#206</styleUrl>
                <Point id="204">
                    <coordinates>-80.1702533,-5.089805,0.0</coordinates>
                </Point>
            </Placemark>
            <Placemark id="210">
                <name>OLGA SEMINARIO DE PALACIOS</name>
                <description>JR ICA 1004 CHULUCANAS
Chulucanas

Piura
Perú</description>
                <styleUrl>#211</styleUrl>
                <Point id="209">
                    <coordinates>-80.1674508,-5.0958355,0.0</coordinates>
                </Point>
            </Placemark>
            <Placemark id="215">
                <name>CARMEN CHIRA DE MARCELO</name>
                <description>CA AMAZONAS 956
Chulucanas
Morropón
Piura
Perú</description>
                <styleUrl>#216</styleUrl>
                <Point id="214">
                    <coordinates>-80.1666037,-5.0974961,0.0</coordinates>
                </Point>
            </Placemark>
            <Placemark id="220">
                <name>CAMPUSANO BALTAZARA PRADO DE</name>
                <description>AMAZONAS 1043 
Chulucanas
Morropón
Piura
Perú</description>
                <styleUrl>#221</styleUrl>
                <Point id="219">
                    <coordinates>-80.1669,-5.09801,0.0</coordinates>
                </Point>
            </Placemark>
            <Placemark id="225">
                <name>JOSHELINDA NADIA FLORES MORAN</name>
                <description>CA AREQUIPA CON PISAGUA
Chulucanas
Morropón
Piura
Perú</description>
                <styleUrl>#226</styleUrl>
                <Point id="224">
                    <coordinates>-80.1680099,-5.0970396,0.0</coordinates>
                </Point>
            </Placemark>
            <Placemark id="230">
                <name>SANTOS REGINA RIVERA SOSA</name>
                <description>JR. PISAGUA NRO. 1240 - CHULUCANAS
Chulucanas
Morropón
Piura
Perú</description>
                <styleUrl>#231</styleUrl>
                <Point id="229">
                    <coordinates>-80.1675374,-5.0967033,0.0</coordinates>
                </Point>
            </Placemark>
            <Placemark id="235">
                <name>ANDRES ALACHE AREVALO</name>
                <description>ANDRES ALACHE AREVALO
JR. LIMA 972 CON LORETO
Chulucanas
Morropón
Piura
Perú</description>
                <styleUrl>#236</styleUrl>
                <Point id="234">
                    <coordinates>-80.1688375,-5.0941291,0.0</coordinates>
                </Point>
            </Placemark>
            <Placemark id="240">
                <name>VENERANDA YARLEQUE DE LOZADA</name>
                <description>AHH CONSUELO DE VELASCO MZ D LOT 15
Chulucanas
Morropón
Piura
Perú</description>
                <styleUrl>#241</styleUrl>
                <Point id="239">
                    <coordinates>-80.16843,-5.09002,0.0</coordinates>
                </Point>
            </Placemark>
            <Placemark id="245">
                <name>ROSA ALDRINA SERNAQUE GARCIA</name>
                <description>AH CONSUELO DE VELASCO MZ I LOT 11
Chulucanas
Morropón
Piura
Perú</description>
                <styleUrl>#246</styleUrl>
                <Point id="244">
                    <coordinates>-80.1686985,-5.0891738,0.0</coordinates>
                </Point>
            </Placemark>
            <Placemark id="250">
                <name>KARINA MARIBEL LITANO CRISANTO</name>
                <description>MZ L LTE 19 CONSUELO DE VELASCO
Chulucanas
Morropón
Piura
Perú</description>
                <styleUrl>#251</styleUrl>
                <Point id="249">
                    <coordinates>-80.170234,-5.0891472,0.0</coordinates>
                </Point>
            </Placemark>
            <Placemark id="255">
                <name>SANCHEZ ALICIA NIMA</name>
                <description>A.H.CONSUELO DE VELASCO MZ.H LTE.27
Chulucanas
Morropón
Piura
Perú</description>
                <styleUrl>#256</styleUrl>
                <Point id="254">
                    <coordinates>-80.1702533,-5.089805,0.0</coordinates>
                </Point>
            </Placemark>
            <Placemark id="260">
                <name>GARCIA MERINO MARIA DEL CARMEN</name>
                <description>GARCIA MERINO MARIA DEL CARMEN
CA.28 DE JULIO MZ B LT 17 AH.A DE C
Chulucanas
Morropón
Piura
Perú</description>
                <styleUrl>#261</styleUrl>
                <Point id="259">
                    <coordinates>-80.1725572,-5.0896499,0.0</coordinates>
                </Point>
            </Placemark>
            <Placemark id="265">
                <name>CHAPOÑAN DOMINGUEZ ROLANDO</name>
                <description>AH CONSUELO DE VELASCO MZ G LOT 14
Chulucanas
Morropón
Piura
Perú</description>
                <styleUrl>#266</styleUrl>
                <Point id="264">
                    <coordinates>-80.1696923,-5.0906004,0.0</coordinates>
                </Point>
            </Placemark>
            <Placemark id="270">
                <name>DANTE IVAN HERNANDEZ PALACIOS</name>
                <description>Mz F lote 14
Chulucanas
Morropón
Piura
Perú</description>
                <styleUrl>#271</styleUrl>
                <Point id="269">
                    <coordinates>-80.1699967,-5.0916662,0.0</coordinates>
                </Point>
            </Placemark>
            <Placemark id="275">
                <name>Fiorella chuica vaca</name>
                <description>Consuelo de velasco
Chulucanas
Morropón
Piura
Perú</description>
                <styleUrl>#276</styleUrl>
                <Point id="274">
                    <coordinates>-80.1702627,-5.092304,0.0</coordinates>
                </Point>
            </Placemark>
            <Placemark id="280">
                <name>VILLASECA ZAPATA NANCY</name>
                <description>Calle Ica 1172
Chulucanas
Morropón
Piura
Perú</description>
                <styleUrl>#281</styleUrl>
                <Point id="279">
                    <coordinates>-80.1697299,-5.094857,0.0</coordinates>
                </Point>
            </Placemark>
            <Placemark id="285">
                <name>LUCIA CHERO JUAREZ</name>
                <description>CA. AREQUIPA N°1201 -CHULUCANAS
Chulucanas
Chulucanas
Piura
Perú</description>
                <styleUrl>#286</styleUrl>
                <Point id="284">
                    <coordinates>-80.1700639,-5.0959555,0.0</coordinates>
                </Point>
            </Placemark>
            <Placemark id="290">
                <name>MARIA ESPERANZA RUIDIAS CORDOVA</name>
                <description>LORETO NÂ°1200 CHULUCANAS ESQUINA A
Chulucanas
Morropón
Piura
Perú</description>
                <styleUrl>#291</styleUrl>
                <Point id="289">
                    <coordinates>-80.1701639,-5.0963554,0.0</coordinates>
                </Point>
            </Placemark>
            <Placemark id="295">
                <name>LEIDY MARIBEL ADANAQUE NAVARRO</name>
                <description>VILLA MERCEDES MZ H LOT 2
Chulucanas
Morropón
Piura
Perú</description>
                <styleUrl>#296</styleUrl>
                <Point id="294">
                    <coordinates>-80.1746571,-5.0968158,0.0</coordinates>
                </Point>
            </Placemark>
            <Placemark id="300">
                <name>PETRONILA CALLE TOCTO</name>
                <description>AV RAMON CASTILLA 1198
Chulucanas
Morropón
Piura
Perú</description>
                <styleUrl>#301</styleUrl>
                <Point id="299">
                    <coordinates>-80.16669,-5.09984,0.0</coordinates>
                </Point>
            </Placemark>
            <Placemark id="305">
                <name>TELLY FRANCISCO GUISANO ORTIZ</name>
                <description>Ramón castilla 122
Chulucanas
Morropón
Piura
Perú</description>
                <styleUrl>#306</styleUrl>
                <Point id="304">
                    <coordinates>-80.1667094,-5.1000701,0.0</coordinates>
                </Point>
            </Placemark>
            <Placemark id="310">
                <name>MARIBEL ROSSANA CHAVEZ SILUPU</name>
                <description>Circunvalación 607
Chulucanas
Morropón
Piura
Perú</description>
                <styleUrl>#311</styleUrl>
                <Point id="309">
                    <coordinates>-80.1726704,-5.0988761,0.0</coordinates>
                </Point>
            </Placemark>
            <Placemark id="315">
                <name>MARIA DEL PILAR RAMOS ANTO</name>
                <description>CA DIEGO FERRE 720
Chulucanas
Morropón
Piura
Perú</description>
                <styleUrl>#316</styleUrl>
                <Point id="314">
                    <coordinates>-80.1724312,-5.0996185,0.0</coordinates>
                </Point>
            </Placemark>
            <Placemark id="320">
                <name>JESSICA PAOLA PINTADO PARRALES</name>
                <description>MZ E LOTE 19 URB VALLE CAMILA CHULUCANAS
Chulucanas
Morropón
Piura
Perú</description>
                <styleUrl>#321</styleUrl>
                <Point id="319">
                    <coordinates>-80.1723749,-5.1011401,0.0</coordinates>
                </Point>
            </Placemark>
            <Placemark id="325">
                <name>MELKY ISAEL SAAVEDRA PEREZ</name>
                <description>Calle villa Camila Mz T lote 12
Chulucanas
Morropón
Piura
Perú</description>
                <styleUrl>#326</styleUrl>
                <Point id="324">
                    <coordinates>-80.1729854,-5.1015708,0.0</coordinates>
                </Point>
            </Placemark>
            <Placemark id="330">
                <name>SAULO SAMUEL NIMA MARQUEZ</name>
                <description>PASAJE SANTA CRUZ S/N
Chulucanas
Morropón
Piura
Perú</description>
                <styleUrl>#331</styleUrl>
                <Point id="329">
                    <coordinates>-80.170348,-5.101064,0.0</coordinates>
                </Point>
            </Placemark>
            <Placemark id="335">
                <name>CORDOVA AGUEDA ESTRADA DE</name>
                <description>PASAJE ZORAIDA CHUMAN 010 - CHULUCANAS
Chulucanas
Morropón
Piura
Perú</description>
                <styleUrl>#336</styleUrl>
                <Point id="334">
                    <coordinates>-80.1700178,-5.101691,0.0</coordinates>
                </Point>
            </Placemark>
            <Placemark id="340">
                <name>MARITZA FABIOLA RAMOS CALDERON</name>
                <description>CA.C.ARELLANO / A.CARRION NUMERO 3CHULUCANAS
Chulucanas
Morropón
Piura
Perú</description>
                <styleUrl>#341</styleUrl>
                <Point id="339">
                    <coordinates>-80.1713253,-5.1028249,0.0</coordinates>
                </Point>
            </Placemark>
            <Placemark id="345">
                <name>LORENZA APONTE DE NUÑEZ</name>
                <description>VATE MANRRIQUE  M Z U LOTE 18
Chulucanas
Morropón
Piura
Perú</description>
                <styleUrl>#346</styleUrl>
                <Point id="344">
                    <coordinates>-80.16884,-5.10209,0.0</coordinates>
                </Point>
            </Placemark>
            <Placemark id="350">
                <name>CLAUDIA ADELA CORDOVA CALLE</name>
                <description>MZ.N LTE.9 VATE MANRIQUE - CHULUCAN
Chulucanas
Morropón
Piura
Perú</description>
                <styleUrl>#351</styleUrl>
                <Point id="349">
                    <coordinates>-80.1720752,-5.1048439,0.0</coordinates>
                </Point>
            </Placemark>
            <Placemark id="355">
                <name>NERY PASAPERA GARCIA</name>
                <description>Nicolás de Piérola mz m1 lote 29
Chulucanas
Morropón
Piura
Perú</description>
                <styleUrl>#356</styleUrl>
                <Point id="354">
                    <coordinates>-80.1720468,-5.1054171,0.0</coordinates>
                </Point>
            </Placemark>
            <Placemark id="360">
                <name>ANGELICA VANESSA BANCES RAMIREZ</name>
                <description>AV. EL RIO 113 CHULUCANAS
Chulucanas
Morropón
Piura
Perú</description>
                <styleUrl>#361</styleUrl>
                <Point id="359">
                    <coordinates>-80.1705464,-5.1066861,0.0</coordinates>
                </Point>
            </Placemark>
            <Placemark id="365">
                <name>MARIA MARQUEZ LITANO</name>
                <description>CA.MANUEL ODRIA MZ G LT 13 AH.VATEMANRIQUE-CHULUC
Chulucanas
Morropón
Piura
Perú</description>
                <styleUrl>#366</styleUrl>
                <Point id="364">
                    <coordinates>-80.1701955,-5.1051637,0.0</coordinates>
                </Point>
            </Placemark>
            <Placemark id="370">
                <name>GRABIELA GOMEZ LOPEZ</name>
                <description>GRABIELA GOMEZ LOPEZ
MZ. H LT - 1 VATE MANRIQUE CHULUCAN
Chulucanas
Morropón
Piura
Perú</description>
                <styleUrl>#371</styleUrl>
                <Point id="369">
                    <coordinates>-80.1702313,-5.1052654,0.0</coordinates>
                </Point>
            </Placemark>
            <Placemark id="375">
                <name>NELLY DUQUE CARMEN</name>
                <description>Mz B lote 8 ah vate Manrique
Chulucanas
Morropón
Piura
Perú</description>
                <styleUrl>#376</styleUrl>
                <Point id="374">
                    <coordinates>-80.1693666,-5.1051084,0.0</coordinates>
                </Point>
            </Placemark>
        </Folder>
        <Folder id="379">
            <Style id="382">
                <IconStyle id="383">
                    <color>ff008000</color>
                    <colorMode>normal</colorMode>
                    <scale>1</scale>
                    <heading>0</heading>
                    <Icon id="384">
                        <href>http://maps.google.com/mapfiles/kml/pushpin/ylw-pushpin.png</href>
                    </Icon>
                </IconStyle>
            </Style>
            <Style id="387">
                <IconStyle id="388">
                    <color>ff008000</color>
                    <colorMode>normal</colorMode>
                    <scale>1</scale>
                    <heading>0</heading>
                    <Icon id="389">
                        <href>http://maps.google.com/mapfiles/kml/pushpin/ylw-pushpin.png</href>
                    </Icon>
                </IconStyle>
            </Style>
            <Style id="392">
                <IconStyle id="393">
                    <color>ff008000</color>
                    <colorMode>normal</colorMode>
                    <scale>1</scale>
                    <heading>0</heading>
                    <Icon id="394">
                        <href>http://maps.google.com/mapfiles/kml/pushpin/ylw-pushpin.png</href>
                    </Icon>
                </IconStyle>
            </Style>
            <Style id="397">
                <IconStyle id="398">
                    <color>ff008000</color>
                    <colorMode>normal</colorMode>
                    <scale>1</scale>
                    <heading>0</heading>
                    <Icon id="399">
                        <href>http://maps.google.com/mapfiles/kml/pushpin/ylw-pushpin.png</href>
                    </Icon>
                </IconStyle>
            </Style>
            <Style id="402">
                <IconStyle id="403">
                    <color>ff008000</color>
                    <colorMode>normal</colorMode>
                    <scale>1</scale>
                    <heading>0</heading>
                    <Icon id="404">
                        <href>http://maps.google.com/mapfiles/kml/pushpin/ylw-pushpin.png</href>
                    </Icon>
                </IconStyle>
            </Style>
            <Style id="407">
                <IconStyle id="408">
                    <color>ff008000</color>
                    <colorMode>normal</colorMode>
                    <scale>1</scale>
                    <heading>0</heading>
                    <Icon id="409">
                        <href>http://maps.google.com/mapfiles/kml/pushpin/ylw-pushpin.png</href>
                    </Icon>
                </IconStyle>
            </Style>
            <Style id="412">
                <IconStyle id="413">
                    <color>ff008000</color>
                    <colorMode>normal</colorMode>
                    <scale>1</scale>
                    <heading>0</heading>
                    <Icon id="414">
                        <href>http://maps.google.com/mapfiles/kml/pushpin/ylw-pushpin.png</href>
                    </Icon>
                </IconStyle>
            </Style>
            <Style id="417">
                <IconStyle id="418">
                    <color>ff008000</color>
                    <colorMode>normal</colorMode>
                    <scale>1</scale>
                    <heading>0</heading>
                    <Icon id="419">
                        <href>http://maps.google.com/mapfiles/kml/pushpin/ylw-pushpin.png</href>
                    </Icon>
                </IconStyle>
            </Style>
            <Style id="422">
                <IconStyle id="423">
                    <color>ff008000</color>
                    <colorMode>normal</colorMode>
                    <scale>1</scale>
                    <heading>0</heading>
                    <Icon id="424">
                        <href>http://maps.google.com/mapfiles/kml/pushpin/ylw-pushpin.png</href>
                    </Icon>
                </IconStyle>
            </Style>
            <Style id="427">
                <IconStyle id="428">
                    <color>ff008000</color>
                    <colorMode>normal</colorMode>
                    <scale>1</scale>
                    <heading>0</heading>
                    <Icon id="429">
                        <href>http://maps.google.com/mapfiles/kml/pushpin/ylw-pushpin.png</href>
                    </Icon>
                </IconStyle>
            </Style>
            <Style id="432">
                <IconStyle id="433">
                    <color>ff008000</color>
                    <colorMode>normal</colorMode>
                    <scale>1</scale>
                    <heading>0</heading>
                    <Icon id="434">
                        <href>http://maps.google.com/mapfiles/kml/pushpin/ylw-pushpin.png</href>
                    </Icon>
                </IconStyle>
            </Style>
            <Style id="437">
                <IconStyle id="438">
                    <color>ff008000</color>
                    <colorMode>normal</colorMode>
                    <scale>1</scale>
                    <heading>0</heading>
                    <Icon id="439">
                        <href>http://maps.google.com/mapfiles/kml/pushpin/ylw-pushpin.png</href>
                    </Icon>
                </IconStyle>
            </Style>
            <Style id="442">
                <IconStyle id="443">
                    <color>ff008000</color>
                    <colorMode>normal</colorMode>
                    <scale>1</scale>
                    <heading>0</heading>
                    <Icon id="444">
                        <href>http://maps.google.com/mapfiles/kml/pushpin/ylw-pushpin.png</href>
                    </Icon>
                </IconStyle>
            </Style>
            <Style id="447">
                <IconStyle id="448">
                    <color>ff008000</color>
                    <colorMode>normal</colorMode>
                    <scale>1</scale>
                    <heading>0</heading>
                    <Icon id="449">
                        <href>http://maps.google.com/mapfiles/kml/pushpin/ylw-pushpin.png</href>
                    </Icon>
                </IconStyle>
            </Style>
            <Style id="452">
                <IconStyle id="453">
                    <color>ff008000</color>
                    <colorMode>normal</colorMode>
                    <scale>1</scale>
                    <heading>0</heading>
                    <Icon id="454">
                        <href>http://maps.google.com/mapfiles/kml/pushpin/ylw-pushpin.png</href>
                    </Icon>
                </IconStyle>
            </Style>
            <Style id="457">
                <IconStyle id="458">
                    <color>ff008000</color>
                    <colorMode>normal</colorMode>
                    <scale>1</scale>
                    <heading>0</heading>
                    <Icon id="459">
                        <href>http://maps.google.com/mapfiles/kml/pushpin/ylw-pushpin.png</href>
                    </Icon>
                </IconStyle>
            </Style>
            <Style id="462">
                <IconStyle id="463">
                    <color>ff008000</color>
                    <colorMode>normal</colorMode>
                    <scale>1</scale>
                    <heading>0</heading>
                    <Icon id="464">
                        <href>http://maps.google.com/mapfiles/kml/pushpin/ylw-pushpin.png</href>
                    </Icon>
                </IconStyle>
            </Style>
            <Style id="467">
                <IconStyle id="468">
                    <color>ff008000</color>
                    <colorMode>normal</colorMode>
                    <scale>1</scale>
                    <heading>0</heading>
                    <Icon id="469">
                        <href>http://maps.google.com/mapfiles/kml/pushpin/ylw-pushpin.png</href>
                    </Icon>
                </IconStyle>
            </Style>
            <Style id="472">
                <IconStyle id="473">
                    <color>ff008000</color>
                    <colorMode>normal</colorMode>
                    <scale>1</scale>
                    <heading>0</heading>
                    <Icon id="474">
                        <href>http://maps.google.com/mapfiles/kml/pushpin/ylw-pushpin.png</href>
                    </Icon>
                </IconStyle>
            </Style>
            <Style id="477">
                <IconStyle id="478">
                    <color>ff008000</color>
                    <colorMode>normal</colorMode>
                    <scale>1</scale>
                    <heading>0</heading>
                    <Icon id="479">
                        <href>http://maps.google.com/mapfiles/kml/pushpin/ylw-pushpin.png</href>
                    </Icon>
                </IconStyle>
            </Style>
            <Style id="482">
                <IconStyle id="483">
                    <color>ff008000</color>
                    <colorMode>normal</colorMode>
                    <scale>1</scale>
                    <heading>0</heading>
                    <Icon id="484">
                        <href>http://maps.google.com/mapfiles/kml/pushpin/ylw-pushpin.png</href>
                    </Icon>
                </IconStyle>
            </Style>
            <Style id="487">
                <IconStyle id="488">
                    <color>ff008000</color>
                    <colorMode>normal</colorMode>
                    <scale>1</scale>
                    <heading>0</heading>
                    <Icon id="489">
                        <href>http://maps.google.com/mapfiles/kml/pushpin/ylw-pushpin.png</href>
                    </Icon>
                </IconStyle>
            </Style>
            <Style id="492">
                <IconStyle id="493">
                    <color>ff008000</color>
                    <colorMode>normal</colorMode>
                    <scale>1</scale>
                    <heading>0</heading>
                    <Icon id="494">
                        <href>http://maps.google.com/mapfiles/kml/pushpin/ylw-pushpin.png</href>
                    </Icon>
                </IconStyle>
            </Style>
            <Style id="497">
                <IconStyle id="498">
                    <color>ff008000</color>
                    <colorMode>normal</colorMode>
                    <scale>1</scale>
                    <heading>0</heading>
                    <Icon id="499">
                        <href>http://maps.google.com/mapfiles/kml/pushpin/ylw-pushpin.png</href>
                    </Icon>
                </IconStyle>
            </Style>
            <Style id="502">
                <IconStyle id="503">
                    <color>ff008000</color>
                    <colorMode>normal</colorMode>
                    <scale>1</scale>
                    <heading>0</heading>
                    <Icon id="504">
                        <href>http://maps.google.com/mapfiles/kml/pushpin/ylw-pushpin.png</href>
                    </Icon>
                </IconStyle>
            </Style>
            <Style id="507">
                <IconStyle id="508">
                    <color>ff008000</color>
                    <colorMode>normal</colorMode>
                    <scale>1</scale>
                    <heading>0</heading>
                    <Icon id="509">
                        <href>http://maps.google.com/mapfiles/kml/pushpin/ylw-pushpin.png</href>
                    </Icon>
                </IconStyle>
            </Style>
            <Style id="512">
                <IconStyle id="513">
                    <color>ff008000</color>
                    <colorMode>normal</colorMode>
                    <scale>1</scale>
                    <heading>0</heading>
                    <Icon id="514">
                        <href>http://maps.google.com/mapfiles/kml/pushpin/ylw-pushpin.png</href>
                    </Icon>
                </IconStyle>
            </Style>
            <Style id="517">
                <IconStyle id="518">
                    <color>ff008000</color>
                    <colorMode>normal</colorMode>
                    <scale>1</scale>
                    <heading>0</heading>
                    <Icon id="519">
                        <href>http://maps.google.com/mapfiles/kml/pushpin/ylw-pushpin.png</href>
                    </Icon>
                </IconStyle>
            </Style>
            <Style id="522">
                <IconStyle id="523">
                    <color>ff008000</color>
                    <colorMode>normal</colorMode>
                    <scale>1</scale>
                    <heading>0</heading>
                    <Icon id="524">
                        <href>http://maps.google.com/mapfiles/kml/pushpin/ylw-pushpin.png</href>
                    </Icon>
                </IconStyle>
            </Style>
            <Style id="527">
                <IconStyle id="528">
                    <color>ff008000</color>
                    <colorMode>normal</colorMode>
                    <scale>1</scale>
                    <heading>0</heading>
                    <Icon id="529">
                        <href>http://maps.google.com/mapfiles/kml/pushpin/ylw-pushpin.png</href>
                    </Icon>
                </IconStyle>
            </Style>
            <Style id="532">
                <IconStyle id="533">
                    <color>ff008000</color>
                    <colorMode>normal</colorMode>
                    <scale>1</scale>
                    <heading>0</heading>
                    <Icon id="534">
                        <href>http://maps.google.com/mapfiles/kml/pushpin/ylw-pushpin.png</href>
                    </Icon>
                </IconStyle>
            </Style>
            <Style id="537">
                <IconStyle id="538">
                    <color>ff008000</color>
                    <colorMode>normal</colorMode>
                    <scale>1</scale>
                    <heading>0</heading>
                    <Icon id="539">
                        <href>http://maps.google.com/mapfiles/kml/pushpin/ylw-pushpin.png</href>
                    </Icon>
                </IconStyle>
            </Style>
            <Style id="542">
                <IconStyle id="543">
                    <color>ff008000</color>
                    <colorMode>normal</colorMode>
                    <scale>1</scale>
                    <heading>0</heading>
                    <Icon id="544">
                        <href>http://maps.google.com/mapfiles/kml/pushpin/ylw-pushpin.png</href>
                    </Icon>
                </IconStyle>
            </Style>
            <Style id="547">
                <IconStyle id="548">
                    <color>ff008000</color>
                    <colorMode>normal</colorMode>
                    <scale>1</scale>
                    <heading>0</heading>
                    <Icon id="549">
                        <href>http://maps.google.com/mapfiles/kml/pushpin/ylw-pushpin.png</href>
                    </Icon>
                </IconStyle>
            </Style>
            <Style id="552">
                <IconStyle id="553">
                    <color>ff008000</color>
                    <colorMode>normal</colorMode>
                    <scale>1</scale>
                    <heading>0</heading>
                    <Icon id="554">
                        <href>http://maps.google.com/mapfiles/kml/pushpin/ylw-pushpin.png</href>
                    </Icon>
                </IconStyle>
            </Style>
            <Style id="557">
                <IconStyle id="558">
                    <color>ff008000</color>
                    <colorMode>normal</colorMode>
                    <scale>1</scale>
                    <heading>0</heading>
                    <Icon id="559">
                        <href>http://maps.google.com/mapfiles/kml/pushpin/ylw-pushpin.png</href>
                    </Icon>
                </IconStyle>
            </Style>
            <Style id="562">
                <IconStyle id="563">
                    <color>ff008000</color>
                    <colorMode>normal</colorMode>
                    <scale>1</scale>
                    <heading>0</heading>
                    <Icon id="564">
                        <href>http://maps.google.com/mapfiles/kml/pushpin/ylw-pushpin.png</href>
                    </Icon>
                </IconStyle>
            </Style>
            <Style id="567">
                <IconStyle id="568">
                    <color>ff008000</color>
                    <colorMode>normal</colorMode>
                    <scale>1</scale>
                    <heading>0</heading>
                    <Icon id="569">
                        <href>http://maps.google.com/mapfiles/kml/pushpin/ylw-pushpin.png</href>
                    </Icon>
                </IconStyle>
            </Style>
            <name>CINTHYA FABIOLA CASTRO FARIAS</name>
            <Placemark id="381">
                <name>JACINTA MAXVELI FARIAS CRUZ</name>
                <description>José Abelardo Quiñones B-43 espaldas del colegio señor de los Milagros
Talara
Talara
Piura
Perú</description>
                <styleUrl>#382</styleUrl>
                <Point id="380">
                    <coordinates>-81.2541203,-4.5955657,0.0</coordinates>
                </Point>
            </Placemark>
            <Placemark id="386">
                <name>JACINTA MAXVELI FARIAS CRUZ</name>
                <description>José Abelardo Quiñones B-43 espaldas del colegio señor de los Milagros
Talara
Talara
Piura
Perú</description>
                <styleUrl>#387</styleUrl>
                <Point id="385">
                    <coordinates>-81.2541203,-4.5955657,0.0</coordinates>
                </Point>
            </Placemark>
            <Placemark id="391">
                <name>ISABEL PIERINA PEÑA VILLANTOY</name>
                <description>Frente a EPS Grau Kiosco naranja
Pariñas
Pariñas
Piura
Perú</description>
                <styleUrl>#392</styleUrl>
                <Point id="390">
                    <coordinates>-81.2788955,-4.5769219,0.0</coordinates>
                </Point>
            </Placemark>
            <Placemark id="396">
                <name>ANDREA INFANTE PEÑA DE ALBAN</name>
                <description>AH SAN JUDAS TADEO F-14
Talara
Talara
Piura
Perú</description>
                <styleUrl>#397</styleUrl>
                <Point id="395">
                    <coordinates>-81.2733487,-4.5670238,0.0</coordinates>
                </Point>
            </Placemark>
            <Placemark id="401">
                <name>LETICIA PERICHE FIESTAS</name>
                <description>Las Peñitas Q-31
Pariñas
Pariñas
Piura
Perú</description>
                <styleUrl>#402</styleUrl>
                <Point id="400">
                    <coordinates>-81.2779645,-4.5535884,0.0</coordinates>
                </Point>
            </Placemark>
            <Placemark id="406">
                <name>HEYDE LORENA CASTILLO GONZALES</name>
                <description>URB.POPULAR G-9.
Talara
Talara
Piura
Perú</description>
                <styleUrl>#407</styleUrl>
                <Point id="405">
                    <coordinates>-81.2555552,-4.5840614,0.0</coordinates>
                </Point>
            </Placemark>
            <Placemark id="411">
                <name>MARIA VALENTINA JULCAHUANCA DE VALIENTE</name>
                <description>Los pinos  B -10 2da etapa
Pariñas
Talara
Piura
Perú</description>
                <styleUrl>#412</styleUrl>
                <Point id="410">
                    <coordinates>-81.2581017,-4.583494,0.0</coordinates>
                </Point>
            </Placemark>
            <Placemark id="416">
                <name>JADIR FABRICIO CHERO CASTILLO</name>
                <description>Mercado Acapulco  talara puesto número 3 referencia por los servicios higiénicos
Talara
Talara
Piura
Perú</description>
                <styleUrl>#417</styleUrl>
                <Point id="415">
                    <coordinates>-81.2732152,-4.5727869,0.0</coordinates>
                </Point>
            </Placemark>
            <Placemark id="421">
                <name>ELIZABETH GARCIA CASTILLO</name>
                <description>A-12 AH LUCY VILLANUEVA TALARA
Talara
Talara
Piura
Perú</description>
                <styleUrl>#422</styleUrl>
                <Point id="420">
                    <coordinates>-81.2729967,-4.5695699,0.0</coordinates>
                </Point>
            </Placemark>
            <Placemark id="426">
                <name>SAIRE CANALES JORGE LUIS</name>
                <description>L.VILLANUEVA MZ. C Lt.23 TALA
Talara
Talara
Piura
Perú</description>
                <styleUrl>#427</styleUrl>
                <Point id="425">
                    <coordinates>-81.2723,-4.570083,0.0</coordinates>
                </Point>
            </Placemark>
            <Placemark id="431">
                <name>MONICA CORREA CHUNGA</name>
                <description>A.H.LUCY DE VIILLANUEVA B-34
Talara
Talara
Piura
Perú</description>
                <styleUrl>#432</styleUrl>
                <Point id="430">
                    <coordinates>-81.2730364,-4.5695823,0.0</coordinates>
                </Point>
            </Placemark>
            <Placemark id="436">
                <name>ESTANISLAO JIMENEZ JULCA</name>
                <description>Mercado Acapulco 2 puerta
Pariñas
Pariñas
Piura
Perú</description>
                <styleUrl>#437</styleUrl>
                <Point id="435">
                    <coordinates>-81.2732817,-4.5728234,0.0</coordinates>
                </Point>
            </Placemark>
            <Placemark id="441">
                <name>MARY CARMEN LOPEZ CASTILLO</name>
                <description>A.H.LUCY VILLANUEVA MZ.D LT.12
Talara
Talara
Piura
Perú</description>
                <styleUrl>#442</styleUrl>
                <Point id="440">
                    <coordinates>-81.272611,-4.5707546,0.0</coordinates>
                </Point>
            </Placemark>
            <Placemark id="446">
                <name>MARIA DEL PILAR CORDOVA DE LIZAMA</name>
                <description>AAHH LUCY DE VILLANUEVA B-15 TALARA
Talara
Talara
Piura
Perú</description>
                <styleUrl>#447</styleUrl>
                <Point id="445">
                    <coordinates>-81.2728261,-4.5700266,0.0</coordinates>
                </Point>
            </Placemark>
            <Placemark id="451">
                <name>CRUZ GUZMAN MIRIAM YANNET</name>
                <description>CRUZ GUZMAN MIRIAM YANNET
A.H.LUCY DE VILLANU MZ.A LT.28
Talara
Talara
Piura
Perú</description>
                <styleUrl>#452</styleUrl>
                <Point id="450">
                    <coordinates>-81.2734176,-4.5693536,0.0</coordinates>
                </Point>
            </Placemark>
            <Placemark id="456">
                <name>CARMITA PAOLA BURGOS ADRIANZEN</name>
                <description>A.H.JOSE OLAYA  MZ.B LT.11
Talara
Talara
Piura
Perú</description>
                <styleUrl>#457</styleUrl>
                <Point id="455">
                    <coordinates>-81.2713227,-4.568426,0.0</coordinates>
                </Point>
            </Placemark>
            <Placemark id="461">
                <name>JENNY YESENIA PEÑA PERICHE DE VALDIVIEZO</name>
                <description>CA.SAN JUDAS TADEO N5-PARIÑAS
Talara
Talara
Piura
Perú</description>
                <styleUrl>#462</styleUrl>
                <Point id="460">
                    <coordinates>-81.2726729,-4.5679508,0.0</coordinates>
                </Point>
            </Placemark>
            <Placemark id="466">
                <name>MARIA SANTOS ALVAREZ ANTON</name>
                <description>M-7 AH SAN JUDAS TADEO TALARA
Talara
Talara
Piura
Perú</description>
                <styleUrl>#467</styleUrl>
                <Point id="465">
                    <coordinates>-81.2723104,-4.5675158,0.0</coordinates>
                </Point>
            </Placemark>
            <Placemark id="471">
                <name>TEMPLE AVILA LUZ FERNANDA</name>
                <description>A.H.SAN JUDAS TADEO I-13
Talara
Talara
Piura
Perú</description>
                <styleUrl>#472</styleUrl>
                <Point id="470">
                    <coordinates>-81.272467,-4.5669415,0.0</coordinates>
                </Point>
            </Placemark>
            <Placemark id="476">
                <name>JUANA YESENIA JARA YARLEQUE</name>
                <description>AA.HH El Pescador A-04 parte posterior san judas
Talara
Talara
Piura
Perú</description>
                <styleUrl>#477</styleUrl>
                <Point id="475">
                    <coordinates>-81.2718896,-4.5664475,0.0</coordinates>
                </Point>
            </Placemark>
            <Placemark id="481">
                <name>MILDER YOANA SANTOS SOLANO</name>
                <description>AAHH SAN JUDAS J-02
Talara
Talara
Piura
Perú</description>
                <styleUrl>#482</styleUrl>
                <Point id="480">
                    <coordinates>-81.2724887,-4.5667051,0.0</coordinates>
                </Point>
            </Placemark>
            <Placemark id="486">
                <name>HILDA GRACIELA ESTRADA LUNA</name>
                <description>A.H.SAN JUDAS TADEO A-06
Talara
Talara
Piura
Perú</description>
                <styleUrl>#487</styleUrl>
                <Point id="485">
                    <coordinates>-81.2742233,-4.5669381,0.0</coordinates>
                </Point>
            </Placemark>
            <Placemark id="491">
                <name>NAVARRO PALOMINO TOMASA</name>
                <description>NAVARRO PALOMINO TOMASA
AHH  San Judas A-10
Talara
Talara
Piura
Perú</description>
                <styleUrl>#492</styleUrl>
                <Point id="490">
                    <coordinates>-81.2740762,-4.5671135,0.0</coordinates>
                </Point>
            </Placemark>
            <Placemark id="496">
                <name>YESSICA MERCEDES MORAN NIZAMA</name>
                <description>San Judas F-6
Pariñas
Pariñas
Piura
Perú</description>
                <styleUrl>#497</styleUrl>
                <Point id="495">
                    <coordinates>-81.2740793,-4.5677277,0.0</coordinates>
                </Point>
            </Placemark>
            <Placemark id="501">
                <name>JESSICA ZENAIDA JUAREZ LITANO</name>
                <description>A.H.LAS MERCEDES  MZ.B LT.02
Talara
Talara
Piura
Perú</description>
                <styleUrl>#502</styleUrl>
                <Point id="500">
                    <coordinates>-81.2719853,-4.5654909,0.0</coordinates>
                </Point>
            </Placemark>
            <Placemark id="506">
                <name>LOURDES MARLENY PAZOS VILCHEZ</name>
                <description>AAHH VISTA AL MAR B-8
Talara
Talara
Piura
Perú</description>
                <styleUrl>#507</styleUrl>
                <Point id="505">
                    <coordinates>-81.2715039,-4.5648696,0.0</coordinates>
                </Point>
            </Placemark>
            <Placemark id="511">
                <name>VILMA MILAGROS CASTILLO PALACIOS</name>
                <description>AAHH VISTA AL MAR B-06
Talara
Talara
Piura
Perú</description>
                <styleUrl>#512</styleUrl>
                <Point id="510">
                    <coordinates>-81.2724897,-4.5630034,0.0</coordinates>
                </Point>
            </Placemark>
            <Placemark id="516">
                <name>MARIA ROXANA ECA PANTA</name>
                <description>Vista al mar I-4
Talara
Talara
Piura
Perú</description>
                <styleUrl>#517</styleUrl>
                <Point id="515">
                    <coordinates>-81.270676,-4.564895,0.0</coordinates>
                </Point>
            </Placemark>
            <Placemark id="521">
                <name>CECILIA RONDOY CORDOBA</name>
                <description>F-02 AH LAS MERCEDES TALARA
Talara
Talara
Piura
Perú</description>
                <styleUrl>#522</styleUrl>
                <Point id="520">
                    <coordinates>-81.2713336,-4.5647435,0.0</coordinates>
                </Point>
            </Placemark>
            <Placemark id="526">
                <name>BETZY ELIZABETH RAMIREZ LLENQUE</name>
                <description>Las Mercedes A-50
Talara
Talara
Piura
Perú</description>
                <styleUrl>#527</styleUrl>
                <Point id="525">
                    <coordinates>-81.272548,-4.565311,0.0</coordinates>
                </Point>
            </Placemark>
            <Placemark id="531">
                <name>MARIA FE VÁZQUEZ LAMADRID</name>
                <description>AAHH SANTA ROSA E-07
Talara
Talara
Piura
Perú</description>
                <styleUrl>#532</styleUrl>
                <Point id="530">
                    <coordinates>-81.2742453,-4.555941,0.0</coordinates>
                </Point>
            </Placemark>
            <Placemark id="536">
                <name>MERCEDES RAMIREZ PANTA</name>
                <description>A.H.SANTA ROSA MZ.D LT.3
Talara
Talara
Piura
Perú</description>
                <styleUrl>#537</styleUrl>
                <Point id="535">
                    <coordinates>-81.2746032,-4.5564904,0.0</coordinates>
                </Point>
            </Placemark>
            <Placemark id="541">
                <name>MARIA MAGDALEN LEQUERNAQUE MARTINEZ</name>
                <description>MZA. J LOTE. 05 A.H. LAS PEÑITAS -
Talara
Talara
Piura
Perú</description>
                <styleUrl>#542</styleUrl>
                <Point id="540">
                    <coordinates>-81.2757832,-4.5552961,0.0</coordinates>
                </Point>
            </Placemark>
            <Placemark id="546">
                <name>YULIANA LISBETH MARTINEZ RODRIGUEZ</name>
                <description>AAHH LAS PEÑITAS C-21
Talara
Talara
Piura
Perú</description>
                <styleUrl>#547</styleUrl>
                <Point id="545">
                    <coordinates>-81.2765889,-4.5546872,0.0</coordinates>
                </Point>
            </Placemark>
            <Placemark id="551">
                <name>ELSA GUZMAN RUIZ</name>
                <description>VILLA LAS PEÑITAS A-1
Talara
Talara
Piura
Perú</description>
                <styleUrl>#552</styleUrl>
                <Point id="550">
                    <coordinates>-81.2773633,-4.5547709,0.0</coordinates>
                </Point>
            </Placemark>
            <Placemark id="556">
                <name>SHIRLEY LISBETH PAZOS MEDINA</name>
                <description>Las peñitas F 08 b
Talara

Piura
Perú</description>
                <styleUrl>#557</styleUrl>
                <Point id="555">
                    <coordinates>-81.276974,-4.554476,0.0</coordinates>
                </Point>
            </Placemark>
            <Placemark id="561">
                <name>TAMARA NICOL RUMICHE VENEGAS</name>
                <description>AAHH LAS PEÑITAS Ñ-12
Talara
Talara
Piura
Perú</description>
                <styleUrl>#562</styleUrl>
                <Point id="560">
                    <coordinates>-81.277497,-4.5536073,0.0</coordinates>
                </Point>
            </Placemark>
            <Placemark id="566">
                <name>NABIA LIZBETH FIESTAS RUGEL</name>
                <description>Las Peñitas E-16
Pariñas
Pariñas
Piura
Perú</description>
                <styleUrl>#567</styleUrl>
                <Point id="565">
                    <coordinates>-81.2777927,-4.5541999,0.0</coordinates>
                </Point>
            </Placemark>
        </Folder>
        <Folder id="570">
            <Style id="573">
                <IconStyle id="574">
                    <color>ff800080</color>
                    <colorMode>normal</colorMode>
                    <scale>1</scale>
                    <heading>0</heading>
                    <Icon id="575">
                        <href>http://maps.google.com/mapfiles/kml/pushpin/ylw-pushpin.png</href>
                    </Icon>
                </IconStyle>
            </Style>
            <Style id="578">
                <IconStyle id="579">
                    <color>ff800080</color>
                    <colorMode>normal</colorMode>
                    <scale>1</scale>
                    <heading>0</heading>
                    <Icon id="580">
                        <href>http://maps.google.com/mapfiles/kml/pushpin/ylw-pushpin.png</href>
                    </Icon>
                </IconStyle>
            </Style>
            <Style id="583">
                <IconStyle id="584">
                    <color>ff800080</color>
                    <colorMode>normal</colorMode>
                    <scale>1</scale>
                    <heading>0</heading>
                    <Icon id="585">
                        <href>http://maps.google.com/mapfiles/kml/pushpin/ylw-pushpin.png</href>
                    </Icon>
                </IconStyle>
            </Style>
            <Style id="588">
                <IconStyle id="589">
                    <color>ff800080</color>
                    <colorMode>normal</colorMode>
                    <scale>1</scale>
                    <heading>0</heading>
                    <Icon id="590">
                        <href>http://maps.google.com/mapfiles/kml/pushpin/ylw-pushpin.png</href>
                    </Icon>
                </IconStyle>
            </Style>
            <Style id="593">
                <IconStyle id="594">
                    <color>ff800080</color>
                    <colorMode>normal</colorMode>
                    <scale>1</scale>
                    <heading>0</heading>
                    <Icon id="595">
                        <href>http://maps.google.com/mapfiles/kml/pushpin/ylw-pushpin.png</href>
                    </Icon>
                </IconStyle>
            </Style>
            <Style id="598">
                <IconStyle id="599">
                    <color>ff800080</color>
                    <colorMode>normal</colorMode>
                    <scale>1</scale>
                    <heading>0</heading>
                    <Icon id="600">
                        <href>http://maps.google.com/mapfiles/kml/pushpin/ylw-pushpin.png</href>
                    </Icon>
                </IconStyle>
            </Style>
            <Style id="603">
                <IconStyle id="604">
                    <color>ff800080</color>
                    <colorMode>normal</colorMode>
                    <scale>1</scale>
                    <heading>0</heading>
                    <Icon id="605">
                        <href>http://maps.google.com/mapfiles/kml/pushpin/ylw-pushpin.png</href>
                    </Icon>
                </IconStyle>
            </Style>
            <Style id="608">
                <IconStyle id="609">
                    <color>ff800080</color>
                    <colorMode>normal</colorMode>
                    <scale>1</scale>
                    <heading>0</heading>
                    <Icon id="610">
                        <href>http://maps.google.com/mapfiles/kml/pushpin/ylw-pushpin.png</href>
                    </Icon>
                </IconStyle>
            </Style>
            <Style id="613">
                <IconStyle id="614">
                    <color>ff800080</color>
                    <colorMode>normal</colorMode>
                    <scale>1</scale>
                    <heading>0</heading>
                    <Icon id="615">
                        <href>http://maps.google.com/mapfiles/kml/pushpin/ylw-pushpin.png</href>
                    </Icon>
                </IconStyle>
            </Style>
            <Style id="618">
                <IconStyle id="619">
                    <color>ff800080</color>
                    <colorMode>normal</colorMode>
                    <scale>1</scale>
                    <heading>0</heading>
                    <Icon id="620">
                        <href>http://maps.google.com/mapfiles/kml/pushpin/ylw-pushpin.png</href>
                    </Icon>
                </IconStyle>
            </Style>
            <Style id="623">
                <IconStyle id="624">
                    <color>ff800080</color>
                    <colorMode>normal</colorMode>
                    <scale>1</scale>
                    <heading>0</heading>
                    <Icon id="625">
                        <href>http://maps.google.com/mapfiles/kml/pushpin/ylw-pushpin.png</href>
                    </Icon>
                </IconStyle>
            </Style>
            <Style id="628">
                <IconStyle id="629">
                    <color>ff800080</color>
                    <colorMode>normal</colorMode>
                    <scale>1</scale>
                    <heading>0</heading>
                    <Icon id="630">
                        <href>http://maps.google.com/mapfiles/kml/pushpin/ylw-pushpin.png</href>
                    </Icon>
                </IconStyle>
            </Style>
            <Style id="633">
                <IconStyle id="634">
                    <color>ff800080</color>
                    <colorMode>normal</colorMode>
                    <scale>1</scale>
                    <heading>0</heading>
                    <Icon id="635">
                        <href>http://maps.google.com/mapfiles/kml/pushpin/ylw-pushpin.png</href>
                    </Icon>
                </IconStyle>
            </Style>
            <Style id="638">
                <IconStyle id="639">
                    <color>ff800080</color>
                    <colorMode>normal</colorMode>
                    <scale>1</scale>
                    <heading>0</heading>
                    <Icon id="640">
                        <href>http://maps.google.com/mapfiles/kml/pushpin/ylw-pushpin.png</href>
                    </Icon>
                </IconStyle>
            </Style>
            <Style id="643">
                <IconStyle id="644">
                    <color>ff800080</color>
                    <colorMode>normal</colorMode>
                    <scale>1</scale>
                    <heading>0</heading>
                    <Icon id="645">
                        <href>http://maps.google.com/mapfiles/kml/pushpin/ylw-pushpin.png</href>
                    </Icon>
                </IconStyle>
            </Style>
            <Style id="648">
                <IconStyle id="649">
                    <color>ff800080</color>
                    <colorMode>normal</colorMode>
                    <scale>1</scale>
                    <heading>0</heading>
                    <Icon id="650">
                        <href>http://maps.google.com/mapfiles/kml/pushpin/ylw-pushpin.png</href>
                    </Icon>
                </IconStyle>
            </Style>
            <Style id="653">
                <IconStyle id="654">
                    <color>ff800080</color>
                    <colorMode>normal</colorMode>
                    <scale>1</scale>
                    <heading>0</heading>
                    <Icon id="655">
                        <href>http://maps.google.com/mapfiles/kml/pushpin/ylw-pushpin.png</href>
                    </Icon>
                </IconStyle>
            </Style>
            <Style id="658">
                <IconStyle id="659">
                    <color>ff800080</color>
                    <colorMode>normal</colorMode>
                    <scale>1</scale>
                    <heading>0</heading>
                    <Icon id="660">
                        <href>http://maps.google.com/mapfiles/kml/pushpin/ylw-pushpin.png</href>
                    </Icon>
                </IconStyle>
            </Style>
            <Style id="663">
                <IconStyle id="664">
                    <color>ff800080</color>
                    <colorMode>normal</colorMode>
                    <scale>1</scale>
                    <heading>0</heading>
                    <Icon id="665">
                        <href>http://maps.google.com/mapfiles/kml/pushpin/ylw-pushpin.png</href>
                    </Icon>
                </IconStyle>
            </Style>
            <Style id="668">
                <IconStyle id="669">
                    <color>ff800080</color>
                    <colorMode>normal</colorMode>
                    <scale>1</scale>
                    <heading>0</heading>
                    <Icon id="670">
                        <href>http://maps.google.com/mapfiles/kml/pushpin/ylw-pushpin.png</href>
                    </Icon>
                </IconStyle>
            </Style>
            <Style id="673">
                <IconStyle id="674">
                    <color>ff800080</color>
                    <colorMode>normal</colorMode>
                    <scale>1</scale>
                    <heading>0</heading>
                    <Icon id="675">
                        <href>http://maps.google.com/mapfiles/kml/pushpin/ylw-pushpin.png</href>
                    </Icon>
                </IconStyle>
            </Style>
            <Style id="678">
                <IconStyle id="679">
                    <color>ff800080</color>
                    <colorMode>normal</colorMode>
                    <scale>1</scale>
                    <heading>0</heading>
                    <Icon id="680">
                        <href>http://maps.google.com/mapfiles/kml/pushpin/ylw-pushpin.png</href>
                    </Icon>
                </IconStyle>
            </Style>
            <Style id="683">
                <IconStyle id="684">
                    <color>ff800080</color>
                    <colorMode>normal</colorMode>
                    <scale>1</scale>
                    <heading>0</heading>
                    <Icon id="685">
                        <href>http://maps.google.com/mapfiles/kml/pushpin/ylw-pushpin.png</href>
                    </Icon>
                </IconStyle>
            </Style>
            <Style id="688">
                <IconStyle id="689">
                    <color>ff800080</color>
                    <colorMode>normal</colorMode>
                    <scale>1</scale>
                    <heading>0</heading>
                    <Icon id="690">
                        <href>http://maps.google.com/mapfiles/kml/pushpin/ylw-pushpin.png</href>
                    </Icon>
                </IconStyle>
            </Style>
            <Style id="693">
                <IconStyle id="694">
                    <color>ff800080</color>
                    <colorMode>normal</colorMode>
                    <scale>1</scale>
                    <heading>0</heading>
                    <Icon id="695">
                        <href>http://maps.google.com/mapfiles/kml/pushpin/ylw-pushpin.png</href>
                    </Icon>
                </IconStyle>
            </Style>
            <Style id="698">
                <IconStyle id="699">
                    <color>ff800080</color>
                    <colorMode>normal</colorMode>
                    <scale>1</scale>
                    <heading>0</heading>
                    <Icon id="700">
                        <href>http://maps.google.com/mapfiles/kml/pushpin/ylw-pushpin.png</href>
                    </Icon>
                </IconStyle>
            </Style>
            <Style id="703">
                <IconStyle id="704">
                    <color>ff800080</color>
                    <colorMode>normal</colorMode>
                    <scale>1</scale>
                    <heading>0</heading>
                    <Icon id="705">
                        <href>http://maps.google.com/mapfiles/kml/pushpin/ylw-pushpin.png</href>
                    </Icon>
                </IconStyle>
            </Style>
            <Style id="708">
                <IconStyle id="709">
                    <color>ff800080</color>
                    <colorMode>normal</colorMode>
                    <scale>1</scale>
                    <heading>0</heading>
                    <Icon id="710">
                        <href>http://maps.google.com/mapfiles/kml/pushpin/ylw-pushpin.png</href>
                    </Icon>
                </IconStyle>
            </Style>
            <Style id="713">
                <IconStyle id="714">
                    <color>ff800080</color>
                    <colorMode>normal</colorMode>
                    <scale>1</scale>
                    <heading>0</heading>
                    <Icon id="715">
                        <href>http://maps.google.com/mapfiles/kml/pushpin/ylw-pushpin.png</href>
                    </Icon>
                </IconStyle>
            </Style>
            <Style id="718">
                <IconStyle id="719">
                    <color>ff800080</color>
                    <colorMode>normal</colorMode>
                    <scale>1</scale>
                    <heading>0</heading>
                    <Icon id="720">
                        <href>http://maps.google.com/mapfiles/kml/pushpin/ylw-pushpin.png</href>
                    </Icon>
                </IconStyle>
            </Style>
            <Style id="723">
                <IconStyle id="724">
                    <color>ff800080</color>
                    <colorMode>normal</colorMode>
                    <scale>1</scale>
                    <heading>0</heading>
                    <Icon id="725">
                        <href>http://maps.google.com/mapfiles/kml/pushpin/ylw-pushpin.png</href>
                    </Icon>
                </IconStyle>
            </Style>
            <Style id="728">
                <IconStyle id="729">
                    <color>ff800080</color>
                    <colorMode>normal</colorMode>
                    <scale>1</scale>
                    <heading>0</heading>
                    <Icon id="730">
                        <href>http://maps.google.com/mapfiles/kml/pushpin/ylw-pushpin.png</href>
                    </Icon>
                </IconStyle>
            </Style>
            <Style id="733">
                <IconStyle id="734">
                    <color>ff800080</color>
                    <colorMode>normal</colorMode>
                    <scale>1</scale>
                    <heading>0</heading>
                    <Icon id="735">
                        <href>http://maps.google.com/mapfiles/kml/pushpin/ylw-pushpin.png</href>
                    </Icon>
                </IconStyle>
            </Style>
            <Style id="738">
                <IconStyle id="739">
                    <color>ff800080</color>
                    <colorMode>normal</colorMode>
                    <scale>1</scale>
                    <heading>0</heading>
                    <Icon id="740">
                        <href>http://maps.google.com/mapfiles/kml/pushpin/ylw-pushpin.png</href>
                    </Icon>
                </IconStyle>
            </Style>
            <Style id="743">
                <IconStyle id="744">
                    <color>ff800080</color>
                    <colorMode>normal</colorMode>
                    <scale>1</scale>
                    <heading>0</heading>
                    <Icon id="745">
                        <href>http://maps.google.com/mapfiles/kml/pushpin/ylw-pushpin.png</href>
                    </Icon>
                </IconStyle>
            </Style>
            <name>CRISTHIAN ALEXANDER ALVARADO GONZALES</name>
            <Placemark id="572">
                <name>JORGE EUGENIO RIVAS JIMENEZ</name>
                <description>TRANS. RASURI 014 - QUERECOTILLO-SULLANA
Querecotillo
Querecotillo
Piura
Perú</description>
                <styleUrl>#573</styleUrl>
                <Point id="571">
                    <coordinates>-80.6503974,-4.8407496,0.0</coordinates>
                </Point>
            </Placemark>
            <Placemark id="577">
                <name>DE RODRIGUEZ DIODORA ZAPATA CORDOVA</name>
                <description>DE RODRIGUEZ DIODORA ZAPATA CORDOVA
CA.FERRER 203
Querecotillo
Querecotillo
Piura
Perú</description>
                <styleUrl>#578</styleUrl>
                <Point id="576">
                    <coordinates>-80.6498469,-4.8411531,0.0</coordinates>
                </Point>
            </Placemark>
            <Placemark id="582">
                <name>FELICITO CORTEZ AVILES</name>
                <description>FELICITO CORTEZ AVILES
ESPINAR Nº 141 QUERE
Querecotillo
Querecotillo
Piura
Perú</description>
                <styleUrl>#583</styleUrl>
                <Point id="581">
                    <coordinates>-80.6484383,-4.8414551,0.0</coordinates>
                </Point>
            </Placemark>
            <Placemark id="587">
                <name>EDINSON ALEXANDER RIVERA CRUZ</name>
                <description>Calle Aguirre 1065
Querecotillo
Querecotillo
Piura
Perú</description>
                <styleUrl>#588</styleUrl>
                <Point id="586">
                    <coordinates>-80.647376,-4.8368364,0.0</coordinates>
                </Point>
            </Placemark>
            <Placemark id="592">
                <name>ZAPATA SOCOLA IVONNE DEL PILAR</name>
                <description>ZAPATA SOCOLA IVONNE DEL PILAR
CA.AGUIRRE 782
Querecotillo
Querecotillo
Piura
Perú</description>
                <styleUrl>#593</styleUrl>
                <Point id="591">
                    <coordinates>-80.649215,-4.838662,0.0</coordinates>
                </Point>
            </Placemark>
            <Placemark id="597">
                <name>PABLO ARMANDO ALBINES OTERO</name>
                <description>MERCADO INTERIOR QUERECOTILLO
Querecotillo
Querecotillo
Piura
Perú</description>
                <styleUrl>#598</styleUrl>
                <Point id="596">
                    <coordinates>-80.6501481,-4.8399471,0.0</coordinates>
                </Point>
            </Placemark>
            <Placemark id="602">
                <name>TANIA KARINA RIVERA GUTIERREZ</name>
                <description>BARRIO SEÑOR CAUTIVO MZ.15 LT.35 QU
Querecotillo
Querecotillo
Piura
Perú</description>
                <styleUrl>#603</styleUrl>
                <Point id="601">
                    <coordinates>-80.644632,-4.8355866,0.0</coordinates>
                </Point>
            </Placemark>
            <Placemark id="607">
                <name>RAUL ORTEGA ESPINOZA</name>
                <description>GALVEZ 757 PARTE POSTERIOR
Querecotillo
Sullana
Piura
Perú</description>
                <styleUrl>#608</styleUrl>
                <Point id="606">
                    <coordinates>-80.644159,-4.835344,0.0</coordinates>
                </Point>
            </Placemark>
            <Placemark id="612">
                <name>PABLO ARMANDO ALBINES OTERO</name>
                <description>MERCADO INTERIOR QUERECOTILLO
Querecotillo
Querecotillo
Piura
Perú</description>
                <styleUrl>#613</styleUrl>
                <Point id="611">
                    <coordinates>-80.6501481,-4.8399471,0.0</coordinates>
                </Point>
            </Placemark>
            <Placemark id="617">
                <name>CASTILLO VELASCO CARI</name>
                <description>CASTILLO VELASCO CARI
AGUIRE 821 QUERECOTILLO
Querecotillo
Querecotillo
Piura
Perú</description>
                <styleUrl>#618</styleUrl>
                <Point id="616">
                    <coordinates>-80.6487098,-4.8380997,0.0</coordinates>
                </Point>
            </Placemark>
            <Placemark id="622">
                <name>VIDAL NIEVES TERESITA</name>
                <description>Calle José Gálvez 893
Querecotillo

Piura
Perú</description>
                <styleUrl>#623</styleUrl>
                <Point id="621">
                    <coordinates>-80.643883,-4.834834,0.0</coordinates>
                </Point>
            </Placemark>
            <Placemark id="627">
                <name>MARINA SOLEDAD MEDINA FLORES</name>
                <description>Cetro poblado chocan frente a la posta
Querecotillo

Piura
Perú</description>
                <styleUrl>#628</styleUrl>
                <Point id="626">
                    <coordinates>-80.5763723,-4.7301473,0.0</coordinates>
                </Point>
            </Placemark>
            <Placemark id="632">
                <name>LUDEÑA SARANGO ADELA</name>
                <description>GALVEZ 944 QUERECOTILLO
Querecotillo
Querecotillo
Piura
Perú</description>
                <styleUrl>#633</styleUrl>
                <Point id="631">
                    <coordinates>-80.643232,-4.834079,0.0</coordinates>
                </Point>
            </Placemark>
            <Placemark id="637">
                <name>LUZ MARIA ORDINOLA NUNJAR</name>
                <description>Calle Aguirre S / N  última cuadra por la sequía
Querecotillo
Sullana
Piura
Perú</description>
                <styleUrl>#638</styleUrl>
                <Point id="636">
                    <coordinates>-80.643853,-4.833534,0.0</coordinates>
                </Point>
            </Placemark>
            <Placemark id="642">
                <name>MIRIAM LIDIA TORIBIO CALMET</name>
                <description>MIRIAM LIDIA TORIBIO CALMET
MZ. A LT.18 A.H. FROILAN ALAMA - QU
Querecotillo
Querecotillo
Piura
Perú</description>
                <styleUrl>#643</styleUrl>
                <Point id="641">
                    <coordinates>-80.6462285,-4.8347135,0.0</coordinates>
                </Point>
            </Placemark>
            <Placemark id="647">
                <name>MERCEDES DEL SOCORRO GUTIERREZ CHUNGA</name>
                <description>Froilan Alama MZ F, lt21 querecotillo
Querecotillo
Querecotillo
Piura
Perú</description>
                <styleUrl>#648</styleUrl>
                <Point id="646">
                    <coordinates>-80.6462414,-4.8333215,0.0</coordinates>
                </Point>
            </Placemark>
            <Placemark id="652">
                <name>CASTILLO VELASCO CARI</name>
                <description>CASTILLO VELASCO CARI
AGUIRE 821 QUERECOTILLO
Querecotillo
Querecotillo
Piura
Perú</description>
                <styleUrl>#653</styleUrl>
                <Point id="651">
                    <coordinates>-80.6487098,-4.8380997,0.0</coordinates>
                </Point>
            </Placemark>
            <Placemark id="657">
                <name>IVONN TAVARA GUTIERREZ DE SEMINARIO</name>
                <description>IVONN TAVARA GUTIERREZ DE SEMINARIO
AH FROILAN ALAM MZ A LT 7-182 CA 2
Querecotillo
Querecotillo
Piura
Perú</description>
                <styleUrl>#658</styleUrl>
                <Point id="656">
                    <coordinates>-80.6466707,-4.8338163,0.0</coordinates>
                </Point>
            </Placemark>
            <Placemark id="662">
                <name>MARIA MAGDALENA RIVERA JIMENEZ</name>
                <description>José Obdulio Rivera MZ E LT 12 querecotillo
Querecotillo


Perú</description>
                <styleUrl>#663</styleUrl>
                <Point id="661">
                    <coordinates>-80.646288,-4.832929,0.0</coordinates>
                </Point>
            </Placemark>
            <Placemark id="667">
                <name>MARIA FRANCISCA CALLIRGOS QUISPE</name>
                <description>AAHH JESUS OBDULIO MZ C LT 4 QUERECOTILLO-SULLANA
Querecotillo
Querecotillo
Piura
Perú</description>
                <styleUrl>#668</styleUrl>
                <Point id="666">
                    <coordinates>-80.6456561,-4.8323226,0.0</coordinates>
                </Point>
            </Placemark>
            <Placemark id="672">
                <name>ESTELA VILLALTA TRELLES</name>
                <description>A.H JOSE OBDULIO RIVERA  MZB LOTE 6
Querecotillo
Sullana
Piura
Perú</description>
                <styleUrl>#673</styleUrl>
                <Point id="671">
                    <coordinates>-80.6452779,-4.8319895,0.0</coordinates>
                </Point>
            </Placemark>
            <Placemark id="677">
                <name>MARLENY DEL PILAR PRIETO SAAVEDRA</name>
                <description>Centro poblado San Francisco frente al parque
Querecotillo
Querecotillo
Piura
Perú</description>
                <styleUrl>#678</styleUrl>
                <Point id="676">
                    <coordinates>-80.5816126,-4.7421269,0.0</coordinates>
                </Point>
            </Placemark>
            <Placemark id="682">
                <name>GABY ELIZET AREVALO CEVALLOS</name>
                <description>BARRIO EL MILAGRO S/N SULLANA-SULLANA
Querecotillo
Querecotillo
Piura
Perú</description>
                <styleUrl>#683</styleUrl>
                <Point id="681">
                    <coordinates>-80.5827954,-4.7409169,0.0</coordinates>
                </Point>
            </Placemark>
            <Placemark id="687">
                <name>AREVALO CEVALLOS EIDEY JILIBET</name>
                <description>CA.SAN FRANCISCO  S/N
Querecotillo
Querecotillo
Piura
Perú</description>
                <styleUrl>#688</styleUrl>
                <Point id="686">
                    <coordinates>-80.582615,-4.741886,0.0</coordinates>
                </Point>
            </Placemark>
            <Placemark id="692">
                <name>ELVER OCTAVIO CEVALLOS FARIAS</name>
                <description>SAN FRANCISCO S/N QUERECOTILLO
Querecotillo
Querecotillo
Piura
Perú</description>
                <styleUrl>#693</styleUrl>
                <Point id="691">
                    <coordinates>-80.5846533,-4.7404771,0.0</coordinates>
                </Point>
            </Placemark>
            <Placemark id="697">
                <name>VERONIKA FARIAS MEJIA</name>
                <description>Caserío nueva esperanza san Francisco de chocan querecotillo
Querecotillo

Piura
Perú</description>
                <styleUrl>#698</styleUrl>
                <Point id="696">
                    <coordinates>-80.580818,-4.737521,0.0</coordinates>
                </Point>
            </Placemark>
            <Placemark id="702">
                <name>MARINA SOLEDAD MEDINA FLORES</name>
                <description>Cetro poblado chocan frente a la posta
Querecotillo

Piura
Perú</description>
                <styleUrl>#703</styleUrl>
                <Point id="701">
                    <coordinates>-80.5763723,-4.7301473,0.0</coordinates>
                </Point>
            </Placemark>
            <Placemark id="707">
                <name>SANCHEZ MORE OLGA</name>
                <description>CA.CHOCAN S/N
Querecotillo
Querecotillo
Piura
Perú</description>
                <styleUrl>#708</styleUrl>
                <Point id="706">
                    <coordinates>-80.5757685,-4.7285997,0.0</coordinates>
                </Point>
            </Placemark>
            <Placemark id="712">
                <name>MERCEDES IPANAQUE CRUZ DE SAAVEDRA</name>
                <description>CP. CHOCAN  - QUERECOTILLO
Querecotillo
Querecotillo
Piura
Perú</description>
                <styleUrl>#713</styleUrl>
                <Point id="711">
                    <coordinates>-80.575173,-4.7278981,0.0</coordinates>
                </Point>
            </Placemark>
            <Placemark id="717">
                <name>DANITZA EVELINA CAMPOS CAMPOS</name>
                <description>Huaypira SERCA al tanque elevado
Querecotillo
Querecotillo
Piura
Perú</description>
                <styleUrl>#718</styleUrl>
                <Point id="716">
                    <coordinates>-80.5396491,-4.6422503,0.0</coordinates>
                </Point>
            </Placemark>
            <Placemark id="722">
                <name>SUSANA YANET ORDINOLA OVIEDO</name>
                <description>CALLE SAN PABLO I-14-LANCONES-SULLANA-SULLANA
Querecotillo
Querecotillo
Piura
Perú</description>
                <styleUrl>#723</styleUrl>
                <Point id="721">
                    <coordinates>-80.5487889,-4.641029,0.0</coordinates>
                </Point>
            </Placemark>
            <Placemark id="727">
                <name>BARRANZUELA GUTIÉRREZ SANTOS O</name>
                <description>CA SAN JUAN C-031 CENT.LANCONE
Querecotillo
Querecotillo
Piura
Perú</description>
                <styleUrl>#728</styleUrl>
                <Point id="726">
                    <coordinates>-80.5489103,-4.640649,0.0</coordinates>
                </Point>
            </Placemark>
            <Placemark id="732">
                <name>BARRANZUELA GUTIERREZ PILAR</name>
                <description>BARRANZUELA GUTIERREZ PILAR
CA.SAN JUAN MZ.B LT.10
Lancones
Querecotillo
Piura
Perú</description>
                <styleUrl>#733</styleUrl>
                <Point id="731">
                    <coordinates>-80.5495269,-4.6401193,0.0</coordinates>
                </Point>
            </Placemark>
            <Placemark id="737">
                <name>RUIZ BARRANZUELA DIANA</name>
                <description>RUIZ BARRANZUELA DIANA
CA.SAN MATEO S/N
Querecotillo
Querecotillo
Piura
Perú</description>
                <styleUrl>#738</styleUrl>
                <Point id="736">
                    <coordinates>-80.5506284,-4.6387594,0.0</coordinates>
                </Point>
            </Placemark>
            <Placemark id="742">
                <name>BARRANZUELA GUTIERREZ CECILIA</name>
                <description>BARRANZUELA GUTIERREZ CECILIA
CALLE SAN MATEO MZ A LT 1 - LANCONES
Querecotillo
Querecotillo
Piura
Perú</description>
                <styleUrl>#743</styleUrl>
                <Point id="741">
                    <coordinates>-80.5503713,-4.6391345,0.0</coordinates>
                </Point>
            </Placemark>
        </Folder>
        <Folder id="746">
            <Style id="749">
                <IconStyle id="750">
                    <color>ff00a5ff</color>
                    <colorMode>normal</colorMode>
                    <scale>1</scale>
                    <heading>0</heading>
                    <Icon id="751">
                        <href>http://maps.google.com/mapfiles/kml/pushpin/ylw-pushpin.png</href>
                    </Icon>
                </IconStyle>
            </Style>
            <Style id="754">
                <IconStyle id="755">
                    <color>ff00a5ff</color>
                    <colorMode>normal</colorMode>
                    <scale>1</scale>
                    <heading>0</heading>
                    <Icon id="756">
                        <href>http://maps.google.com/mapfiles/kml/pushpin/ylw-pushpin.png</href>
                    </Icon>
                </IconStyle>
            </Style>
            <Style id="759">
                <IconStyle id="760">
                    <color>ff00a5ff</color>
                    <colorMode>normal</colorMode>
                    <scale>1</scale>
                    <heading>0</heading>
                    <Icon id="761">
                        <href>http://maps.google.com/mapfiles/kml/pushpin/ylw-pushpin.png</href>
                    </Icon>
                </IconStyle>
            </Style>
            <Style id="764">
                <IconStyle id="765">
                    <color>ff00a5ff</color>
                    <colorMode>normal</colorMode>
                    <scale>1</scale>
                    <heading>0</heading>
                    <Icon id="766">
                        <href>http://maps.google.com/mapfiles/kml/pushpin/ylw-pushpin.png</href>
                    </Icon>
                </IconStyle>
            </Style>
            <Style id="769">
                <IconStyle id="770">
                    <color>ff00a5ff</color>
                    <colorMode>normal</colorMode>
                    <scale>1</scale>
                    <heading>0</heading>
                    <Icon id="771">
                        <href>http://maps.google.com/mapfiles/kml/pushpin/ylw-pushpin.png</href>
                    </Icon>
                </IconStyle>
            </Style>
            <Style id="774">
                <IconStyle id="775">
                    <color>ff00a5ff</color>
                    <colorMode>normal</colorMode>
                    <scale>1</scale>
                    <heading>0</heading>
                    <Icon id="776">
                        <href>http://maps.google.com/mapfiles/kml/pushpin/ylw-pushpin.png</href>
                    </Icon>
                </IconStyle>
            </Style>
            <Style id="779">
                <IconStyle id="780">
                    <color>ff00a5ff</color>
                    <colorMode>normal</colorMode>
                    <scale>1</scale>
                    <heading>0</heading>
                    <Icon id="781">
                        <href>http://maps.google.com/mapfiles/kml/pushpin/ylw-pushpin.png</href>
                    </Icon>
                </IconStyle>
            </Style>
            <Style id="784">
                <IconStyle id="785">
                    <color>ff00a5ff</color>
                    <colorMode>normal</colorMode>
                    <scale>1</scale>
                    <heading>0</heading>
                    <Icon id="786">
                        <href>http://maps.google.com/mapfiles/kml/pushpin/ylw-pushpin.png</href>
                    </Icon>
                </IconStyle>
            </Style>
            <Style id="789">
                <IconStyle id="790">
                    <color>ff00a5ff</color>
                    <colorMode>normal</colorMode>
                    <scale>1</scale>
                    <heading>0</heading>
                    <Icon id="791">
                        <href>http://maps.google.com/mapfiles/kml/pushpin/ylw-pushpin.png</href>
                    </Icon>
                </IconStyle>
            </Style>
            <Style id="794">
                <IconStyle id="795">
                    <color>ff00a5ff</color>
                    <colorMode>normal</colorMode>
                    <scale>1</scale>
                    <heading>0</heading>
                    <Icon id="796">
                        <href>http://maps.google.com/mapfiles/kml/pushpin/ylw-pushpin.png</href>
                    </Icon>
                </IconStyle>
            </Style>
            <Style id="799">
                <IconStyle id="800">
                    <color>ff00a5ff</color>
                    <colorMode>normal</colorMode>
                    <scale>1</scale>
                    <heading>0</heading>
                    <Icon id="801">
                        <href>http://maps.google.com/mapfiles/kml/pushpin/ylw-pushpin.png</href>
                    </Icon>
                </IconStyle>
            </Style>
            <Style id="804">
                <IconStyle id="805">
                    <color>ff00a5ff</color>
                    <colorMode>normal</colorMode>
                    <scale>1</scale>
                    <heading>0</heading>
                    <Icon id="806">
                        <href>http://maps.google.com/mapfiles/kml/pushpin/ylw-pushpin.png</href>
                    </Icon>
                </IconStyle>
            </Style>
            <Style id="809">
                <IconStyle id="810">
                    <color>ff00a5ff</color>
                    <colorMode>normal</colorMode>
                    <scale>1</scale>
                    <heading>0</heading>
                    <Icon id="811">
                        <href>http://maps.google.com/mapfiles/kml/pushpin/ylw-pushpin.png</href>
                    </Icon>
                </IconStyle>
            </Style>
            <Style id="814">
                <IconStyle id="815">
                    <color>ff00a5ff</color>
                    <colorMode>normal</colorMode>
                    <scale>1</scale>
                    <heading>0</heading>
                    <Icon id="816">
                        <href>http://maps.google.com/mapfiles/kml/pushpin/ylw-pushpin.png</href>
                    </Icon>
                </IconStyle>
            </Style>
            <Style id="819">
                <IconStyle id="820">
                    <color>ff00a5ff</color>
                    <colorMode>normal</colorMode>
                    <scale>1</scale>
                    <heading>0</heading>
                    <Icon id="821">
                        <href>http://maps.google.com/mapfiles/kml/pushpin/ylw-pushpin.png</href>
                    </Icon>
                </IconStyle>
            </Style>
            <Style id="824">
                <IconStyle id="825">
                    <color>ff00a5ff</color>
                    <colorMode>normal</colorMode>
                    <scale>1</scale>
                    <heading>0</heading>
                    <Icon id="826">
                        <href>http://maps.google.com/mapfiles/kml/pushpin/ylw-pushpin.png</href>
                    </Icon>
                </IconStyle>
            </Style>
            <Style id="829">
                <IconStyle id="830">
                    <color>ff00a5ff</color>
                    <colorMode>normal</colorMode>
                    <scale>1</scale>
                    <heading>0</heading>
                    <Icon id="831">
                        <href>http://maps.google.com/mapfiles/kml/pushpin/ylw-pushpin.png</href>
                    </Icon>
                </IconStyle>
            </Style>
            <Style id="834">
                <IconStyle id="835">
                    <color>ff00a5ff</color>
                    <colorMode>normal</colorMode>
                    <scale>1</scale>
                    <heading>0</heading>
                    <Icon id="836">
                        <href>http://maps.google.com/mapfiles/kml/pushpin/ylw-pushpin.png</href>
                    </Icon>
                </IconStyle>
            </Style>
            <Style id="839">
                <IconStyle id="840">
                    <color>ff00a5ff</color>
                    <colorMode>normal</colorMode>
                    <scale>1</scale>
                    <heading>0</heading>
                    <Icon id="841">
                        <href>http://maps.google.com/mapfiles/kml/pushpin/ylw-pushpin.png</href>
                    </Icon>
                </IconStyle>
            </Style>
            <Style id="844">
                <IconStyle id="845">
                    <color>ff00a5ff</color>
                    <colorMode>normal</colorMode>
                    <scale>1</scale>
                    <heading>0</heading>
                    <Icon id="846">
                        <href>http://maps.google.com/mapfiles/kml/pushpin/ylw-pushpin.png</href>
                    </Icon>
                </IconStyle>
            </Style>
            <Style id="849">
                <IconStyle id="850">
                    <color>ff00a5ff</color>
                    <colorMode>normal</colorMode>
                    <scale>1</scale>
                    <heading>0</heading>
                    <Icon id="851">
                        <href>http://maps.google.com/mapfiles/kml/pushpin/ylw-pushpin.png</href>
                    </Icon>
                </IconStyle>
            </Style>
            <Style id="854">
                <IconStyle id="855">
                    <color>ff00a5ff</color>
                    <colorMode>normal</colorMode>
                    <scale>1</scale>
                    <heading>0</heading>
                    <Icon id="856">
                        <href>http://maps.google.com/mapfiles/kml/pushpin/ylw-pushpin.png</href>
                    </Icon>
                </IconStyle>
            </Style>
            <Style id="859">
                <IconStyle id="860">
                    <color>ff00a5ff</color>
                    <colorMode>normal</colorMode>
                    <scale>1</scale>
                    <heading>0</heading>
                    <Icon id="861">
                        <href>http://maps.google.com/mapfiles/kml/pushpin/ylw-pushpin.png</href>
                    </Icon>
                </IconStyle>
            </Style>
            <Style id="864">
                <IconStyle id="865">
                    <color>ff00a5ff</color>
                    <colorMode>normal</colorMode>
                    <scale>1</scale>
                    <heading>0</heading>
                    <Icon id="866">
                        <href>http://maps.google.com/mapfiles/kml/pushpin/ylw-pushpin.png</href>
                    </Icon>
                </IconStyle>
            </Style>
            <Style id="869">
                <IconStyle id="870">
                    <color>ff00a5ff</color>
                    <colorMode>normal</colorMode>
                    <scale>1</scale>
                    <heading>0</heading>
                    <Icon id="871">
                        <href>http://maps.google.com/mapfiles/kml/pushpin/ylw-pushpin.png</href>
                    </Icon>
                </IconStyle>
            </Style>
            <Style id="874">
                <IconStyle id="875">
                    <color>ff00a5ff</color>
                    <colorMode>normal</colorMode>
                    <scale>1</scale>
                    <heading>0</heading>
                    <Icon id="876">
                        <href>http://maps.google.com/mapfiles/kml/pushpin/ylw-pushpin.png</href>
                    </Icon>
                </IconStyle>
            </Style>
            <Style id="879">
                <IconStyle id="880">
                    <color>ff00a5ff</color>
                    <colorMode>normal</colorMode>
                    <scale>1</scale>
                    <heading>0</heading>
                    <Icon id="881">
                        <href>http://maps.google.com/mapfiles/kml/pushpin/ylw-pushpin.png</href>
                    </Icon>
                </IconStyle>
            </Style>
            <Style id="884">
                <IconStyle id="885">
                    <color>ff00a5ff</color>
                    <colorMode>normal</colorMode>
                    <scale>1</scale>
                    <heading>0</heading>
                    <Icon id="886">
                        <href>http://maps.google.com/mapfiles/kml/pushpin/ylw-pushpin.png</href>
                    </Icon>
                </IconStyle>
            </Style>
            <Style id="889">
                <IconStyle id="890">
                    <color>ff00a5ff</color>
                    <colorMode>normal</colorMode>
                    <scale>1</scale>
                    <heading>0</heading>
                    <Icon id="891">
                        <href>http://maps.google.com/mapfiles/kml/pushpin/ylw-pushpin.png</href>
                    </Icon>
                </IconStyle>
            </Style>
            <Style id="894">
                <IconStyle id="895">
                    <color>ff00a5ff</color>
                    <colorMode>normal</colorMode>
                    <scale>1</scale>
                    <heading>0</heading>
                    <Icon id="896">
                        <href>http://maps.google.com/mapfiles/kml/pushpin/ylw-pushpin.png</href>
                    </Icon>
                </IconStyle>
            </Style>
            <Style id="899">
                <IconStyle id="900">
                    <color>ff00a5ff</color>
                    <colorMode>normal</colorMode>
                    <scale>1</scale>
                    <heading>0</heading>
                    <Icon id="901">
                        <href>http://maps.google.com/mapfiles/kml/pushpin/ylw-pushpin.png</href>
                    </Icon>
                </IconStyle>
            </Style>
            <Style id="904">
                <IconStyle id="905">
                    <color>ff00a5ff</color>
                    <colorMode>normal</colorMode>
                    <scale>1</scale>
                    <heading>0</heading>
                    <Icon id="906">
                        <href>http://maps.google.com/mapfiles/kml/pushpin/ylw-pushpin.png</href>
                    </Icon>
                </IconStyle>
            </Style>
            <Style id="909">
                <IconStyle id="910">
                    <color>ff00a5ff</color>
                    <colorMode>normal</colorMode>
                    <scale>1</scale>
                    <heading>0</heading>
                    <Icon id="911">
                        <href>http://maps.google.com/mapfiles/kml/pushpin/ylw-pushpin.png</href>
                    </Icon>
                </IconStyle>
            </Style>
            <Style id="914">
                <IconStyle id="915">
                    <color>ff00a5ff</color>
                    <colorMode>normal</colorMode>
                    <scale>1</scale>
                    <heading>0</heading>
                    <Icon id="916">
                        <href>http://maps.google.com/mapfiles/kml/pushpin/ylw-pushpin.png</href>
                    </Icon>
                </IconStyle>
            </Style>
            <Style id="919">
                <IconStyle id="920">
                    <color>ff00a5ff</color>
                    <colorMode>normal</colorMode>
                    <scale>1</scale>
                    <heading>0</heading>
                    <Icon id="921">
                        <href>http://maps.google.com/mapfiles/kml/pushpin/ylw-pushpin.png</href>
                    </Icon>
                </IconStyle>
            </Style>
            <Style id="924">
                <IconStyle id="925">
                    <color>ff00a5ff</color>
                    <colorMode>normal</colorMode>
                    <scale>1</scale>
                    <heading>0</heading>
                    <Icon id="926">
                        <href>http://maps.google.com/mapfiles/kml/pushpin/ylw-pushpin.png</href>
                    </Icon>
                </IconStyle>
            </Style>
            <Style id="929">
                <IconStyle id="930">
                    <color>ff00a5ff</color>
                    <colorMode>normal</colorMode>
                    <scale>1</scale>
                    <heading>0</heading>
                    <Icon id="931">
                        <href>http://maps.google.com/mapfiles/kml/pushpin/ylw-pushpin.png</href>
                    </Icon>
                </IconStyle>
            </Style>
            <Style id="934">
                <IconStyle id="935">
                    <color>ff00a5ff</color>
                    <colorMode>normal</colorMode>
                    <scale>1</scale>
                    <heading>0</heading>
                    <Icon id="936">
                        <href>http://maps.google.com/mapfiles/kml/pushpin/ylw-pushpin.png</href>
                    </Icon>
                </IconStyle>
            </Style>
            <Style id="939">
                <IconStyle id="940">
                    <color>ff00a5ff</color>
                    <colorMode>normal</colorMode>
                    <scale>1</scale>
                    <heading>0</heading>
                    <Icon id="941">
                        <href>http://maps.google.com/mapfiles/kml/pushpin/ylw-pushpin.png</href>
                    </Icon>
                </IconStyle>
            </Style>
            <Style id="944">
                <IconStyle id="945">
                    <color>ff00a5ff</color>
                    <colorMode>normal</colorMode>
                    <scale>1</scale>
                    <heading>0</heading>
                    <Icon id="946">
                        <href>http://maps.google.com/mapfiles/kml/pushpin/ylw-pushpin.png</href>
                    </Icon>
                </IconStyle>
            </Style>
            <Style id="949">
                <IconStyle id="950">
                    <color>ff00a5ff</color>
                    <colorMode>normal</colorMode>
                    <scale>1</scale>
                    <heading>0</heading>
                    <Icon id="951">
                        <href>http://maps.google.com/mapfiles/kml/pushpin/ylw-pushpin.png</href>
                    </Icon>
                </IconStyle>
            </Style>
            <Style id="954">
                <IconStyle id="955">
                    <color>ff00a5ff</color>
                    <colorMode>normal</colorMode>
                    <scale>1</scale>
                    <heading>0</heading>
                    <Icon id="956">
                        <href>http://maps.google.com/mapfiles/kml/pushpin/ylw-pushpin.png</href>
                    </Icon>
                </IconStyle>
            </Style>
            <name>CRISTIAN DARWIN ESPINOZA OLIVA</name>
            <Placemark id="748">
                <name>VERONICA ISABEL PRECIADO CARRASCO</name>
                <description>Ciudad del Sol MZ e lote 06
Veintiséis de Octubre
Veintiséis de Octubre
Piura
Perú</description>
                <styleUrl>#749</styleUrl>
                <Point id="747">
                    <coordinates>-80.686977,-5.179283,0.0</coordinates>
                </Point>
            </Placemark>
            <Placemark id="753">
                <name>RODA HILDA DURAND BERRU</name>
                <description>MZ D6 LOTE  14 SAN SEBASTIÁN
Veintiséis de Octubre
Veintiséis de Octubre
Piura
Perú</description>
                <styleUrl>#754</styleUrl>
                <Point id="752">
                    <coordinates>-80.6834358,-5.1816112,0.0</coordinates>
                </Point>
            </Placemark>
            <Placemark id="758">
                <name>MARITZA GUERRERO GUEVARA</name>
                <description>MZ E07-19 AH SAN SEBASTIAN    
Veintiséis de Octubre
Piura
Piura
Perú</description>
                <styleUrl>#759</styleUrl>
                <Point id="757">
                    <coordinates>-80.680713,-5.184311,0.0</coordinates>
                </Point>
            </Placemark>
            <Placemark id="763">
                <name>YOSELY DEL ROCIO CRUZ MERINO</name>
                <description>Ciudad del Sol MZ O lote 12
Veintiséis de Octubre
Veintiséis de Octubre
Piura
Perú</description>
                <styleUrl>#764</styleUrl>
                <Point id="762">
                    <coordinates>-80.688381,-5.18224,0.0</coordinates>
                </Point>
            </Placemark>
            <Placemark id="768">
                <name>MARIA LUCILA TORRES CRIOLLO</name>
                <description>MZ E7 LT 39 AH SAN SEBASTIAN  
Veintiséis de Octubre
Veintiséis de Octubre
Piura
Perú</description>
                <styleUrl>#769</styleUrl>
                <Point id="767">
                    <coordinates>-80.6810776,-5.1837149,0.0</coordinates>
                </Point>
            </Placemark>
            <Placemark id="773">
                <name>ALDI MARIBEL VALDEZ PEÑA</name>
                <description>Mz C lote 21 LUIS ALBERTO SÁNCHEZ
Veintiséis de Octubre
Veintiséis de Octubre
Piura
Perú</description>
                <styleUrl>#774</styleUrl>
                <Point id="772">
                    <coordinates>-80.683086,-5.1825889,0.0</coordinates>
                </Point>
            </Placemark>
            <Placemark id="778">
                <name>AMERICA ABAD GIRON</name>
                <description>MZ B4 LT 1 SAN SEBASTIAN      
Veintiséis de Octubre
Veintiséis de Octubre
Piura
Perú</description>
                <styleUrl>#779</styleUrl>
                <Point id="777">
                    <coordinates>-80.6820012,-5.1819623,0.0</coordinates>
                </Point>
            </Placemark>
            <Placemark id="783">
                <name>ADITA WUESFHALLEN LAYNES</name>
                <description>SAN SEBASTIAN D1-10           
Veintiséis de Octubre
Veintiséis de Octubre
Piura
Perú</description>
                <styleUrl>#784</styleUrl>
                <Point id="782">
                    <coordinates>-80.6798041,-5.1806032,0.0</coordinates>
                </Point>
            </Placemark>
            <Placemark id="788">
                <name>CESAR SARANGO GUERRERO</name>
                <description>A.H.SAN SEBASTIAN MZ.D1 LT.8  
Veintiséis de Octubre
Veintiséis de Octubre
Piura
Perú</description>
                <styleUrl>#789</styleUrl>
                <Point id="787">
                    <coordinates>-80.679635,-5.18047,0.0</coordinates>
                </Point>
            </Placemark>
            <Placemark id="793">
                <name>KARINA VICTORIA SALAZAR TRELLES</name>
                <description>MZ B9 LOTE 46 PAREDES MACEDA
Veintiséis de Octubre
Veintiséis de Octubre
Piura
Perú</description>
                <styleUrl>#794</styleUrl>
                <Point id="792">
                    <coordinates>-80.6856943,-5.1783602,0.0</coordinates>
                </Point>
            </Placemark>
            <Placemark id="798">
                <name>ADOLFO MEDINA VEGA</name>
                <description>MZ E 11 Lote 1  PAREDES MACEDA
Veintiséis de Octubre
Piura
Piura
Perú</description>
                <styleUrl>#799</styleUrl>
                <Point id="797">
                    <coordinates>-80.686881,-5.182788,0.0</coordinates>
                </Point>
            </Placemark>
            <Placemark id="803">
                <name>HERMELINDA CALLE PATIÑO</name>
                <description>A.H.PAREDES MACEDA K8 26      
Veintiséis de Octubre
Veintiséis de Octubre
Piura
Perú</description>
                <styleUrl>#804</styleUrl>
                <Point id="802">
                    <coordinates>-80.6854104,-5.1822144,0.0</coordinates>
                </Point>
            </Placemark>
            <Placemark id="808">
                <name>SEBASTIANA VILLEGAS CHUMACERO</name>
                <description>C-11 LT.47 PAREDES MACEDA     
Veintiséis de Octubre
Veintiséis de Octubre
Piura
Perú</description>
                <styleUrl>#809</styleUrl>
                <Point id="807">
                    <coordinates>-80.6856521,-5.1832044,0.0</coordinates>
                </Point>
            </Placemark>
            <Placemark id="813">
                <name>CELMIRA NUÑEZ QUINDE</name>
                <description>AAHH paredes Maceda MZ d 11 lote 16
Veintiséis de Octubre
Veintiséis de Octubre
Piura
Perú</description>
                <styleUrl>#814</styleUrl>
                <Point id="812">
                    <coordinates>-80.686522,-5.183152,0.0</coordinates>
                </Point>
            </Placemark>
            <Placemark id="818">
                <name>MARIA JUANA ALMESTAR VILLEGAS</name>
                <description>MZ I LT 17 AH VILLA CIUDAD SOL
Veintiséis de Octubre
Veintiséis de Octubre
Piura
Perú</description>
                <styleUrl>#819</styleUrl>
                <Point id="817">
                    <coordinates>-80.6876242,-5.181039,0.0</coordinates>
                </Point>
            </Placemark>
            <Placemark id="823">
                <name>ELIZABETH SAUCEDO SILVA</name>
                <description>ELIZABETH SAUCEDO SILVA
MZ K LTE.21 AA. HH VILLA CIUDAD DELSOL - PIURA
Veintiséis de Octubre

Piura
Perú</description>
                <styleUrl>#824</styleUrl>
                <Point id="822">
                    <coordinates>-80.6880077,-5.1815597,0.0</coordinates>
                </Point>
            </Placemark>
            <Placemark id="828">
                <name>JOSE LUIS GUERRERO JULCA</name>
                <description>MZ O LT 15 CIUDAD DEL SOL
Veintiséis de Octubre
Veintiséis de Octubre
Piura
Perú</description>
                <styleUrl>#829</styleUrl>
                <Point id="827">
                    <coordinates>-80.6887342,-5.182302,0.0</coordinates>
                </Point>
            </Placemark>
            <Placemark id="833">
                <name>GLADYS ROSANA RAMIREZ SALAZAR</name>
                <description>CIUDAD DEL SOL MZ J LT 17     
Veintiséis de Octubre
Piura
Piura
Perú</description>
                <styleUrl>#834</styleUrl>
                <Point id="832">
                    <coordinates>-80.687012,-5.180895,0.0</coordinates>
                </Point>
            </Placemark>
            <Placemark id="838">
                <name>NANCY LILIANA HUACCHILLO CAGALLAZA</name>
                <description>Villa Monterrico MZ e lt 01
Veintiséis de Octubre

Piura
Perú</description>
                <styleUrl>#839</styleUrl>
                <Point id="837">
                    <coordinates>-80.69061,-5.177855,0.0</coordinates>
                </Point>
            </Placemark>
            <Placemark id="843">
                <name>LILIA DEL PILAR PALOMINO LACHIRA</name>
                <description>MZ B 9 LT 14 PAREDES MACEDA   
Veintiséis de Octubre
Veintiséis de Octubre
Piura
Perú</description>
                <styleUrl>#844</styleUrl>
                <Point id="842">
                    <coordinates>-80.6858919,-5.1781398,0.0</coordinates>
                </Point>
            </Placemark>
            <Placemark id="848">
                <name>SARA AMELIA PEÑA AGUILAR</name>
                <description>MZ D10 lote 26 Paredes Maceda
Veintiséis de Octubre
Veintiséis de Octubre
Piura
Perú</description>
                <styleUrl>#849</styleUrl>
                <Point id="847">
                    <coordinates>-80.686779,-5.18072,0.0</coordinates>
                </Point>
            </Placemark>
            <Placemark id="853">
                <name>MISAEL MELENDRES GUEVARA</name>
                <description>MZ  f lt 1 A.h flor de piura
Veintiséis de Octubre
Piura
Piura
Perú</description>
                <styleUrl>#854</styleUrl>
                <Point id="852">
                    <coordinates>-80.690494,-5.185974,0.0</coordinates>
                </Point>
            </Placemark>
            <Placemark id="858">
                <name>JACKELYN MARGARET CERRO COELLO</name>
                <description>Upis Las Palmeras MZ A1 lote 01
Veintiséis de Octubre

Piura
Perú</description>
                <styleUrl>#859</styleUrl>
                <Point id="857">
                    <coordinates>-80.691083,-5.184416,0.0</coordinates>
                </Point>
            </Placemark>
            <Placemark id="863">
                <name>FREDDY RONALD RODRIGUEZ BARRANZUELA</name>
                <description>Upis La Flor de Piura mz Z lote 03
Veintiséis de Octubre

Piura
Perú</description>
                <styleUrl>#864</styleUrl>
                <Point id="862">
                    <coordinates>-80.690847,-5.184538,0.0</coordinates>
                </Point>
            </Placemark>
            <Placemark id="868">
                <name>FLORIZA TORRES TORO</name>
                <description>A.H Trébol Dorado MZ A lote 15
Veintiséis de Octubre

Piura
Perú</description>
                <styleUrl>#869</styleUrl>
                <Point id="867">
                    <coordinates>-80.691665,-5.18409,0.0</coordinates>
                </Point>
            </Placemark>
            <Placemark id="873">
                <name>CARMEN ROSA MORI SANTA CRUZ</name>
                <description>A.H Trébol Dorado MZ D lote 22
Veintiséis de Octubre

Piura
Perú</description>
                <styleUrl>#874</styleUrl>
                <Point id="872">
                    <coordinates>-80.691721,-5.183913,0.0</coordinates>
                </Point>
            </Placemark>
            <Placemark id="878">
                <name>ELIAS HERRERA MELENDREZ</name>
                <description>A.h flor de Piura  mz g lt 07   26 de octubre -piura
Veintiséis de Octubre

Piura
Perú</description>
                <styleUrl>#879</styleUrl>
                <Point id="877">
                    <coordinates>-80.688586,-5.184683,0.0</coordinates>
                </Point>
            </Placemark>
            <Placemark id="883">
                <name>JEAN HARLEY DOMINGUEZ CHUMACERO</name>
                <description>MZ i lt 26 upis flor de piura
Veintiséis de Octubre

Piura
Perú</description>
                <styleUrl>#884</styleUrl>
                <Point id="882">
                    <coordinates>-80.689352,-5.185542,0.0</coordinates>
                </Point>
            </Placemark>
            <Placemark id="888">
                <name>NAIRA GARCIA MARIA NANCY</name>
                <description>AAHH Flor de Piura MZ M lote 42
Veintiséis de Octubre

Piura
Perú</description>
                <styleUrl>#889</styleUrl>
                <Point id="887">
                    <coordinates>-80.689372,-5.186709,0.0</coordinates>
                </Point>
            </Placemark>
            <Placemark id="893">
                <name>MARTIN ALFONZO MARCHENA GARCIA</name>
                <description>AAHH Flor de Piura  MZ N lote 06
Veintiséis de Octubre

Piura
Perú</description>
                <styleUrl>#894</styleUrl>
                <Point id="892">
                    <coordinates>-80.689437,-5.186739,0.0</coordinates>
                </Point>
            </Placemark>
            <Placemark id="898">
                <name>CRISOSTO CHUMACERO VELASQUEZ</name>
                <description>AAHH Flor de Piura MZ Ñ lote 21
Veintiséis de Octubre

Piura
Perú</description>
                <styleUrl>#899</styleUrl>
                <Point id="897">
                    <coordinates>-80.689447,-5.185504,0.0</coordinates>
                </Point>
            </Placemark>
            <Placemark id="903">
                <name>MARIA GLADYS CASTILLO RAMIREZ</name>
                <description>A H Ampliación Flor de Piura MZ 1A lote 13
Veintiséis de Octubre

Piura
Perú</description>
                <styleUrl>#904</styleUrl>
                <Point id="902">
                    <coordinates>-80.689619,-5.184423,0.0</coordinates>
                </Point>
            </Placemark>
            <Placemark id="908">
                <name>IVONNE DEL ROCIO HUAMAN TOCTO</name>
                <description>A.H Bicentenario MZ B  lote 32
Veintiséis de Octubre

Piura
Perú</description>
                <styleUrl>#909</styleUrl>
                <Point id="907">
                    <coordinates>-80.68673,-5.184636,0.0</coordinates>
                </Point>
            </Placemark>
            <Placemark id="913">
                <name>DOMINGUEZ CORDOVA DOLORES</name>
                <description>MZ D - 14 UPIS DE BICENTENARIO
Veintiséis de Octubre

Piura
Perú</description>
                <styleUrl>#914</styleUrl>
                <Point id="912">
                    <coordinates>-80.686827,-5.184787,0.0</coordinates>
                </Point>
            </Placemark>
            <Placemark id="918">
                <name>LUZ SOCORRO FLORES JIMENEZ</name>
                <description>PAREDES MACEDA MZ A 10 lt 37
Veintiséis de Octubre

Piura
Perú</description>
                <styleUrl>#919</styleUrl>
                <Point id="917">
                    <coordinates>-80.6850587,-5.179656,0.0</coordinates>
                </Point>
            </Placemark>
            <Placemark id="923">
                <name>GIULIANA VANESSA CHAFLOQUE MONTALVAN</name>
                <description>Mz A 10 lote 36 PAREDES MACEDA
Veintiséis de Octubre
Veintiséis de Octubre
Piura
Perú</description>
                <styleUrl>#924</styleUrl>
                <Point id="922">
                    <coordinates>-80.6850634,-5.1796442,0.0</coordinates>
                </Point>
            </Placemark>
            <Placemark id="928">
                <name>ROSA LIDA CORDOVA PAZ</name>
                <description>E-8 - 32 PAREDES MACEDA       
Veintiséis de Octubre
Veintiséis de Octubre
Piura
Perú</description>
                <styleUrl>#929</styleUrl>
                <Point id="927">
                    <coordinates>-80.6841718,-5.179871,0.0</coordinates>
                </Point>
            </Placemark>
            <Placemark id="933">
                <name>RUT LIZBETH GUEVARA SENMACHE</name>
                <description>MZ E 8 LOTE 01 AA.HH PAREDES MACEDA
Veintiséis de Octubre
Veintiséis de Octubre
Piura
Perú</description>
                <styleUrl>#934</styleUrl>
                <Point id="932">
                    <coordinates>-80.6836171,-5.1801745,0.0</coordinates>
                </Point>
            </Placemark>
            <Placemark id="938">
                <name>EDUBI VELIS BACA</name>
                <description>MZ H8 LOTE 26 PAREDES MACEDA
Veintiséis de Octubre
Veintiséis de Octubre
Piura
Perú</description>
                <styleUrl>#939</styleUrl>
                <Point id="937">
                    <coordinates>-80.6834745,-5.1804239,0.0</coordinates>
                </Point>
            </Placemark>
            <Placemark id="943">
                <name>ORFELINDA MONTALVAN CORDOVA</name>
                <description>PAREDES MACEDA H8 LT.28 Piura 
Veintiséis de Octubre
Veintiséis de Octubre
Piura
Perú</description>
                <styleUrl>#944</styleUrl>
                <Point id="942">
                    <coordinates>-80.6833101,-5.1802176,0.0</coordinates>
                </Point>
            </Placemark>
            <Placemark id="948">
                <name>ROSAURA MOGOLLON IPANAQUE</name>
                <description>A.H.SAN SEBASTIAN MZ.E2 LT.1  
Veintiséis de Octubre
Veintiséis de Octubre
Piura
Perú</description>
                <styleUrl>#949</styleUrl>
                <Point id="947">
                    <coordinates>-80.6803121,-5.1811403,0.0</coordinates>
                </Point>
            </Placemark>
            <Placemark id="953">
                <name>JULIA SOTO CASTILLO</name>
                <description>MZ A2 LTE 12 AA.HH SAN SEBASTIAN
Veintiséis de Octubre
Veintiséis de Octubre
Piura
Perú</description>
                <styleUrl>#954</styleUrl>
                <Point id="952">
                    <coordinates>-80.6791219,-5.1815735,0.0</coordinates>
                </Point>
            </Placemark>
        </Folder>
        <Folder id="957">
            <Style id="960">
                <IconStyle id="961">
                    <color>ff00ffff</color>
                    <colorMode>normal</colorMode>
                    <scale>1</scale>
                    <heading>0</heading>
                    <Icon id="962">
                        <href>http://maps.google.com/mapfiles/kml/pushpin/ylw-pushpin.png</href>
                    </Icon>
                </IconStyle>
            </Style>
            <Style id="965">
                <IconStyle id="966">
                    <color>ff00ffff</color>
                    <colorMode>normal</colorMode>
                    <scale>1</scale>
                    <heading>0</heading>
                    <Icon id="967">
                        <href>http://maps.google.com/mapfiles/kml/pushpin/ylw-pushpin.png</href>
                    </Icon>
                </IconStyle>
            </Style>
            <Style id="970">
                <IconStyle id="971">
                    <color>ff00ffff</color>
                    <colorMode>normal</colorMode>
                    <scale>1</scale>
                    <heading>0</heading>
                    <Icon id="972">
                        <href>http://maps.google.com/mapfiles/kml/pushpin/ylw-pushpin.png</href>
                    </Icon>
                </IconStyle>
            </Style>
            <Style id="975">
                <IconStyle id="976">
                    <color>ff00ffff</color>
                    <colorMode>normal</colorMode>
                    <scale>1</scale>
                    <heading>0</heading>
                    <Icon id="977">
                        <href>http://maps.google.com/mapfiles/kml/pushpin/ylw-pushpin.png</href>
                    </Icon>
                </IconStyle>
            </Style>
            <Style id="980">
                <IconStyle id="981">
                    <color>ff00ffff</color>
                    <colorMode>normal</colorMode>
                    <scale>1</scale>
                    <heading>0</heading>
                    <Icon id="982">
                        <href>http://maps.google.com/mapfiles/kml/pushpin/ylw-pushpin.png</href>
                    </Icon>
                </IconStyle>
            </Style>
            <Style id="985">
                <IconStyle id="986">
                    <color>ff00ffff</color>
                    <colorMode>normal</colorMode>
                    <scale>1</scale>
                    <heading>0</heading>
                    <Icon id="987">
                        <href>http://maps.google.com/mapfiles/kml/pushpin/ylw-pushpin.png</href>
                    </Icon>
                </IconStyle>
            </Style>
            <Style id="990">
                <IconStyle id="991">
                    <color>ff00ffff</color>
                    <colorMode>normal</colorMode>
                    <scale>1</scale>
                    <heading>0</heading>
                    <Icon id="992">
                        <href>http://maps.google.com/mapfiles/kml/pushpin/ylw-pushpin.png</href>
                    </Icon>
                </IconStyle>
            </Style>
            <Style id="995">
                <IconStyle id="996">
                    <color>ff00ffff</color>
                    <colorMode>normal</colorMode>
                    <scale>1</scale>
                    <heading>0</heading>
                    <Icon id="997">
                        <href>http://maps.google.com/mapfiles/kml/pushpin/ylw-pushpin.png</href>
                    </Icon>
                </IconStyle>
            </Style>
            <Style id="1000">
                <IconStyle id="1001">
                    <color>ff00ffff</color>
                    <colorMode>normal</colorMode>
                    <scale>1</scale>
                    <heading>0</heading>
                    <Icon id="1002">
                        <href>http://maps.google.com/mapfiles/kml/pushpin/ylw-pushpin.png</href>
                    </Icon>
                </IconStyle>
            </Style>
            <Style id="1005">
                <IconStyle id="1006">
                    <color>ff00ffff</color>
                    <colorMode>normal</colorMode>
                    <scale>1</scale>
                    <heading>0</heading>
                    <Icon id="1007">
                        <href>http://maps.google.com/mapfiles/kml/pushpin/ylw-pushpin.png</href>
                    </Icon>
                </IconStyle>
            </Style>
            <Style id="1010">
                <IconStyle id="1011">
                    <color>ff00ffff</color>
                    <colorMode>normal</colorMode>
                    <scale>1</scale>
                    <heading>0</heading>
                    <Icon id="1012">
                        <href>http://maps.google.com/mapfiles/kml/pushpin/ylw-pushpin.png</href>
                    </Icon>
                </IconStyle>
            </Style>
            <Style id="1015">
                <IconStyle id="1016">
                    <color>ff00ffff</color>
                    <colorMode>normal</colorMode>
                    <scale>1</scale>
                    <heading>0</heading>
                    <Icon id="1017">
                        <href>http://maps.google.com/mapfiles/kml/pushpin/ylw-pushpin.png</href>
                    </Icon>
                </IconStyle>
            </Style>
            <Style id="1020">
                <IconStyle id="1021">
                    <color>ff00ffff</color>
                    <colorMode>normal</colorMode>
                    <scale>1</scale>
                    <heading>0</heading>
                    <Icon id="1022">
                        <href>http://maps.google.com/mapfiles/kml/pushpin/ylw-pushpin.png</href>
                    </Icon>
                </IconStyle>
            </Style>
            <Style id="1025">
                <IconStyle id="1026">
                    <color>ff00ffff</color>
                    <colorMode>normal</colorMode>
                    <scale>1</scale>
                    <heading>0</heading>
                    <Icon id="1027">
                        <href>http://maps.google.com/mapfiles/kml/pushpin/ylw-pushpin.png</href>
                    </Icon>
                </IconStyle>
            </Style>
            <Style id="1030">
                <IconStyle id="1031">
                    <color>ff00ffff</color>
                    <colorMode>normal</colorMode>
                    <scale>1</scale>
                    <heading>0</heading>
                    <Icon id="1032">
                        <href>http://maps.google.com/mapfiles/kml/pushpin/ylw-pushpin.png</href>
                    </Icon>
                </IconStyle>
            </Style>
            <Style id="1035">
                <IconStyle id="1036">
                    <color>ff00ffff</color>
                    <colorMode>normal</colorMode>
                    <scale>1</scale>
                    <heading>0</heading>
                    <Icon id="1037">
                        <href>http://maps.google.com/mapfiles/kml/pushpin/ylw-pushpin.png</href>
                    </Icon>
                </IconStyle>
            </Style>
            <Style id="1040">
                <IconStyle id="1041">
                    <color>ff00ffff</color>
                    <colorMode>normal</colorMode>
                    <scale>1</scale>
                    <heading>0</heading>
                    <Icon id="1042">
                        <href>http://maps.google.com/mapfiles/kml/pushpin/ylw-pushpin.png</href>
                    </Icon>
                </IconStyle>
            </Style>
            <Style id="1045">
                <IconStyle id="1046">
                    <color>ff00ffff</color>
                    <colorMode>normal</colorMode>
                    <scale>1</scale>
                    <heading>0</heading>
                    <Icon id="1047">
                        <href>http://maps.google.com/mapfiles/kml/pushpin/ylw-pushpin.png</href>
                    </Icon>
                </IconStyle>
            </Style>
            <Style id="1050">
                <IconStyle id="1051">
                    <color>ff00ffff</color>
                    <colorMode>normal</colorMode>
                    <scale>1</scale>
                    <heading>0</heading>
                    <Icon id="1052">
                        <href>http://maps.google.com/mapfiles/kml/pushpin/ylw-pushpin.png</href>
                    </Icon>
                </IconStyle>
            </Style>
            <Style id="1055">
                <IconStyle id="1056">
                    <color>ff00ffff</color>
                    <colorMode>normal</colorMode>
                    <scale>1</scale>
                    <heading>0</heading>
                    <Icon id="1057">
                        <href>http://maps.google.com/mapfiles/kml/pushpin/ylw-pushpin.png</href>
                    </Icon>
                </IconStyle>
            </Style>
            <Style id="1060">
                <IconStyle id="1061">
                    <color>ff00ffff</color>
                    <colorMode>normal</colorMode>
                    <scale>1</scale>
                    <heading>0</heading>
                    <Icon id="1062">
                        <href>http://maps.google.com/mapfiles/kml/pushpin/ylw-pushpin.png</href>
                    </Icon>
                </IconStyle>
            </Style>
            <Style id="1065">
                <IconStyle id="1066">
                    <color>ff00ffff</color>
                    <colorMode>normal</colorMode>
                    <scale>1</scale>
                    <heading>0</heading>
                    <Icon id="1067">
                        <href>http://maps.google.com/mapfiles/kml/pushpin/ylw-pushpin.png</href>
                    </Icon>
                </IconStyle>
            </Style>
            <Style id="1070">
                <IconStyle id="1071">
                    <color>ff00ffff</color>
                    <colorMode>normal</colorMode>
                    <scale>1</scale>
                    <heading>0</heading>
                    <Icon id="1072">
                        <href>http://maps.google.com/mapfiles/kml/pushpin/ylw-pushpin.png</href>
                    </Icon>
                </IconStyle>
            </Style>
            <Style id="1075">
                <IconStyle id="1076">
                    <color>ff00ffff</color>
                    <colorMode>normal</colorMode>
                    <scale>1</scale>
                    <heading>0</heading>
                    <Icon id="1077">
                        <href>http://maps.google.com/mapfiles/kml/pushpin/ylw-pushpin.png</href>
                    </Icon>
                </IconStyle>
            </Style>
            <Style id="1080">
                <IconStyle id="1081">
                    <color>ff00ffff</color>
                    <colorMode>normal</colorMode>
                    <scale>1</scale>
                    <heading>0</heading>
                    <Icon id="1082">
                        <href>http://maps.google.com/mapfiles/kml/pushpin/ylw-pushpin.png</href>
                    </Icon>
                </IconStyle>
            </Style>
            <Style id="1085">
                <IconStyle id="1086">
                    <color>ff00ffff</color>
                    <colorMode>normal</colorMode>
                    <scale>1</scale>
                    <heading>0</heading>
                    <Icon id="1087">
                        <href>http://maps.google.com/mapfiles/kml/pushpin/ylw-pushpin.png</href>
                    </Icon>
                </IconStyle>
            </Style>
            <Style id="1090">
                <IconStyle id="1091">
                    <color>ff00ffff</color>
                    <colorMode>normal</colorMode>
                    <scale>1</scale>
                    <heading>0</heading>
                    <Icon id="1092">
                        <href>http://maps.google.com/mapfiles/kml/pushpin/ylw-pushpin.png</href>
                    </Icon>
                </IconStyle>
            </Style>
            <Style id="1095">
                <IconStyle id="1096">
                    <color>ff00ffff</color>
                    <colorMode>normal</colorMode>
                    <scale>1</scale>
                    <heading>0</heading>
                    <Icon id="1097">
                        <href>http://maps.google.com/mapfiles/kml/pushpin/ylw-pushpin.png</href>
                    </Icon>
                </IconStyle>
            </Style>
            <Style id="1100">
                <IconStyle id="1101">
                    <color>ff00ffff</color>
                    <colorMode>normal</colorMode>
                    <scale>1</scale>
                    <heading>0</heading>
                    <Icon id="1102">
                        <href>http://maps.google.com/mapfiles/kml/pushpin/ylw-pushpin.png</href>
                    </Icon>
                </IconStyle>
            </Style>
            <Style id="1105">
                <IconStyle id="1106">
                    <color>ff00ffff</color>
                    <colorMode>normal</colorMode>
                    <scale>1</scale>
                    <heading>0</heading>
                    <Icon id="1107">
                        <href>http://maps.google.com/mapfiles/kml/pushpin/ylw-pushpin.png</href>
                    </Icon>
                </IconStyle>
            </Style>
            <Style id="1110">
                <IconStyle id="1111">
                    <color>ff00ffff</color>
                    <colorMode>normal</colorMode>
                    <scale>1</scale>
                    <heading>0</heading>
                    <Icon id="1112">
                        <href>http://maps.google.com/mapfiles/kml/pushpin/ylw-pushpin.png</href>
                    </Icon>
                </IconStyle>
            </Style>
            <Style id="1115">
                <IconStyle id="1116">
                    <color>ff00ffff</color>
                    <colorMode>normal</colorMode>
                    <scale>1</scale>
                    <heading>0</heading>
                    <Icon id="1117">
                        <href>http://maps.google.com/mapfiles/kml/pushpin/ylw-pushpin.png</href>
                    </Icon>
                </IconStyle>
            </Style>
            <Style id="1120">
                <IconStyle id="1121">
                    <color>ff00ffff</color>
                    <colorMode>normal</colorMode>
                    <scale>1</scale>
                    <heading>0</heading>
                    <Icon id="1122">
                        <href>http://maps.google.com/mapfiles/kml/pushpin/ylw-pushpin.png</href>
                    </Icon>
                </IconStyle>
            </Style>
            <Style id="1125">
                <IconStyle id="1126">
                    <color>ff00ffff</color>
                    <colorMode>normal</colorMode>
                    <scale>1</scale>
                    <heading>0</heading>
                    <Icon id="1127">
                        <href>http://maps.google.com/mapfiles/kml/pushpin/ylw-pushpin.png</href>
                    </Icon>
                </IconStyle>
            </Style>
            <Style id="1130">
                <IconStyle id="1131">
                    <color>ff00ffff</color>
                    <colorMode>normal</colorMode>
                    <scale>1</scale>
                    <heading>0</heading>
                    <Icon id="1132">
                        <href>http://maps.google.com/mapfiles/kml/pushpin/ylw-pushpin.png</href>
                    </Icon>
                </IconStyle>
            </Style>
            <Style id="1135">
                <IconStyle id="1136">
                    <color>ff00ffff</color>
                    <colorMode>normal</colorMode>
                    <scale>1</scale>
                    <heading>0</heading>
                    <Icon id="1137">
                        <href>http://maps.google.com/mapfiles/kml/pushpin/ylw-pushpin.png</href>
                    </Icon>
                </IconStyle>
            </Style>
            <Style id="1140">
                <IconStyle id="1141">
                    <color>ff00ffff</color>
                    <colorMode>normal</colorMode>
                    <scale>1</scale>
                    <heading>0</heading>
                    <Icon id="1142">
                        <href>http://maps.google.com/mapfiles/kml/pushpin/ylw-pushpin.png</href>
                    </Icon>
                </IconStyle>
            </Style>
            <Style id="1145">
                <IconStyle id="1146">
                    <color>ff00ffff</color>
                    <colorMode>normal</colorMode>
                    <scale>1</scale>
                    <heading>0</heading>
                    <Icon id="1147">
                        <href>http://maps.google.com/mapfiles/kml/pushpin/ylw-pushpin.png</href>
                    </Icon>
                </IconStyle>
            </Style>
            <name>DOMITILA QUISPE MIRANDA</name>
            <Placemark id="959">
                <name>PATRICIA LILIANA MENDOZA MOGOLLON</name>
                <description>MZ 1 LT 10 CA JOSE CARLOS MARIATEGUI NUEVO TAMARINDO
Vichayal
Paita
Piura
Perú</description>
                <styleUrl>#960</styleUrl>
                <Point id="958">
                    <coordinates>-81.102246,-4.8746732,0.0</coordinates>
                </Point>
            </Placemark>
            <Placemark id="964">
                <name>ROSA ARISMENDIS ATOCHE</name>
                <description>CA. PLAZA DE ARMAS 019 CP. TAMARIND
Tamarindo
Tamarindo
Piura
Perú</description>
                <styleUrl>#965</styleUrl>
                <Point id="963">
                    <coordinates>-80.9755629,-4.8780273,0.0</coordinates>
                </Point>
            </Placemark>
            <Placemark id="969">
                <name>BETHA CARMINA CASTILLO CORTEZ</name>
                <description>Calle la Víctor nuevo libertad S/N
Tamarindo
Tamarindo
Piura
Perú</description>
                <styleUrl>#970</styleUrl>
                <Point id="968">
                    <coordinates>-80.9875895,-4.8801147,0.0</coordinates>
                </Point>
            </Placemark>
            <Placemark id="974">
                <name>ARIANA MASSIEL VEGA MEDINA</name>
                <description>Calle Sánchez cerro con Loreto la libertad
Tamarindo
Paita
Piura
Perú</description>
                <styleUrl>#975</styleUrl>
                <Point id="973">
                    <coordinates>-80.9844167,-4.8796325,0.0</coordinates>
                </Point>
            </Placemark>
            <Placemark id="979">
                <name>EVELIN DESIRE PAICO ATOCHE</name>
                <description>Calle arequipa- la libertad
Tamarindo

Piura
Perú</description>
                <styleUrl>#980</styleUrl>
                <Point id="978">
                    <coordinates>-80.97942,-4.88039,0.0</coordinates>
                </Point>
            </Placemark>
            <Placemark id="984">
                <name>KAREN KATHERINE RONDOY VALVERDE</name>
                <description>CA TACNA S/N LIBERTAD - TAMARINDO
Tamarindo
Paita
Piura
Perú</description>
                <styleUrl>#985</styleUrl>
                <Point id="983">
                    <coordinates>-80.9835518,-4.879222,0.0</coordinates>
                </Point>
            </Placemark>
            <Placemark id="989">
                <name>ANA CECILIA MEDINA PAICO</name>
                <description>Calle santo rojas 14 (costado del pozo)
Tamarindo
Paita
Piura
Perú</description>
                <styleUrl>#990</styleUrl>
                <Point id="988">
                    <coordinates>-80.9770892,-4.8802757,0.0</coordinates>
                </Point>
            </Placemark>
            <Placemark id="994">
                <name>ANAGALY YOMAIRA NIZAMA CHAPA</name>
                <description>CONSTITUCION S/N 3 TAMARINDO-SULLANA
Tamarindo
Paita
Piura
Perú</description>
                <styleUrl>#995</styleUrl>
                <Point id="993">
                    <coordinates>-80.9772644,-4.8786515,0.0</coordinates>
                </Point>
            </Placemark>
            <Placemark id="999">
                <name>GARAY GARCIA YENY MARIELA</name>
                <description>CA.SALAVERRY SN
Tamarindo
Paita
Piura
Perú</description>
                <styleUrl>#1000</styleUrl>
                <Point id="998">
                    <coordinates>-80.9742432,-4.8778865,0.0</coordinates>
                </Point>
            </Placemark>
            <Placemark id="1004">
                <name>ROSANA FACUNDO VEGA</name>
                <description>Manco Cápac1 S/N
Tamarindo
Paita
Piura
Perú</description>
                <styleUrl>#1005</styleUrl>
                <Point id="1003">
                    <coordinates>-80.974698,-4.8770669,0.0</coordinates>
                </Point>
            </Placemark>
            <Placemark id="1009">
                <name>JESUS JANETH GARCIA LLACSAHUACHE</name>
                <description>MZA LL LT-37 I ETP MARCO JARA PAITA
Paita
Paita
Piura
Perú</description>
                <styleUrl>#1010</styleUrl>
                <Point id="1008">
                    <coordinates>-81.0977441,-5.0996917,0.0</coordinates>
                </Point>
            </Placemark>
            <Placemark id="1014">
                <name>MARJURY MENDOZA CORTEZ</name>
                <description>Calle sechurita tamarindo
Paita
Paita
Piura
Perú</description>
                <styleUrl>#1015</styleUrl>
                <Point id="1013">
                    <coordinates>-80.969026,-4.8763338,0.0</coordinates>
                </Point>
            </Placemark>
            <Placemark id="1019">
                <name>MARIA ANTONIA CHAPA SILUPU DE MOGOLLON</name>
                <description>SECHURITA FRENTE AL PARQUE TAMARINDO-PIURA
Tamarindo
Paita
Piura
Perú</description>
                <styleUrl>#1020</styleUrl>
                <Point id="1018">
                    <coordinates>-80.9695349,-4.8769471,0.0</coordinates>
                </Point>
            </Placemark>
            <Placemark id="1024">
                <name>TALLEDO PALACIOS NELLY</name>
                <description>CA CONSTITUCION SN POR LA POSTA DE TAMARINDO
Tamarindo
Paita
Piura
Perú</description>
                <styleUrl>#1025</styleUrl>
                <Point id="1023">
                    <coordinates>-80.9723186,-4.8781549,0.0</coordinates>
                </Point>
            </Placemark>
            <Placemark id="1029">
                <name>LOPEZ NUÑEZ LALESHKA MERCEDES</name>
                <description>LOPEZ NUÑEZ LALESHKA MERCEDES
Calle plaza de armas S/N tamarindo
Tamarindo
Paita
Piura
Perú</description>
                <styleUrl>#1030</styleUrl>
                <Point id="1028">
                    <coordinates>-80.9756166,-4.8784149,0.0</coordinates>
                </Point>
            </Placemark>
            <Placemark id="1034">
                <name>NANCY CLAVIJO MORAN</name>
                <description>Calle Salaverry SN tamarindo
Tamarindo
Paita
Piura
Perú</description>
                <styleUrl>#1035</styleUrl>
                <Point id="1033">
                    <coordinates>-80.9742683,-4.8779319,0.0</coordinates>
                </Point>
            </Placemark>
            <Placemark id="1039">
                <name>LOPEZ NUÑEZ LALESHKA MERCEDES</name>
                <description>LOPEZ NUÑEZ LALESHKA MERCEDES
Calle plaza de armas S/N tamarindo
Tamarindo
Paita
Piura
Perú</description>
                <styleUrl>#1040</styleUrl>
                <Point id="1038">
                    <coordinates>-80.9756166,-4.8784149,0.0</coordinates>
                </Point>
            </Placemark>
            <Placemark id="1044">
                <name>NANCY CLAVIJO MORAN</name>
                <description>Calle Salaverry SN tamarindo
Tamarindo
Paita
Piura
Perú</description>
                <styleUrl>#1045</styleUrl>
                <Point id="1043">
                    <coordinates>-80.9742683,-4.8779319,0.0</coordinates>
                </Point>
            </Placemark>
            <Placemark id="1049">
                <name>JENNY EMIDIA CRUZ ALBINES</name>
                <description>Calle Bolognesi sn tamarindo
Tamarindo
Paita
Piura
Perú</description>
                <styleUrl>#1050</styleUrl>
                <Point id="1048">
                    <coordinates>-80.9762283,-4.8799201,0.0</coordinates>
                </Point>
            </Placemark>
            <Placemark id="1054">
                <name>CARNAQUE DELGADO MARIA DEL PILAR</name>
                <description>CA el tambo
Tamarindo
Paita
Piura
Perú</description>
                <styleUrl>#1055</styleUrl>
                <Point id="1053">
                    <coordinates>-81.0041634,-4.886857,0.0</coordinates>
                </Point>
            </Placemark>
            <Placemark id="1059">
                <name>AMELIA PEÑA GIRON</name>
                <description>Calle San Martin tamarindo
Tamarindo
Paita
Piura
Perú</description>
                <styleUrl>#1060</styleUrl>
                <Point id="1058">
                    <coordinates>-80.9761198,-4.8798192,0.0</coordinates>
                </Point>
            </Placemark>
            <Placemark id="1064">
                <name>CRUZ BENITES ERIKA ABIGAIL</name>
                <description>C.P.TAMBO SN
Tamarindo
Paita
Piura
Perú</description>
                <styleUrl>#1065</styleUrl>
                <Point id="1063">
                    <coordinates>-81.004647,-4.888201,0.0</coordinates>
                </Point>
            </Placemark>
            <Placemark id="1069">
                <name>KAREN SHESIRA YAMUNAQUE NIZAMA</name>
                <description>Calle Simón Rodríguez S/N el tambo
Tamarindo
Paita
Piura
Perú</description>
                <styleUrl>#1070</styleUrl>
                <Point id="1068">
                    <coordinates>-81.0030332,-4.8859453,0.0</coordinates>
                </Point>
            </Placemark>
            <Placemark id="1074">
                <name>LUCY SMITH LOPEZ INFANTE</name>
                <description>Alfonso Ugarte 62 tamarindo
Tamarindo
Paita
Piura
Perú</description>
                <styleUrl>#1075</styleUrl>
                <Point id="1073">
                    <coordinates>-80.9771422,-4.8805769,0.0</coordinates>
                </Point>
            </Placemark>
            <Placemark id="1079">
                <name>ESTHER CESPEDES LUPU</name>
                <description>Calle independencia amotape  referencia frente al cacique
Tamarindo

Piura
Perú</description>
                <styleUrl>#1080</styleUrl>
                <Point id="1078">
                    <coordinates>-81.0154898,-4.8829023,0.0</coordinates>
                </Point>
            </Placemark>
            <Placemark id="1084">
                <name>BENITES GARCIA VDA DE MEDINA LOURDES MARTINA</name>
                <description>CA.INDEPENDENCIA -AMOTAPE NÂ°333 -Q
Tamarindo
Paita
Piura
Perú</description>
                <styleUrl>#1085</styleUrl>
                <Point id="1083">
                    <coordinates>-81.0151915,-4.8855813,0.0</coordinates>
                </Point>
            </Placemark>
            <Placemark id="1089">
                <name>GABY GUISELA ESTRADA SILVA</name>
                <description>Calle grau sn miramar
Vichayal


Perú</description>
                <styleUrl>#1090</styleUrl>
                <Point id="1088">
                    <coordinates>-81.100572,-4.87187,0.0</coordinates>
                </Point>
            </Placemark>
            <Placemark id="1094">
                <name>CARLOS ALBERTO OLIVA PEÑA</name>
                <description>Plaza de armas 114 amotape
Tamarindo

Piura
Perú</description>
                <styleUrl>#1095</styleUrl>
                <Point id="1093">
                    <coordinates>-81.0150023,-4.8811925,0.0</coordinates>
                </Point>
            </Placemark>
            <Placemark id="1099">
                <name>JENNY CARRILLO VARGAS</name>
                <description>CAL. PLAZA DE ARMAS MZ.6 LT11 CERCA
Tamarindo
Paita
Piura
Perú</description>
                <styleUrl>#1100</styleUrl>
                <Point id="1098">
                    <coordinates>-81.0151236,-4.8810972,0.0</coordinates>
                </Point>
            </Placemark>
            <Placemark id="1104">
                <name>CLAVIJO DE SAENZ MARIA ISABEL</name>
                <description>CA.SAN MARTIN SN al costado de la comisaría amotape
Paita
Paita
Piura
Perú</description>
                <styleUrl>#1105</styleUrl>
                <Point id="1103">
                    <coordinates>-81.015935,-4.880586,0.0</coordinates>
                </Point>
            </Placemark>
            <Placemark id="1109">
                <name>CARRASCO BURGOS SARY KAMALIX</name>
                <description>AV.PIURA MZ.14 LT.3 CERCADO FRNT AL
Vichayal
Paita
Piura
Perú</description>
                <styleUrl>#1110</styleUrl>
                <Point id="1108">
                    <coordinates>-81.0669443,-4.8654516,0.0</coordinates>
                </Point>
            </Placemark>
            <Placemark id="1114">
                <name>LUZ MARIA SANCHEZ RAMOS</name>
                <description>VICHAYAL
Vichayal
Paita
Piura
Perú</description>
                <styleUrl>#1115</styleUrl>
                <Point id="1113">
                    <coordinates>-81.0651004,-4.8657593,0.0</coordinates>
                </Point>
            </Placemark>
            <Placemark id="1119">
                <name>PEÑA VARGAS MACHUCA BRIGITTE DEYANN</name>
                <description>AV MARISCAL CASTILLA MZ 35 LT 14 C.
Vichayal
Vichayal
Piura
Perú</description>
                <styleUrl>#1120</styleUrl>
                <Point id="1118">
                    <coordinates>-81.0706702,-4.8647364,0.0</coordinates>
                </Point>
            </Placemark>
            <Placemark id="1124">
                <name>ANITA MARLENY VILCHEZ FERNANDEZ</name>
                <description>Calle nuevo talara salida de vichayal
Vichayal
Talara
Piura
Perú</description>
                <styleUrl>#1125</styleUrl>
                <Point id="1123">
                    <coordinates>-81.0623827,-4.8650128,0.0</coordinates>
                </Point>
            </Placemark>
            <Placemark id="1129">
                <name>ALICE NATALI RUIZ SERNAQUE</name>
                <description>Calle grau  frente al parque la amistad miramar
Vichayal
Paita
Piura
Perú</description>
                <styleUrl>#1130</styleUrl>
                <Point id="1128">
                    <coordinates>-81.1005227,-4.8718071,0.0</coordinates>
                </Point>
            </Placemark>
            <Placemark id="1134">
                <name>ROSA MARIA TAVARA OLAYA</name>
                <description>CA MIGUEL GRAU S/N MIRAMAR referencia frente comunidad campesina
Tamarindo
Paita
Piura
Perú</description>
                <styleUrl>#1135</styleUrl>
                <Point id="1133">
                    <coordinates>-81.1011817,-4.8735825,0.0</coordinates>
                </Point>
            </Placemark>
            <Placemark id="1139">
                <name>MADELEINE ESTRADA RAMOS</name>
                <description>MADELEINE ESTRADA RAMOS
JR. MIGUEL GRAU NRO. S/N C.P.M MIRA
Colan
Paita
Piura
Perú</description>
                <styleUrl>#1140</styleUrl>
                <Point id="1138">
                    <coordinates>-81.056225,-4.901797,0.0</coordinates>
                </Point>
            </Placemark>
            <Placemark id="1144">
                <name>NERY MICHEL CRUZ CALDERON</name>
                <description>Miramar a espaldas de la plazuela
Tamarindo
Paita
Piura
Perú</description>
                <styleUrl>#1145</styleUrl>
                <Point id="1143">
                    <coordinates>-81.1019342,-4.8746148,0.0</coordinates>
                </Point>
            </Placemark>
        </Folder>
        <Folder id="1148">
            <Style id="1151">
                <IconStyle id="1152">
                    <color>ff0000ff</color>
                    <colorMode>normal</colorMode>
                    <scale>1</scale>
                    <heading>0</heading>
                    <Icon id="1153">
                        <href>http://maps.google.com/mapfiles/kml/pushpin/ylw-pushpin.png</href>
                    </Icon>
                </IconStyle>
            </Style>
            <Style id="1156">
                <IconStyle id="1157">
                    <color>ff0000ff</color>
                    <colorMode>normal</colorMode>
                    <scale>1</scale>
                    <heading>0</heading>
                    <Icon id="1158">
                        <href>http://maps.google.com/mapfiles/kml/pushpin/ylw-pushpin.png</href>
                    </Icon>
                </IconStyle>
            </Style>
            <Style id="1161">
                <IconStyle id="1162">
                    <color>ff0000ff</color>
                    <colorMode>normal</colorMode>
                    <scale>1</scale>
                    <heading>0</heading>
                    <Icon id="1163">
                        <href>http://maps.google.com/mapfiles/kml/pushpin/ylw-pushpin.png</href>
                    </Icon>
                </IconStyle>
            </Style>
            <Style id="1166">
                <IconStyle id="1167">
                    <color>ff0000ff</color>
                    <colorMode>normal</colorMode>
                    <scale>1</scale>
                    <heading>0</heading>
                    <Icon id="1168">
                        <href>http://maps.google.com/mapfiles/kml/pushpin/ylw-pushpin.png</href>
                    </Icon>
                </IconStyle>
            </Style>
            <Style id="1171">
                <IconStyle id="1172">
                    <color>ff0000ff</color>
                    <colorMode>normal</colorMode>
                    <scale>1</scale>
                    <heading>0</heading>
                    <Icon id="1173">
                        <href>http://maps.google.com/mapfiles/kml/pushpin/ylw-pushpin.png</href>
                    </Icon>
                </IconStyle>
            </Style>
            <Style id="1176">
                <IconStyle id="1177">
                    <color>ff0000ff</color>
                    <colorMode>normal</colorMode>
                    <scale>1</scale>
                    <heading>0</heading>
                    <Icon id="1178">
                        <href>http://maps.google.com/mapfiles/kml/pushpin/ylw-pushpin.png</href>
                    </Icon>
                </IconStyle>
            </Style>
            <Style id="1181">
                <IconStyle id="1182">
                    <color>ff0000ff</color>
                    <colorMode>normal</colorMode>
                    <scale>1</scale>
                    <heading>0</heading>
                    <Icon id="1183">
                        <href>http://maps.google.com/mapfiles/kml/pushpin/ylw-pushpin.png</href>
                    </Icon>
                </IconStyle>
            </Style>
            <Style id="1186">
                <IconStyle id="1187">
                    <color>ff0000ff</color>
                    <colorMode>normal</colorMode>
                    <scale>1</scale>
                    <heading>0</heading>
                    <Icon id="1188">
                        <href>http://maps.google.com/mapfiles/kml/pushpin/ylw-pushpin.png</href>
                    </Icon>
                </IconStyle>
            </Style>
            <Style id="1191">
                <IconStyle id="1192">
                    <color>ff0000ff</color>
                    <colorMode>normal</colorMode>
                    <scale>1</scale>
                    <heading>0</heading>
                    <Icon id="1193">
                        <href>http://maps.google.com/mapfiles/kml/pushpin/ylw-pushpin.png</href>
                    </Icon>
                </IconStyle>
            </Style>
            <Style id="1196">
                <IconStyle id="1197">
                    <color>ff0000ff</color>
                    <colorMode>normal</colorMode>
                    <scale>1</scale>
                    <heading>0</heading>
                    <Icon id="1198">
                        <href>http://maps.google.com/mapfiles/kml/pushpin/ylw-pushpin.png</href>
                    </Icon>
                </IconStyle>
            </Style>
            <Style id="1201">
                <IconStyle id="1202">
                    <color>ff0000ff</color>
                    <colorMode>normal</colorMode>
                    <scale>1</scale>
                    <heading>0</heading>
                    <Icon id="1203">
                        <href>http://maps.google.com/mapfiles/kml/pushpin/ylw-pushpin.png</href>
                    </Icon>
                </IconStyle>
            </Style>
            <Style id="1206">
                <IconStyle id="1207">
                    <color>ff0000ff</color>
                    <colorMode>normal</colorMode>
                    <scale>1</scale>
                    <heading>0</heading>
                    <Icon id="1208">
                        <href>http://maps.google.com/mapfiles/kml/pushpin/ylw-pushpin.png</href>
                    </Icon>
                </IconStyle>
            </Style>
            <name>EDDINSON CECILIO DIOSES SAAVEDRA</name>
            <Placemark id="1150">
                <name>TRINIDAD SEMINARIO ROJAS</name>
                <description>CAL. LOPEZ ALBUJAR MZ. D LT. 4 AH.
Morropón

Piura
Perú</description>
                <styleUrl>#1151</styleUrl>
                <Point id="1149">
                    <coordinates>-79.9670283,-5.1871431,0.0</coordinates>
                </Point>
            </Placemark>
            <Placemark id="1155">
                <name>SIGRID MARITA CORDOVA GARCIA</name>
                <description>CAJAMARCA #201 MORROPON-PIURA
Morropón

Piura
Perú</description>
                <styleUrl>#1156</styleUrl>
                <Point id="1154">
                    <coordinates>-79.9690149,-5.1852495,0.0</coordinates>
                </Point>
            </Placemark>
            <Placemark id="1160">
                <name>SIGRID MARITA CORDOVA GARCIA</name>
                <description>CAJAMARCA #201 MORROPON-PIURA
Morropón

Piura
Perú</description>
                <styleUrl>#1161</styleUrl>
                <Point id="1159">
                    <coordinates>-79.9690149,-5.1852495,0.0</coordinates>
                </Point>
            </Placemark>
            <Placemark id="1165">
                <name>LELIS PEÑA CORDOVA</name>
                <description>Ah.Sta.Rosa CLL.San.Miguel MZ.U lt.1 Morropon
Morropón

Piura
Perú</description>
                <styleUrl>#1166</styleUrl>
                <Point id="1164">
                    <coordinates>-79.968962,-5.179943,0.0</coordinates>
                </Point>
            </Placemark>
            <Placemark id="1170">
                <name>SEGUNDO ERASMO AVALOS GUTIERREZ</name>
                <description>CALLE 2 MAYO 518
Morropón
Morropón
Piura
Perú</description>
                <styleUrl>#1171</styleUrl>
                <Point id="1169">
                    <coordinates>-79.9713538,-5.1840459,0.0</coordinates>
                </Point>
            </Placemark>
            <Placemark id="1175">
                <name>SEGUNDO ERASMO AVALOS GUTIERREZ</name>
                <description>CALLE 2 MAYO 518
Morropón
Morropón
Piura
Perú</description>
                <styleUrl>#1176</styleUrl>
                <Point id="1174">
                    <coordinates>-79.9713538,-5.1840459,0.0</coordinates>
                </Point>
            </Placemark>
            <Placemark id="1180">
                <name>ADELA GARCIA LOPEZ</name>
                <description>Av lima 620 morropón
Morropón
Morropón
Piura
Perú</description>
                <styleUrl>#1181</styleUrl>
                <Point id="1179">
                    <coordinates>-79.9671128,-5.1864914,0.0</coordinates>
                </Point>
            </Placemark>
            <Placemark id="1185">
                <name>SIXTO OROZCO MONTALBAN</name>
                <description>CALLE LIMA II MORROPON-PIURA
Morropón
Morropón
Piura
Perú</description>
                <styleUrl>#1186</styleUrl>
                <Point id="1184">
                    <coordinates>-79.9656045,-5.1867027,0.0</coordinates>
                </Point>
            </Placemark>
            <Placemark id="1190">
                <name>YERALDI CASTILLO CORDOVA</name>
                <description>Lima 465 / frente a Sixto Orozco
Morropón
Morropón
Piura
Perú</description>
                <styleUrl>#1191</styleUrl>
                <Point id="1189">
                    <coordinates>-79.9655605,-5.186827,0.0</coordinates>
                </Point>
            </Placemark>
            <Placemark id="1195">
                <name>GLADYZ ELIZABETH MONTALVAN CORDOVA</name>
                <description>AV. JUAN VELAZCO MZ I LT 9 - MORROP
Morropón
Morropón
Piura
Perú</description>
                <styleUrl>#1196</styleUrl>
                <Point id="1194">
                    <coordinates>-79.9618082,-5.1880931,0.0</coordinates>
                </Point>
            </Placemark>
            <Placemark id="1200">
                <name>ROSA ISABEL MOLERO MORALES</name>
                <description>AV LOPEZ ALBUJAR
Morropón
Morropón
Piura
Perú</description>
                <styleUrl>#1201</styleUrl>
                <Point id="1199">
                    <coordinates>-79.9664407,-5.1875505,0.0</coordinates>
                </Point>
            </Placemark>
            <Placemark id="1205">
                <name>OCREYLER E.I.R.L.</name>
                <description>AV. LIMA NRO. 997 OTR. CERCADO
Morropón
Morropón
Piura
Perú</description>
                <styleUrl>#1206</styleUrl>
                <Point id="1204">
                    <coordinates>-79.9707676,-5.1859851,0.0</coordinates>
                </Point>
            </Placemark>
        </Folder>
        <Folder id="1209">
            <Style id="1212">
                <IconStyle id="1213">
                    <color>ffff0000</color>
                    <colorMode>normal</colorMode>
                    <scale>1</scale>
                    <heading>0</heading>
                    <Icon id="1214">
                        <href>http://maps.google.com/mapfiles/kml/pushpin/ylw-pushpin.png</href>
                    </Icon>
                </IconStyle>
            </Style>
            <Style id="1217">
                <IconStyle id="1218">
                    <color>ffff0000</color>
                    <colorMode>normal</colorMode>
                    <scale>1</scale>
                    <heading>0</heading>
                    <Icon id="1219">
                        <href>http://maps.google.com/mapfiles/kml/pushpin/ylw-pushpin.png</href>
                    </Icon>
                </IconStyle>
            </Style>
            <Style id="1222">
                <IconStyle id="1223">
                    <color>ffff0000</color>
                    <colorMode>normal</colorMode>
                    <scale>1</scale>
                    <heading>0</heading>
                    <Icon id="1224">
                        <href>http://maps.google.com/mapfiles/kml/pushpin/ylw-pushpin.png</href>
                    </Icon>
                </IconStyle>
            </Style>
            <Style id="1227">
                <IconStyle id="1228">
                    <color>ffff0000</color>
                    <colorMode>normal</colorMode>
                    <scale>1</scale>
                    <heading>0</heading>
                    <Icon id="1229">
                        <href>http://maps.google.com/mapfiles/kml/pushpin/ylw-pushpin.png</href>
                    </Icon>
                </IconStyle>
            </Style>
            <Style id="1232">
                <IconStyle id="1233">
                    <color>ffff0000</color>
                    <colorMode>normal</colorMode>
                    <scale>1</scale>
                    <heading>0</heading>
                    <Icon id="1234">
                        <href>http://maps.google.com/mapfiles/kml/pushpin/ylw-pushpin.png</href>
                    </Icon>
                </IconStyle>
            </Style>
            <Style id="1237">
                <IconStyle id="1238">
                    <color>ffff0000</color>
                    <colorMode>normal</colorMode>
                    <scale>1</scale>
                    <heading>0</heading>
                    <Icon id="1239">
                        <href>http://maps.google.com/mapfiles/kml/pushpin/ylw-pushpin.png</href>
                    </Icon>
                </IconStyle>
            </Style>
            <Style id="1242">
                <IconStyle id="1243">
                    <color>ffff0000</color>
                    <colorMode>normal</colorMode>
                    <scale>1</scale>
                    <heading>0</heading>
                    <Icon id="1244">
                        <href>http://maps.google.com/mapfiles/kml/pushpin/ylw-pushpin.png</href>
                    </Icon>
                </IconStyle>
            </Style>
            <Style id="1247">
                <IconStyle id="1248">
                    <color>ffff0000</color>
                    <colorMode>normal</colorMode>
                    <scale>1</scale>
                    <heading>0</heading>
                    <Icon id="1249">
                        <href>http://maps.google.com/mapfiles/kml/pushpin/ylw-pushpin.png</href>
                    </Icon>
                </IconStyle>
            </Style>
            <Style id="1252">
                <IconStyle id="1253">
                    <color>ffff0000</color>
                    <colorMode>normal</colorMode>
                    <scale>1</scale>
                    <heading>0</heading>
                    <Icon id="1254">
                        <href>http://maps.google.com/mapfiles/kml/pushpin/ylw-pushpin.png</href>
                    </Icon>
                </IconStyle>
            </Style>
            <Style id="1257">
                <IconStyle id="1258">
                    <color>ffff0000</color>
                    <colorMode>normal</colorMode>
                    <scale>1</scale>
                    <heading>0</heading>
                    <Icon id="1259">
                        <href>http://maps.google.com/mapfiles/kml/pushpin/ylw-pushpin.png</href>
                    </Icon>
                </IconStyle>
            </Style>
            <Style id="1262">
                <IconStyle id="1263">
                    <color>ffff0000</color>
                    <colorMode>normal</colorMode>
                    <scale>1</scale>
                    <heading>0</heading>
                    <Icon id="1264">
                        <href>http://maps.google.com/mapfiles/kml/pushpin/ylw-pushpin.png</href>
                    </Icon>
                </IconStyle>
            </Style>
            <Style id="1267">
                <IconStyle id="1268">
                    <color>ffff0000</color>
                    <colorMode>normal</colorMode>
                    <scale>1</scale>
                    <heading>0</heading>
                    <Icon id="1269">
                        <href>http://maps.google.com/mapfiles/kml/pushpin/ylw-pushpin.png</href>
                    </Icon>
                </IconStyle>
            </Style>
            <Style id="1272">
                <IconStyle id="1273">
                    <color>ffff0000</color>
                    <colorMode>normal</colorMode>
                    <scale>1</scale>
                    <heading>0</heading>
                    <Icon id="1274">
                        <href>http://maps.google.com/mapfiles/kml/pushpin/ylw-pushpin.png</href>
                    </Icon>
                </IconStyle>
            </Style>
            <Style id="1277">
                <IconStyle id="1278">
                    <color>ffff0000</color>
                    <colorMode>normal</colorMode>
                    <scale>1</scale>
                    <heading>0</heading>
                    <Icon id="1279">
                        <href>http://maps.google.com/mapfiles/kml/pushpin/ylw-pushpin.png</href>
                    </Icon>
                </IconStyle>
            </Style>
            <Style id="1282">
                <IconStyle id="1283">
                    <color>ffff0000</color>
                    <colorMode>normal</colorMode>
                    <scale>1</scale>
                    <heading>0</heading>
                    <Icon id="1284">
                        <href>http://maps.google.com/mapfiles/kml/pushpin/ylw-pushpin.png</href>
                    </Icon>
                </IconStyle>
            </Style>
            <Style id="1287">
                <IconStyle id="1288">
                    <color>ffff0000</color>
                    <colorMode>normal</colorMode>
                    <scale>1</scale>
                    <heading>0</heading>
                    <Icon id="1289">
                        <href>http://maps.google.com/mapfiles/kml/pushpin/ylw-pushpin.png</href>
                    </Icon>
                </IconStyle>
            </Style>
            <Style id="1292">
                <IconStyle id="1293">
                    <color>ffff0000</color>
                    <colorMode>normal</colorMode>
                    <scale>1</scale>
                    <heading>0</heading>
                    <Icon id="1294">
                        <href>http://maps.google.com/mapfiles/kml/pushpin/ylw-pushpin.png</href>
                    </Icon>
                </IconStyle>
            </Style>
            <Style id="1297">
                <IconStyle id="1298">
                    <color>ffff0000</color>
                    <colorMode>normal</colorMode>
                    <scale>1</scale>
                    <heading>0</heading>
                    <Icon id="1299">
                        <href>http://maps.google.com/mapfiles/kml/pushpin/ylw-pushpin.png</href>
                    </Icon>
                </IconStyle>
            </Style>
            <Style id="1302">
                <IconStyle id="1303">
                    <color>ffff0000</color>
                    <colorMode>normal</colorMode>
                    <scale>1</scale>
                    <heading>0</heading>
                    <Icon id="1304">
                        <href>http://maps.google.com/mapfiles/kml/pushpin/ylw-pushpin.png</href>
                    </Icon>
                </IconStyle>
            </Style>
            <Style id="1307">
                <IconStyle id="1308">
                    <color>ffff0000</color>
                    <colorMode>normal</colorMode>
                    <scale>1</scale>
                    <heading>0</heading>
                    <Icon id="1309">
                        <href>http://maps.google.com/mapfiles/kml/pushpin/ylw-pushpin.png</href>
                    </Icon>
                </IconStyle>
            </Style>
            <Style id="1312">
                <IconStyle id="1313">
                    <color>ffff0000</color>
                    <colorMode>normal</colorMode>
                    <scale>1</scale>
                    <heading>0</heading>
                    <Icon id="1314">
                        <href>http://maps.google.com/mapfiles/kml/pushpin/ylw-pushpin.png</href>
                    </Icon>
                </IconStyle>
            </Style>
            <Style id="1317">
                <IconStyle id="1318">
                    <color>ffff0000</color>
                    <colorMode>normal</colorMode>
                    <scale>1</scale>
                    <heading>0</heading>
                    <Icon id="1319">
                        <href>http://maps.google.com/mapfiles/kml/pushpin/ylw-pushpin.png</href>
                    </Icon>
                </IconStyle>
            </Style>
            <Style id="1322">
                <IconStyle id="1323">
                    <color>ffff0000</color>
                    <colorMode>normal</colorMode>
                    <scale>1</scale>
                    <heading>0</heading>
                    <Icon id="1324">
                        <href>http://maps.google.com/mapfiles/kml/pushpin/ylw-pushpin.png</href>
                    </Icon>
                </IconStyle>
            </Style>
            <Style id="1327">
                <IconStyle id="1328">
                    <color>ffff0000</color>
                    <colorMode>normal</colorMode>
                    <scale>1</scale>
                    <heading>0</heading>
                    <Icon id="1329">
                        <href>http://maps.google.com/mapfiles/kml/pushpin/ylw-pushpin.png</href>
                    </Icon>
                </IconStyle>
            </Style>
            <name>FRANCISCO JAVIER TALLEDO VALDIVIEZO</name>
            <Placemark id="1211">
                <name>FARFAN ALBURQUEQUE JOHNY</name>
                <description>Av.D-40 int mercado central
Talara
Talara
Piura
Perú</description>
                <styleUrl>#1212</styleUrl>
                <Point id="1210">
                    <coordinates>-81.2704575,-4.5801627,0.0</coordinates>
                </Point>
            </Placemark>
            <Placemark id="1216">
                <name>CRISANTO BURGOS YERSON ALEXANDER</name>
                <description>MCDO.CENTRAL I-21
Talara
Talara
Piura
Perú</description>
                <styleUrl>#1217</styleUrl>
                <Point id="1215">
                    <coordinates>-81.27011,-4.5796895,0.0</coordinates>
                </Point>
            </Placemark>
            <Placemark id="1221">
                <name>ERWIN FARFAN ALBURQUEQUE</name>
                <description>AV D34 TALARA BAJA TALARA-TALARA
Talara
Talara
Piura
Perú</description>
                <styleUrl>#1222</styleUrl>
                <Point id="1220">
                    <coordinates>-81.2707642,-4.5799837,0.0</coordinates>
                </Point>
            </Placemark>
            <Placemark id="1226">
                <name>CRISANTO BURGOS YERSON ALEXANDER</name>
                <description>MCDO.CENTRAL I-21
Talara
Talara
Piura
Perú</description>
                <styleUrl>#1227</styleUrl>
                <Point id="1225">
                    <coordinates>-81.27011,-4.5796895,0.0</coordinates>
                </Point>
            </Placemark>
            <Placemark id="1231">
                <name>RUESTA JAUREGUI BRAYAN EDUARDO</name>
                <description>RUESTA JAUREGUI BRAYAN EDUARDO
MCDO CENTRAL MODULO 15 ABARROT
Talara
Talara
Piura
Perú</description>
                <styleUrl>#1232</styleUrl>
                <Point id="1230">
                    <coordinates>-81.270842,-4.57969,0.0</coordinates>
                </Point>
            </Placemark>
            <Placemark id="1236">
                <name>TERESA YSABEL RANGEL GARCIA DE LOPEZ</name>
                <description>A H JESUS MARIA C-25 TALARA
Talara
Talara
Piura
Perú</description>
                <styleUrl>#1237</styleUrl>
                <Point id="1235">
                    <coordinates>-81.274681,-4.5592543,0.0</coordinates>
                </Point>
            </Placemark>
            <Placemark id="1241">
                <name>JULIA LLENQUE TUME</name>
                <description>A.H.SAN PEDRO MZ.B LT.37
Talara
Talara
Piura
Perú</description>
                <styleUrl>#1242</styleUrl>
                <Point id="1240">
                    <coordinates>-81.276117,-4.56159,0.0</coordinates>
                </Point>
            </Placemark>
            <Placemark id="1246">
                <name>BAITAI E.I.R.L.</name>
                <description>BAITAI E.I.R.L.
JR. PUNO NRO. 731 URB. BARRIOS ALTOS
Talara
150101Talara
Piura
Perú</description>
                <styleUrl>#1247</styleUrl>
                <Point id="1245">
                    <coordinates>-81.2712906,-4.5795988,0.0</coordinates>
                </Point>
            </Placemark>
            <Placemark id="1251">
                <name>BAITAI E.I.R.L.</name>
                <description>BAITAI E.I.R.L.
JR. PUNO NRO. 731 URB. BARRIOS ALTOS
Talara
150101Talara
Piura
Perú</description>
                <styleUrl>#1252</styleUrl>
                <Point id="1250">
                    <coordinates>-81.2712906,-4.5795988,0.0</coordinates>
                </Point>
            </Placemark>
            <Placemark id="1256">
                <name>ANGELICA BERTHA TUME RODRIGUEZ</name>
                <description>JESUS MARIA E 16
Talara
Talara
Piura
Perú</description>
                <styleUrl>#1257</styleUrl>
                <Point id="1255">
                    <coordinates>-81.2740845,-4.5590008,0.0</coordinates>
                </Point>
            </Placemark>
            <Placemark id="1261">
                <name>SILVERIO PARDO MERINO</name>
                <description>MZ B lt 11A Jesús María
Talara
Talara
Piura
Perú</description>
                <styleUrl>#1262</styleUrl>
                <Point id="1260">
                    <coordinates>-81.274871,-4.560052,0.0</coordinates>
                </Point>
            </Placemark>
            <Placemark id="1266">
                <name>MARITZA ELIANA CORDOVA MIÑAN</name>
                <description>SAN PEDRO M-40 TALARA
Talara
Talara
Piura
Perú</description>
                <styleUrl>#1267</styleUrl>
                <Point id="1265">
                    <coordinates>-81.2732687,-4.5641692,0.0</coordinates>
                </Point>
            </Placemark>
            <Placemark id="1271">
                <name>EMPERATRIZ ALBURQUEQUE DE MARCELO</name>
                <description>LUCIANO CASTILLO A-7 TALARA
Talara
Talara
Piura
Perú</description>
                <styleUrl>#1272</styleUrl>
                <Point id="1270">
                    <coordinates>-81.2733971,-4.5646636,0.0</coordinates>
                </Point>
            </Placemark>
            <Placemark id="1276">
                <name>SULLON QUEREVALU VERONICA LILIANA</name>
                <description>SULLON QUEREVALU VERONICA LILIANA
San Pedro Ñ-18 nueva zona
Talara
Talara
Piura
Perú</description>
                <styleUrl>#1277</styleUrl>
                <Point id="1275">
                    <coordinates>-81.2737809,-4.5641594,0.0</coordinates>
                </Point>
            </Placemark>
            <Placemark id="1281">
                <name>GLORIA ESPERANZA QUEREVALU BAYONA</name>
                <description>San Pedro N-34 nueva zona
Talara
Talara
Piura
Perú</description>
                <styleUrl>#1282</styleUrl>
                <Point id="1280">
                    <coordinates>-81.2740263,-4.5636757,0.0</coordinates>
                </Point>
            </Placemark>
            <Placemark id="1286">
                <name>DIANA ARACELI MOSCOL ABAD</name>
                <description>AAHH JESÚS MARIA E-5
Talara
Talara
Piura
Perú</description>
                <styleUrl>#1287</styleUrl>
                <Point id="1285">
                    <coordinates>-81.2742825,-4.5586245,0.0</coordinates>
                </Point>
            </Placemark>
            <Placemark id="1291">
                <name>IRIS VILLARREAL NUÑEZ</name>
                <description>C 03-09 AH JESUS MARIA TALARA
Talara
Talara
Piura
Perú</description>
                <styleUrl>#1292</styleUrl>
                <Point id="1290">
                    <coordinates>-81.2755115,-4.5598073,0.0</coordinates>
                </Point>
            </Placemark>
            <Placemark id="1296">
                <name>JANETT MILAGROS ALBURQUEQUE GOMEZ</name>
                <description>B-16 AH JESUS MARIA TALARA
Talara
Talara
Piura
Perú</description>
                <styleUrl>#1297</styleUrl>
                <Point id="1295">
                    <coordinates>-81.274322,-4.5597088,0.0</coordinates>
                </Point>
            </Placemark>
            <Placemark id="1301">
                <name>ZOILA MEREJILDA CORNEJO SALAZAR</name>
                <description>SAN PEDRO A1-11
Talara
Talara
Piura
Perú</description>
                <styleUrl>#1302</styleUrl>
                <Point id="1300">
                    <coordinates>-81.2729604,-4.5608165,0.0</coordinates>
                </Point>
            </Placemark>
            <Placemark id="1306">
                <name>ROSA ISABEL PAZOS JIMENEZ</name>
                <description>San pedro R-8 Colegio la 14 hacía arriba
Pariñas
Pariñas
Piura
Perú</description>
                <styleUrl>#1307</styleUrl>
                <Point id="1305">
                    <coordinates>-81.2722862,-4.5627422,0.0</coordinates>
                </Point>
            </Placemark>
            <Placemark id="1311">
                <name>IRMA QUEREVALU PERICHE</name>
                <description>San Pedro L-28
Talara
Talara
Piura
Perú</description>
                <styleUrl>#1312</styleUrl>
                <Point id="1310">
                    <coordinates>-81.273071,-4.562232,0.0</coordinates>
                </Point>
            </Placemark>
            <Placemark id="1316">
                <name>ISABEL ELISA VILLEGAS YESQUEN DE VITE</name>
                <description>K-14 SAN PEDRO
Talara
Talara
Piura
Perú</description>
                <styleUrl>#1317</styleUrl>
                <Point id="1315">
                    <coordinates>-81.2732225,-4.5610177,0.0</coordinates>
                </Point>
            </Placemark>
            <Placemark id="1321">
                <name>MARIA FRANCISCA QUEREVALU FIESTAS</name>
                <description>AAHH SAN PEDRO J-19
Talara
Talara
Piura
Perú</description>
                <styleUrl>#1322</styleUrl>
                <Point id="1320">
                    <coordinates>-81.273543,-4.5616066,0.0</coordinates>
                </Point>
            </Placemark>
            <Placemark id="1326">
                <name>RICARDO GUEVARA LANDA</name>
                <description>SAN PEDRO I-40
Talara
Talara
Piura
Perú</description>
                <styleUrl>#1327</styleUrl>
                <Point id="1325">
                    <coordinates>-81.273123,-4.563534,0.0</coordinates>
                </Point>
            </Placemark>
        </Folder>
        <Folder id="1330">
            <Style id="1333">
                <IconStyle id="1334">
                    <color>ff008000</color>
                    <colorMode>normal</colorMode>
                    <scale>1</scale>
                    <heading>0</heading>
                    <Icon id="1335">
                        <href>http://maps.google.com/mapfiles/kml/pushpin/ylw-pushpin.png</href>
                    </Icon>
                </IconStyle>
            </Style>
            <Style id="1338">
                <IconStyle id="1339">
                    <color>ff008000</color>
                    <colorMode>normal</colorMode>
                    <scale>1</scale>
                    <heading>0</heading>
                    <Icon id="1340">
                        <href>http://maps.google.com/mapfiles/kml/pushpin/ylw-pushpin.png</href>
                    </Icon>
                </IconStyle>
            </Style>
            <Style id="1343">
                <IconStyle id="1344">
                    <color>ff008000</color>
                    <colorMode>normal</colorMode>
                    <scale>1</scale>
                    <heading>0</heading>
                    <Icon id="1345">
                        <href>http://maps.google.com/mapfiles/kml/pushpin/ylw-pushpin.png</href>
                    </Icon>
                </IconStyle>
            </Style>
            <Style id="1348">
                <IconStyle id="1349">
                    <color>ff008000</color>
                    <colorMode>normal</colorMode>
                    <scale>1</scale>
                    <heading>0</heading>
                    <Icon id="1350">
                        <href>http://maps.google.com/mapfiles/kml/pushpin/ylw-pushpin.png</href>
                    </Icon>
                </IconStyle>
            </Style>
            <Style id="1353">
                <IconStyle id="1354">
                    <color>ff008000</color>
                    <colorMode>normal</colorMode>
                    <scale>1</scale>
                    <heading>0</heading>
                    <Icon id="1355">
                        <href>http://maps.google.com/mapfiles/kml/pushpin/ylw-pushpin.png</href>
                    </Icon>
                </IconStyle>
            </Style>
            <Style id="1358">
                <IconStyle id="1359">
                    <color>ff008000</color>
                    <colorMode>normal</colorMode>
                    <scale>1</scale>
                    <heading>0</heading>
                    <Icon id="1360">
                        <href>http://maps.google.com/mapfiles/kml/pushpin/ylw-pushpin.png</href>
                    </Icon>
                </IconStyle>
            </Style>
            <Style id="1363">
                <IconStyle id="1364">
                    <color>ff008000</color>
                    <colorMode>normal</colorMode>
                    <scale>1</scale>
                    <heading>0</heading>
                    <Icon id="1365">
                        <href>http://maps.google.com/mapfiles/kml/pushpin/ylw-pushpin.png</href>
                    </Icon>
                </IconStyle>
            </Style>
            <Style id="1368">
                <IconStyle id="1369">
                    <color>ff008000</color>
                    <colorMode>normal</colorMode>
                    <scale>1</scale>
                    <heading>0</heading>
                    <Icon id="1370">
                        <href>http://maps.google.com/mapfiles/kml/pushpin/ylw-pushpin.png</href>
                    </Icon>
                </IconStyle>
            </Style>
            <Style id="1373">
                <IconStyle id="1374">
                    <color>ff008000</color>
                    <colorMode>normal</colorMode>
                    <scale>1</scale>
                    <heading>0</heading>
                    <Icon id="1375">
                        <href>http://maps.google.com/mapfiles/kml/pushpin/ylw-pushpin.png</href>
                    </Icon>
                </IconStyle>
            </Style>
            <Style id="1378">
                <IconStyle id="1379">
                    <color>ff008000</color>
                    <colorMode>normal</colorMode>
                    <scale>1</scale>
                    <heading>0</heading>
                    <Icon id="1380">
                        <href>http://maps.google.com/mapfiles/kml/pushpin/ylw-pushpin.png</href>
                    </Icon>
                </IconStyle>
            </Style>
            <Style id="1383">
                <IconStyle id="1384">
                    <color>ff008000</color>
                    <colorMode>normal</colorMode>
                    <scale>1</scale>
                    <heading>0</heading>
                    <Icon id="1385">
                        <href>http://maps.google.com/mapfiles/kml/pushpin/ylw-pushpin.png</href>
                    </Icon>
                </IconStyle>
            </Style>
            <Style id="1388">
                <IconStyle id="1389">
                    <color>ff008000</color>
                    <colorMode>normal</colorMode>
                    <scale>1</scale>
                    <heading>0</heading>
                    <Icon id="1390">
                        <href>http://maps.google.com/mapfiles/kml/pushpin/ylw-pushpin.png</href>
                    </Icon>
                </IconStyle>
            </Style>
            <Style id="1393">
                <IconStyle id="1394">
                    <color>ff008000</color>
                    <colorMode>normal</colorMode>
                    <scale>1</scale>
                    <heading>0</heading>
                    <Icon id="1395">
                        <href>http://maps.google.com/mapfiles/kml/pushpin/ylw-pushpin.png</href>
                    </Icon>
                </IconStyle>
            </Style>
            <Style id="1398">
                <IconStyle id="1399">
                    <color>ff008000</color>
                    <colorMode>normal</colorMode>
                    <scale>1</scale>
                    <heading>0</heading>
                    <Icon id="1400">
                        <href>http://maps.google.com/mapfiles/kml/pushpin/ylw-pushpin.png</href>
                    </Icon>
                </IconStyle>
            </Style>
            <Style id="1403">
                <IconStyle id="1404">
                    <color>ff008000</color>
                    <colorMode>normal</colorMode>
                    <scale>1</scale>
                    <heading>0</heading>
                    <Icon id="1405">
                        <href>http://maps.google.com/mapfiles/kml/pushpin/ylw-pushpin.png</href>
                    </Icon>
                </IconStyle>
            </Style>
            <Style id="1408">
                <IconStyle id="1409">
                    <color>ff008000</color>
                    <colorMode>normal</colorMode>
                    <scale>1</scale>
                    <heading>0</heading>
                    <Icon id="1410">
                        <href>http://maps.google.com/mapfiles/kml/pushpin/ylw-pushpin.png</href>
                    </Icon>
                </IconStyle>
            </Style>
            <Style id="1413">
                <IconStyle id="1414">
                    <color>ff008000</color>
                    <colorMode>normal</colorMode>
                    <scale>1</scale>
                    <heading>0</heading>
                    <Icon id="1415">
                        <href>http://maps.google.com/mapfiles/kml/pushpin/ylw-pushpin.png</href>
                    </Icon>
                </IconStyle>
            </Style>
            <Style id="1418">
                <IconStyle id="1419">
                    <color>ff008000</color>
                    <colorMode>normal</colorMode>
                    <scale>1</scale>
                    <heading>0</heading>
                    <Icon id="1420">
                        <href>http://maps.google.com/mapfiles/kml/pushpin/ylw-pushpin.png</href>
                    </Icon>
                </IconStyle>
            </Style>
            <Style id="1423">
                <IconStyle id="1424">
                    <color>ff008000</color>
                    <colorMode>normal</colorMode>
                    <scale>1</scale>
                    <heading>0</heading>
                    <Icon id="1425">
                        <href>http://maps.google.com/mapfiles/kml/pushpin/ylw-pushpin.png</href>
                    </Icon>
                </IconStyle>
            </Style>
            <Style id="1428">
                <IconStyle id="1429">
                    <color>ff008000</color>
                    <colorMode>normal</colorMode>
                    <scale>1</scale>
                    <heading>0</heading>
                    <Icon id="1430">
                        <href>http://maps.google.com/mapfiles/kml/pushpin/ylw-pushpin.png</href>
                    </Icon>
                </IconStyle>
            </Style>
            <Style id="1433">
                <IconStyle id="1434">
                    <color>ff008000</color>
                    <colorMode>normal</colorMode>
                    <scale>1</scale>
                    <heading>0</heading>
                    <Icon id="1435">
                        <href>http://maps.google.com/mapfiles/kml/pushpin/ylw-pushpin.png</href>
                    </Icon>
                </IconStyle>
            </Style>
            <Style id="1438">
                <IconStyle id="1439">
                    <color>ff008000</color>
                    <colorMode>normal</colorMode>
                    <scale>1</scale>
                    <heading>0</heading>
                    <Icon id="1440">
                        <href>http://maps.google.com/mapfiles/kml/pushpin/ylw-pushpin.png</href>
                    </Icon>
                </IconStyle>
            </Style>
            <Style id="1443">
                <IconStyle id="1444">
                    <color>ff008000</color>
                    <colorMode>normal</colorMode>
                    <scale>1</scale>
                    <heading>0</heading>
                    <Icon id="1445">
                        <href>http://maps.google.com/mapfiles/kml/pushpin/ylw-pushpin.png</href>
                    </Icon>
                </IconStyle>
            </Style>
            <Style id="1448">
                <IconStyle id="1449">
                    <color>ff008000</color>
                    <colorMode>normal</colorMode>
                    <scale>1</scale>
                    <heading>0</heading>
                    <Icon id="1450">
                        <href>http://maps.google.com/mapfiles/kml/pushpin/ylw-pushpin.png</href>
                    </Icon>
                </IconStyle>
            </Style>
            <Style id="1453">
                <IconStyle id="1454">
                    <color>ff008000</color>
                    <colorMode>normal</colorMode>
                    <scale>1</scale>
                    <heading>0</heading>
                    <Icon id="1455">
                        <href>http://maps.google.com/mapfiles/kml/pushpin/ylw-pushpin.png</href>
                    </Icon>
                </IconStyle>
            </Style>
            <Style id="1458">
                <IconStyle id="1459">
                    <color>ff008000</color>
                    <colorMode>normal</colorMode>
                    <scale>1</scale>
                    <heading>0</heading>
                    <Icon id="1460">
                        <href>http://maps.google.com/mapfiles/kml/pushpin/ylw-pushpin.png</href>
                    </Icon>
                </IconStyle>
            </Style>
            <Style id="1463">
                <IconStyle id="1464">
                    <color>ff008000</color>
                    <colorMode>normal</colorMode>
                    <scale>1</scale>
                    <heading>0</heading>
                    <Icon id="1465">
                        <href>http://maps.google.com/mapfiles/kml/pushpin/ylw-pushpin.png</href>
                    </Icon>
                </IconStyle>
            </Style>
            <Style id="1468">
                <IconStyle id="1469">
                    <color>ff008000</color>
                    <colorMode>normal</colorMode>
                    <scale>1</scale>
                    <heading>0</heading>
                    <Icon id="1470">
                        <href>http://maps.google.com/mapfiles/kml/pushpin/ylw-pushpin.png</href>
                    </Icon>
                </IconStyle>
            </Style>
            <Style id="1473">
                <IconStyle id="1474">
                    <color>ff008000</color>
                    <colorMode>normal</colorMode>
                    <scale>1</scale>
                    <heading>0</heading>
                    <Icon id="1475">
                        <href>http://maps.google.com/mapfiles/kml/pushpin/ylw-pushpin.png</href>
                    </Icon>
                </IconStyle>
            </Style>
            <Style id="1478">
                <IconStyle id="1479">
                    <color>ff008000</color>
                    <colorMode>normal</colorMode>
                    <scale>1</scale>
                    <heading>0</heading>
                    <Icon id="1480">
                        <href>http://maps.google.com/mapfiles/kml/pushpin/ylw-pushpin.png</href>
                    </Icon>
                </IconStyle>
            </Style>
            <Style id="1483">
                <IconStyle id="1484">
                    <color>ff008000</color>
                    <colorMode>normal</colorMode>
                    <scale>1</scale>
                    <heading>0</heading>
                    <Icon id="1485">
                        <href>http://maps.google.com/mapfiles/kml/pushpin/ylw-pushpin.png</href>
                    </Icon>
                </IconStyle>
            </Style>
            <Style id="1488">
                <IconStyle id="1489">
                    <color>ff008000</color>
                    <colorMode>normal</colorMode>
                    <scale>1</scale>
                    <heading>0</heading>
                    <Icon id="1490">
                        <href>http://maps.google.com/mapfiles/kml/pushpin/ylw-pushpin.png</href>
                    </Icon>
                </IconStyle>
            </Style>
            <Style id="1493">
                <IconStyle id="1494">
                    <color>ff008000</color>
                    <colorMode>normal</colorMode>
                    <scale>1</scale>
                    <heading>0</heading>
                    <Icon id="1495">
                        <href>http://maps.google.com/mapfiles/kml/pushpin/ylw-pushpin.png</href>
                    </Icon>
                </IconStyle>
            </Style>
            <Style id="1498">
                <IconStyle id="1499">
                    <color>ff008000</color>
                    <colorMode>normal</colorMode>
                    <scale>1</scale>
                    <heading>0</heading>
                    <Icon id="1500">
                        <href>http://maps.google.com/mapfiles/kml/pushpin/ylw-pushpin.png</href>
                    </Icon>
                </IconStyle>
            </Style>
            <Style id="1503">
                <IconStyle id="1504">
                    <color>ff008000</color>
                    <colorMode>normal</colorMode>
                    <scale>1</scale>
                    <heading>0</heading>
                    <Icon id="1505">
                        <href>http://maps.google.com/mapfiles/kml/pushpin/ylw-pushpin.png</href>
                    </Icon>
                </IconStyle>
            </Style>
            <Style id="1508">
                <IconStyle id="1509">
                    <color>ff008000</color>
                    <colorMode>normal</colorMode>
                    <scale>1</scale>
                    <heading>0</heading>
                    <Icon id="1510">
                        <href>http://maps.google.com/mapfiles/kml/pushpin/ylw-pushpin.png</href>
                    </Icon>
                </IconStyle>
            </Style>
            <Style id="1513">
                <IconStyle id="1514">
                    <color>ff008000</color>
                    <colorMode>normal</colorMode>
                    <scale>1</scale>
                    <heading>0</heading>
                    <Icon id="1515">
                        <href>http://maps.google.com/mapfiles/kml/pushpin/ylw-pushpin.png</href>
                    </Icon>
                </IconStyle>
            </Style>
            <Style id="1518">
                <IconStyle id="1519">
                    <color>ff008000</color>
                    <colorMode>normal</colorMode>
                    <scale>1</scale>
                    <heading>0</heading>
                    <Icon id="1520">
                        <href>http://maps.google.com/mapfiles/kml/pushpin/ylw-pushpin.png</href>
                    </Icon>
                </IconStyle>
            </Style>
            <Style id="1523">
                <IconStyle id="1524">
                    <color>ff008000</color>
                    <colorMode>normal</colorMode>
                    <scale>1</scale>
                    <heading>0</heading>
                    <Icon id="1525">
                        <href>http://maps.google.com/mapfiles/kml/pushpin/ylw-pushpin.png</href>
                    </Icon>
                </IconStyle>
            </Style>
            <Style id="1528">
                <IconStyle id="1529">
                    <color>ff008000</color>
                    <colorMode>normal</colorMode>
                    <scale>1</scale>
                    <heading>0</heading>
                    <Icon id="1530">
                        <href>http://maps.google.com/mapfiles/kml/pushpin/ylw-pushpin.png</href>
                    </Icon>
                </IconStyle>
            </Style>
            <name>JACIEL MOGOLLON ALVARADO</name>
            <Placemark id="1332">
                <name>REYES SERNAQUE ELIXA</name>
                <description>CA.02 DE MAYO 101
Marcavelica
Marcavelica
Piura
Perú</description>
                <styleUrl>#1333</styleUrl>
                <Point id="1331">
                    <coordinates>-80.703731,-4.874382,0.0</coordinates>
                </Point>
            </Placemark>
            <Placemark id="1337">
                <name>JUANA VITALICIA QUINTANA SERNAQUE</name>
                <description>CA.BERNARDO ALCEDO 221
Sullana
Sullana
Piura
Perú</description>
                <styleUrl>#1338</styleUrl>
                <Point id="1336">
                    <coordinates>-80.6830872,-4.892073,0.0</coordinates>
                </Point>
            </Placemark>
            <Placemark id="1342">
                <name>LLACSAHUANGA CHUMACERO OSCAR</name>
                <description>CALLE BERNARDO ALCEDO 221
Sullana
Sullana
Piura
Perú</description>
                <styleUrl>#1343</styleUrl>
                <Point id="1341">
                    <coordinates>-80.6831433,-4.8920557,0.0</coordinates>
                </Point>
            </Placemark>
            <Placemark id="1347">
                <name>JOSE PORFIRIO ANDRADE ESPINOZA</name>
                <description>Calle Bernardo alcedo 250
Sullana
Sullana
Piura
Perú</description>
                <styleUrl>#1348</styleUrl>
                <Point id="1346">
                    <coordinates>-80.6831591,-4.8920828,0.0</coordinates>
                </Point>
            </Placemark>
            <Placemark id="1352">
                <name>FIGUEROA TIMANA MILAGROS</name>
                <description>FIGUEROA TIMANA MILAGROS
R.CASTILLA SN CENT MARC.
Marcavelica
Marcavelica
Piura
Perú</description>
                <styleUrl>#1353</styleUrl>
                <Point id="1351">
                    <coordinates>-80.6987843,-4.8854011,0.0</coordinates>
                </Point>
            </Placemark>
            <Placemark id="1357">
                <name>ALEXANDER EUGENIO CORDOVA ROSAS</name>
                <description>AV SULLANA FRENTE A LA MUNICIPALIDAD DE MARCAVELIVA
Marcavelica
Marcavelica
Piura
Perú</description>
                <styleUrl>#1358</styleUrl>
                <Point id="1356">
                    <coordinates>-80.703234,-4.8817714,0.0</coordinates>
                </Point>
            </Placemark>
            <Placemark id="1362">
                <name>DISTRIBUIDORA Y SERVICIOS GENERALES G&amp;P S.A.C. -</name>
                <description>DISTRIBUIDORA Y SERVICIOS GENERALES G&amp;P S.A.C. -
CAL.LIBERTAD KM. 608
Salitral
200608Salitral
Piura
Perú</description>
                <styleUrl>#1363</styleUrl>
                <Point id="1361">
                    <coordinates>-80.6810344,-4.8568452,0.0</coordinates>
                </Point>
            </Placemark>
            <Placemark id="1367">
                <name>JESUS FELIPE PLASENCIA REGALADO</name>
                <description>MERCADO MAYORISTA CEBOLLERO
Sullana
Sullana
Piura
Perú</description>
                <styleUrl>#1368</styleUrl>
                <Point id="1366">
                    <coordinates>-80.6794409,-4.9130793,0.0</coordinates>
                </Point>
            </Placemark>
            <Placemark id="1372">
                <name>ALEXANDER EUGENIO CORDOVA ROSAS</name>
                <description>AV SULLANA FRENTE A LA MUNICIPALIDAD DE MARCAVELIVA
Marcavelica
Marcavelica
Piura
Perú</description>
                <styleUrl>#1373</styleUrl>
                <Point id="1371">
                    <coordinates>-80.703234,-4.8817714,0.0</coordinates>
                </Point>
            </Placemark>
            <Placemark id="1377">
                <name>THALIA YASMIN CALDERON ABAD</name>
                <description>THALIA YASMIN CALDERON ABAD
MCDO MAYORISTA CEBOLLERO(X PALOMINO)
Sullana
Sullana
Piura
Perú</description>
                <styleUrl>#1378</styleUrl>
                <Point id="1376">
                    <coordinates>-80.679097,-4.9153202,0.0</coordinates>
                </Point>
            </Placemark>
            <Placemark id="1382">
                <name>ORDINOLA INFANTE LEONILA</name>
                <description>CA BOLIVAR 209 INT 01 CENT MAR
Marcavelica
Marcavelica
Piura
Perú</description>
                <styleUrl>#1383</styleUrl>
                <Point id="1381">
                    <coordinates>-80.7045403,-4.8768446,0.0</coordinates>
                </Point>
            </Placemark>
            <Placemark id="1387">
                <name>JIMENEZ ROMERO JULISSA LIXBET</name>
                <description>CA.2 DE MAYO 142
Marcavelica
Marcavelica
Piura
Perú</description>
                <styleUrl>#1388</styleUrl>
                <Point id="1386">
                    <coordinates>-80.7040251,-4.8761325,0.0</coordinates>
                </Point>
            </Placemark>
            <Placemark id="1392">
                <name>YNFANTE COBOS MAXIMINA</name>
                <description>2 DE MAYO 137 LAS PALMERAS MA.
Marcavelica
Marcavelica
Piura
Perú</description>
                <styleUrl>#1393</styleUrl>
                <Point id="1391">
                    <coordinates>-80.705319,-4.8793782,0.0</coordinates>
                </Point>
            </Placemark>
            <Placemark id="1397">
                <name>GONZALEZ RETO HILDA TATIANA</name>
                <description>GONZALEZ RETO HILDA TATIANA
AV.SULLANA S/N
Marcavelica
Marcavelica
Piura
Perú</description>
                <styleUrl>#1398</styleUrl>
                <Point id="1396">
                    <coordinates>-80.7033283,-4.8818196,0.0</coordinates>
                </Point>
            </Placemark>
            <Placemark id="1402">
                <name>ALEXANDER EUGENIO CORDOVA ROSAS</name>
                <description>AV SULLANA FRENTE A LA MUNICIPALIDAD DE MARCAVELIVA
Marcavelica
Marcavelica
Piura
Perú</description>
                <styleUrl>#1403</styleUrl>
                <Point id="1401">
                    <coordinates>-80.703234,-4.8817714,0.0</coordinates>
                </Point>
            </Placemark>
            <Placemark id="1407">
                <name>ELSA AGURTO ORDOÑEZ</name>
                <description>Av Sullana 103 Marcavelica
Marcavelica
Marcavelica
Piura
Perú</description>
                <styleUrl>#1408</styleUrl>
                <Point id="1406">
                    <coordinates>-80.702868,-4.8817949,0.0</coordinates>
                </Point>
            </Placemark>
            <Placemark id="1412">
                <name>QUISPE MORALES YUSLUNY YANET</name>
                <description>CA.J.CHAVEZ S/N MARCAVELIC
Marcavelica
Marcavelica
Piura
Perú</description>
                <styleUrl>#1413</styleUrl>
                <Point id="1411">
                    <coordinates>-80.698881,-4.880204,0.0</coordinates>
                </Point>
            </Placemark>
            <Placemark id="1417">
                <name>REINA ROSSANA PULACHE PULACHE</name>
                <description>CA.VICHAYAL 844 AA. HH 9 DE OCTUBRE-SULLANA
Sullana
Sullana
Piura
Perú</description>
                <styleUrl>#1418</styleUrl>
                <Point id="1416">
                    <coordinates>-80.6758287,-4.9068468,0.0</coordinates>
                </Point>
            </Placemark>
            <Placemark id="1422">
                <name>VARGAS VALDIVIEZO INGRID LOREN</name>
                <description>CA.ATAHUALPA 180 VICHAYAL
Querecotillo
Querecotillo
Piura
Perú</description>
                <styleUrl>#1423</styleUrl>
                <Point id="1421">
                    <coordinates>-80.6579942,-4.8443892,0.0</coordinates>
                </Point>
            </Placemark>
            <Placemark id="1427">
                <name>RUIZ ARCELES HILDA</name>
                <description>CA.ATAHUALPA 108
Salitral
Salitral
Piura
Perú</description>
                <styleUrl>#1428</styleUrl>
                <Point id="1426">
                    <coordinates>-80.6583356,-4.8438207,0.0</coordinates>
                </Point>
            </Placemark>
            <Placemark id="1432">
                <name>ALFREDO AGURTO PALACIOS</name>
                <description>Avenida Perú 142 vichallal
Querecotillo
Querecotillo
Piura
Perú</description>
                <styleUrl>#1433</styleUrl>
                <Point id="1431">
                    <coordinates>-80.6579295,-4.8433707,0.0</coordinates>
                </Point>
            </Placemark>
            <Placemark id="1437">
                <name>LUZ ANGELICA SANDOVAL SEMINARIO</name>
                <description>LUZ ANGELICA SANDOVAL SEMINARIO
CAL. LIBERTAD N 624 - SALITRAL
Salitral
Salitral
Piura
Perú</description>
                <styleUrl>#1438</styleUrl>
                <Point id="1436">
                    <coordinates>-80.6798676,-4.8560416,0.0</coordinates>
                </Point>
            </Placemark>
            <Placemark id="1442">
                <name>DIANA MORALES MORAN</name>
                <description>TACNA -206 SN ESPALDAS DE LA PANAMERICANA SALITRAL
Salitral
Salitral
Piura
Perú</description>
                <styleUrl>#1443</styleUrl>
                <Point id="1441">
                    <coordinates>-80.6778752,-4.8541646,0.0</coordinates>
                </Point>
            </Placemark>
            <Placemark id="1447">
                <name>ELVIA RIOFRIO CHORRES</name>
                <description>Calle libertad sin número
Salitral
Sullana
Piura
Perú</description>
                <styleUrl>#1448</styleUrl>
                <Point id="1446">
                    <coordinates>-80.6782074,-4.8543373,0.0</coordinates>
                </Point>
            </Placemark>
            <Placemark id="1452">
                <name>RAMIREZ RAMIREZ ZELMA GRACIELA</name>
                <description>CA.TACNA 008
Salitral
Salitral
Piura
Perú</description>
                <styleUrl>#1453</styleUrl>
                <Point id="1451">
                    <coordinates>-80.6771556,-4.8542438,0.0</coordinates>
                </Point>
            </Placemark>
            <Placemark id="1457">
                <name>MERCEDES ARACELY MORALES CRUZ</name>
                <description>BOLOGNESI 100 SALITRAL-SULLANA
Salitral
Salitral
Piura
Perú</description>
                <styleUrl>#1458</styleUrl>
                <Point id="1456">
                    <coordinates>-80.6774106,-4.8556578,0.0</coordinates>
                </Point>
            </Placemark>
            <Placemark id="1462">
                <name>ROSA PETRONILA GONZAGA CRUZ</name>
                <description>ROSA PETRONILA GONZAGA CRUZ
CAL GRAU 1 CDA NRO SN BR NORTE - SALITRAL
Salitral
Salitral
Piura
Perú</description>
                <styleUrl>#1463</styleUrl>
                <Point id="1461">
                    <coordinates>-80.6783337,-4.856809,0.0</coordinates>
                </Point>
            </Placemark>
            <Placemark id="1467">
                <name>GEYVI ITALIA SAAVEDRA MORALES</name>
                <description>Sullana Salitral Sucre sn Costado de club cabo verde
Salitral
Salitral
Piura
Perú</description>
                <styleUrl>#1468</styleUrl>
                <Point id="1466">
                    <coordinates>-80.6786309,-4.8576244,0.0</coordinates>
                </Point>
            </Placemark>
            <Placemark id="1472">
                <name>ZAPATA RUIZ SARA</name>
                <description>SUCRE SN
Salitral
Salitral
Piura
Perú</description>
                <styleUrl>#1473</styleUrl>
                <Point id="1471">
                    <coordinates>-80.683779,-4.860764,0.0</coordinates>
                </Point>
            </Placemark>
            <Placemark id="1477">
                <name>MARIA MAGDALENA ZAPATA ORDINOLA</name>
                <description>CA. BOLIVAR NÂ°720
Salitral
Salitral
Piura
Perú</description>
                <styleUrl>#1478</styleUrl>
                <Point id="1476">
                    <coordinates>-80.6841579,-4.8617474,0.0</coordinates>
                </Point>
            </Placemark>
            <Placemark id="1482">
                <name>ARICA ALBURQUEQUE MARLENY</name>
                <description>CA BOLIVAR S/N SALITRAL
Salitral
Salitral
Piura
Perú</description>
                <styleUrl>#1483</styleUrl>
                <Point id="1481">
                    <coordinates>-80.68505,-4.8617066,0.0</coordinates>
                </Point>
            </Placemark>
            <Placemark id="1487">
                <name>PULACHE ORDINOLA LILI</name>
                <description>SUCRE CDA.09 ESPALDA EST.
Salitral
Salitral
Piura
Perú</description>
                <styleUrl>#1488</styleUrl>
                <Point id="1486">
                    <coordinates>-80.6852651,-4.8620173,0.0</coordinates>
                </Point>
            </Placemark>
            <Placemark id="1492">
                <name>RAMOS CEDAMANO MARIA JULIA</name>
                <description>CA.SUCRE 898
Salitral
Salitral
Piura
Perú</description>
                <styleUrl>#1493</styleUrl>
                <Point id="1491">
                    <coordinates>-80.685213,-4.861826,0.0</coordinates>
                </Point>
            </Placemark>
            <Placemark id="1497">
                <name>LUIS ALBERTO JARAMILLO MENDOZA</name>
                <description>Calle San Martín cuadra 10 salitral
Salitral
Salitral
Piura
Perú</description>
                <styleUrl>#1498</styleUrl>
                <Point id="1496">
                    <coordinates>-80.6850535,-4.8599728,0.0</coordinates>
                </Point>
            </Placemark>
            <Placemark id="1502">
                <name>KATTY CAROLINA MARQUEZ CHERO</name>
                <description>TRANVERSAL SALAVERRY 100
Salitral
Salitral
Piura
Perú</description>
                <styleUrl>#1503</styleUrl>
                <Point id="1501">
                    <coordinates>-80.6834844,-4.8583742,0.0</coordinates>
                </Point>
            </Placemark>
            <Placemark id="1507">
                <name>CISNEROS MORALES JULIANA</name>
                <description>BOLOGNESI 702 SALITRAL
Salitral
Salitral
Piura
Perú</description>
                <styleUrl>#1508</styleUrl>
                <Point id="1506">
                    <coordinates>-80.6822489,-4.8588526,0.0</coordinates>
                </Point>
            </Placemark>
            <Placemark id="1512">
                <name>DISTRIBUIDORA Y SERVICIOS GENERALES G&amp;P S.A.C. -</name>
                <description>DISTRIBUIDORA Y SERVICIOS GENERALES G&amp;P S.A.C. -
CAL.LIBERTAD KM. 608
Salitral
200608Salitral
Piura
Perú</description>
                <styleUrl>#1513</styleUrl>
                <Point id="1511">
                    <coordinates>-80.6810344,-4.8568452,0.0</coordinates>
                </Point>
            </Placemark>
            <Placemark id="1517">
                <name>MARIA AIDEE TAVARA CALDERON</name>
                <description>Zona industrial, carretera sullana-tambogrande, delante de la maderera Camila
Sullana
Sullana
Piura
Perú</description>
                <styleUrl>#1518</styleUrl>
                <Point id="1516">
                    <coordinates>-80.6807905,-4.9124127,0.0</coordinates>
                </Point>
            </Placemark>
            <Placemark id="1522">
                <name>JESUS FELIPE PLASENCIA REGALADO</name>
                <description>MERCADO MAYORISTA CEBOLLERO
Sullana
Sullana
Piura
Perú</description>
                <styleUrl>#1523</styleUrl>
                <Point id="1521">
                    <coordinates>-80.6794409,-4.9130793,0.0</coordinates>
                </Point>
            </Placemark>
            <Placemark id="1527">
                <name>NIÑO ABAD LAURENTINA</name>
                <description>NIÑO ABAD LAURENTINA
PRO AV BUENOS AIRES / ZONA INDUSTRIAL FRENTE AL CEBOLLERO
Sullana
Sullana
Piura
Perú</description>
                <styleUrl>#1528</styleUrl>
                <Point id="1526">
                    <coordinates>-80.6786219,-4.9155829,0.0</coordinates>
                </Point>
            </Placemark>
        </Folder>
        <Folder id="1531">
            <Style id="1534">
                <IconStyle id="1535">
                    <color>ff800080</color>
                    <colorMode>normal</colorMode>
                    <scale>1</scale>
                    <heading>0</heading>
                    <Icon id="1536">
                        <href>http://maps.google.com/mapfiles/kml/pushpin/ylw-pushpin.png</href>
                    </Icon>
                </IconStyle>
            </Style>
            <Style id="1539">
                <IconStyle id="1540">
                    <color>ff800080</color>
                    <colorMode>normal</colorMode>
                    <scale>1</scale>
                    <heading>0</heading>
                    <Icon id="1541">
                        <href>http://maps.google.com/mapfiles/kml/pushpin/ylw-pushpin.png</href>
                    </Icon>
                </IconStyle>
            </Style>
            <Style id="1544">
                <IconStyle id="1545">
                    <color>ff800080</color>
                    <colorMode>normal</colorMode>
                    <scale>1</scale>
                    <heading>0</heading>
                    <Icon id="1546">
                        <href>http://maps.google.com/mapfiles/kml/pushpin/ylw-pushpin.png</href>
                    </Icon>
                </IconStyle>
            </Style>
            <Style id="1549">
                <IconStyle id="1550">
                    <color>ff800080</color>
                    <colorMode>normal</colorMode>
                    <scale>1</scale>
                    <heading>0</heading>
                    <Icon id="1551">
                        <href>http://maps.google.com/mapfiles/kml/pushpin/ylw-pushpin.png</href>
                    </Icon>
                </IconStyle>
            </Style>
            <Style id="1554">
                <IconStyle id="1555">
                    <color>ff800080</color>
                    <colorMode>normal</colorMode>
                    <scale>1</scale>
                    <heading>0</heading>
                    <Icon id="1556">
                        <href>http://maps.google.com/mapfiles/kml/pushpin/ylw-pushpin.png</href>
                    </Icon>
                </IconStyle>
            </Style>
            <Style id="1559">
                <IconStyle id="1560">
                    <color>ff800080</color>
                    <colorMode>normal</colorMode>
                    <scale>1</scale>
                    <heading>0</heading>
                    <Icon id="1561">
                        <href>http://maps.google.com/mapfiles/kml/pushpin/ylw-pushpin.png</href>
                    </Icon>
                </IconStyle>
            </Style>
            <Style id="1564">
                <IconStyle id="1565">
                    <color>ff800080</color>
                    <colorMode>normal</colorMode>
                    <scale>1</scale>
                    <heading>0</heading>
                    <Icon id="1566">
                        <href>http://maps.google.com/mapfiles/kml/pushpin/ylw-pushpin.png</href>
                    </Icon>
                </IconStyle>
            </Style>
            <Style id="1569">
                <IconStyle id="1570">
                    <color>ff800080</color>
                    <colorMode>normal</colorMode>
                    <scale>1</scale>
                    <heading>0</heading>
                    <Icon id="1571">
                        <href>http://maps.google.com/mapfiles/kml/pushpin/ylw-pushpin.png</href>
                    </Icon>
                </IconStyle>
            </Style>
            <Style id="1574">
                <IconStyle id="1575">
                    <color>ff800080</color>
                    <colorMode>normal</colorMode>
                    <scale>1</scale>
                    <heading>0</heading>
                    <Icon id="1576">
                        <href>http://maps.google.com/mapfiles/kml/pushpin/ylw-pushpin.png</href>
                    </Icon>
                </IconStyle>
            </Style>
            <Style id="1579">
                <IconStyle id="1580">
                    <color>ff800080</color>
                    <colorMode>normal</colorMode>
                    <scale>1</scale>
                    <heading>0</heading>
                    <Icon id="1581">
                        <href>http://maps.google.com/mapfiles/kml/pushpin/ylw-pushpin.png</href>
                    </Icon>
                </IconStyle>
            </Style>
            <Style id="1584">
                <IconStyle id="1585">
                    <color>ff800080</color>
                    <colorMode>normal</colorMode>
                    <scale>1</scale>
                    <heading>0</heading>
                    <Icon id="1586">
                        <href>http://maps.google.com/mapfiles/kml/pushpin/ylw-pushpin.png</href>
                    </Icon>
                </IconStyle>
            </Style>
            <Style id="1589">
                <IconStyle id="1590">
                    <color>ff800080</color>
                    <colorMode>normal</colorMode>
                    <scale>1</scale>
                    <heading>0</heading>
                    <Icon id="1591">
                        <href>http://maps.google.com/mapfiles/kml/pushpin/ylw-pushpin.png</href>
                    </Icon>
                </IconStyle>
            </Style>
            <Style id="1594">
                <IconStyle id="1595">
                    <color>ff800080</color>
                    <colorMode>normal</colorMode>
                    <scale>1</scale>
                    <heading>0</heading>
                    <Icon id="1596">
                        <href>http://maps.google.com/mapfiles/kml/pushpin/ylw-pushpin.png</href>
                    </Icon>
                </IconStyle>
            </Style>
            <Style id="1599">
                <IconStyle id="1600">
                    <color>ff800080</color>
                    <colorMode>normal</colorMode>
                    <scale>1</scale>
                    <heading>0</heading>
                    <Icon id="1601">
                        <href>http://maps.google.com/mapfiles/kml/pushpin/ylw-pushpin.png</href>
                    </Icon>
                </IconStyle>
            </Style>
            <Style id="1604">
                <IconStyle id="1605">
                    <color>ff800080</color>
                    <colorMode>normal</colorMode>
                    <scale>1</scale>
                    <heading>0</heading>
                    <Icon id="1606">
                        <href>http://maps.google.com/mapfiles/kml/pushpin/ylw-pushpin.png</href>
                    </Icon>
                </IconStyle>
            </Style>
            <Style id="1609">
                <IconStyle id="1610">
                    <color>ff800080</color>
                    <colorMode>normal</colorMode>
                    <scale>1</scale>
                    <heading>0</heading>
                    <Icon id="1611">
                        <href>http://maps.google.com/mapfiles/kml/pushpin/ylw-pushpin.png</href>
                    </Icon>
                </IconStyle>
            </Style>
            <Style id="1614">
                <IconStyle id="1615">
                    <color>ff800080</color>
                    <colorMode>normal</colorMode>
                    <scale>1</scale>
                    <heading>0</heading>
                    <Icon id="1616">
                        <href>http://maps.google.com/mapfiles/kml/pushpin/ylw-pushpin.png</href>
                    </Icon>
                </IconStyle>
            </Style>
            <Style id="1619">
                <IconStyle id="1620">
                    <color>ff800080</color>
                    <colorMode>normal</colorMode>
                    <scale>1</scale>
                    <heading>0</heading>
                    <Icon id="1621">
                        <href>http://maps.google.com/mapfiles/kml/pushpin/ylw-pushpin.png</href>
                    </Icon>
                </IconStyle>
            </Style>
            <Style id="1624">
                <IconStyle id="1625">
                    <color>ff800080</color>
                    <colorMode>normal</colorMode>
                    <scale>1</scale>
                    <heading>0</heading>
                    <Icon id="1626">
                        <href>http://maps.google.com/mapfiles/kml/pushpin/ylw-pushpin.png</href>
                    </Icon>
                </IconStyle>
            </Style>
            <Style id="1629">
                <IconStyle id="1630">
                    <color>ff800080</color>
                    <colorMode>normal</colorMode>
                    <scale>1</scale>
                    <heading>0</heading>
                    <Icon id="1631">
                        <href>http://maps.google.com/mapfiles/kml/pushpin/ylw-pushpin.png</href>
                    </Icon>
                </IconStyle>
            </Style>
            <Style id="1634">
                <IconStyle id="1635">
                    <color>ff800080</color>
                    <colorMode>normal</colorMode>
                    <scale>1</scale>
                    <heading>0</heading>
                    <Icon id="1636">
                        <href>http://maps.google.com/mapfiles/kml/pushpin/ylw-pushpin.png</href>
                    </Icon>
                </IconStyle>
            </Style>
            <Style id="1639">
                <IconStyle id="1640">
                    <color>ff800080</color>
                    <colorMode>normal</colorMode>
                    <scale>1</scale>
                    <heading>0</heading>
                    <Icon id="1641">
                        <href>http://maps.google.com/mapfiles/kml/pushpin/ylw-pushpin.png</href>
                    </Icon>
                </IconStyle>
            </Style>
            <Style id="1644">
                <IconStyle id="1645">
                    <color>ff800080</color>
                    <colorMode>normal</colorMode>
                    <scale>1</scale>
                    <heading>0</heading>
                    <Icon id="1646">
                        <href>http://maps.google.com/mapfiles/kml/pushpin/ylw-pushpin.png</href>
                    </Icon>
                </IconStyle>
            </Style>
            <Style id="1649">
                <IconStyle id="1650">
                    <color>ff800080</color>
                    <colorMode>normal</colorMode>
                    <scale>1</scale>
                    <heading>0</heading>
                    <Icon id="1651">
                        <href>http://maps.google.com/mapfiles/kml/pushpin/ylw-pushpin.png</href>
                    </Icon>
                </IconStyle>
            </Style>
            <Style id="1654">
                <IconStyle id="1655">
                    <color>ff800080</color>
                    <colorMode>normal</colorMode>
                    <scale>1</scale>
                    <heading>0</heading>
                    <Icon id="1656">
                        <href>http://maps.google.com/mapfiles/kml/pushpin/ylw-pushpin.png</href>
                    </Icon>
                </IconStyle>
            </Style>
            <Style id="1659">
                <IconStyle id="1660">
                    <color>ff800080</color>
                    <colorMode>normal</colorMode>
                    <scale>1</scale>
                    <heading>0</heading>
                    <Icon id="1661">
                        <href>http://maps.google.com/mapfiles/kml/pushpin/ylw-pushpin.png</href>
                    </Icon>
                </IconStyle>
            </Style>
            <Style id="1664">
                <IconStyle id="1665">
                    <color>ff800080</color>
                    <colorMode>normal</colorMode>
                    <scale>1</scale>
                    <heading>0</heading>
                    <Icon id="1666">
                        <href>http://maps.google.com/mapfiles/kml/pushpin/ylw-pushpin.png</href>
                    </Icon>
                </IconStyle>
            </Style>
            <name>JAIRO JOSUE GONZALES GUERRERO</name>
            <Placemark id="1533">
                <name>YESICCA DEL PILAR ALEMAN TAPIA</name>
                <description>Aahh Santa rosa sn Pto pizarro Entrada frente a la gallera, por la cancha al fondo
Puerto Pizarro
Zarumilla
Tumbes
Perú</description>
                <styleUrl>#1534</styleUrl>
                <Point id="1532">
                    <coordinates>-80.3869006,-3.5046812,0.0</coordinates>
                </Point>
            </Placemark>
            <Placemark id="1538">
                <name>SEGUNDA OLGA ORDINOLA SEMINARIO</name>
                <description>Av primavera ref frente al molino de Otto - entrada de puerto Pizarro al frente del molinera estrella al costado de la señora Dioses Tandazo . Amen
Tumbes
Tumbes
Tumbes
Perú</description>
                <styleUrl>#1539</styleUrl>
                <Point id="1537">
                    <coordinates>-80.3808677,-3.536135,0.0</coordinates>
                </Point>
            </Placemark>
            <Placemark id="1543">
                <name>ROSA LUZ DIOSES TANDAZO</name>
                <description>Av principal s/n - al frente de la molinera entrella ( dónde está el cartel que dice aguas verdes Pizarro ) antes de entrar a Pizarro



Perú</description>
                <styleUrl>#1544</styleUrl>
                <Point id="1542">
                    <coordinates>-80.3806044,-3.53598,0.0</coordinates>
                </Point>
            </Placemark>
            <Placemark id="1548">
                <name>KAREN ANGELINA QUINCHES MOGOLLON</name>
                <description>Las fragatas mz J lt 04, ref. Modulos blancos entrada a pizarro
Tumbes


Perú</description>
                <styleUrl>#1549</styleUrl>
                <Point id="1547">
                    <coordinates>-80.3841872,-3.522955,0.0</coordinates>
                </Point>
            </Placemark>
            <Placemark id="1553">
                <name>ESTEFANI LISSET CHICOMA HUAMAN</name>
                <description>Av principal mz s lote 20 conjunto Residencial la fragata
Tumbes

Tumbes
Perú</description>
                <styleUrl>#1554</styleUrl>
                <Point id="1552">
                    <coordinates>-80.3857058,-3.5242547,0.0</coordinates>
                </Point>
            </Placemark>
            <Placemark id="1558">
                <name>CORDOVA PAZ YESSENIA</name>
                <description>A.H.VILLA JARDIN MZ.6 LT.18


Tumbes
Perú</description>
                <styleUrl>#1559</styleUrl>
                <Point id="1557">
                    <coordinates>-80.391108,-3.50544,0.0</coordinates>
                </Point>
            </Placemark>
            <Placemark id="1563">
                <name>NILTON EDILBERTO HUAMAN FEBRE</name>
                <description>Vía jardín mz E lt 05 pto pizarro ref. Frente a la cancha
Puerto Pizarro
Zarumilla
Tumbes
Perú</description>
                <styleUrl>#1564</styleUrl>
                <Point id="1562">
                    <coordinates>-80.3907417,-3.5058921,0.0</coordinates>
                </Point>
            </Placemark>
            <Placemark id="1568">
                <name>MARIA ESTHER LOPEZ GARCIA</name>
                <description>VIA JARDÍN MZ A LT 20 PTO PIZARRO ANTES DEL PUENTE venta de bidones de agua
Puerto Pizarro
Zarumilla
Tumbes
Perú</description>
                <styleUrl>#1569</styleUrl>
                <Point id="1567">
                    <coordinates>-80.3895067,-3.5044498,0.0</coordinates>
                </Point>
            </Placemark>
            <Placemark id="1573">
                <name>JESICA VERONICA FIESTAS HERRERA</name>
                <description>rivera del mar sur - puerto pizarrro
Tumbes

Tumbes
Perú</description>
                <styleUrl>#1574</styleUrl>
                <Point id="1572">
                    <coordinates>-80.391146,-3.500353,0.0</coordinates>
                </Point>
            </Placemark>
            <Placemark id="1578">
                <name>VIOLETA RODRIGUEZ FLORINDES</name>
                <description>PASAJE FOR DE MANGLAR 172 - PUERTO PIZARRO
Tumbes
Tumbes
Tumbes
Perú</description>
                <styleUrl>#1579</styleUrl>
                <Point id="1577">
                    <coordinates>-80.3868626,-3.4999264,0.0</coordinates>
                </Point>
            </Placemark>
            <Placemark id="1583">
                <name>SELA NEYRA CORTEZ</name>
                <description>Pasaje la granja 106 - puerto Pizarro,Ref . Al costado de la botica farma salud
Tumbes
Zarumilla
Tumbes
Perú</description>
                <styleUrl>#1584</styleUrl>
                <Point id="1582">
                    <coordinates>-80.3883614,-3.5014281,0.0</coordinates>
                </Point>
            </Placemark>
            <Placemark id="1588">
                <name>RICHARD MARTIN CHAPA LLENQUE</name>
                <description>Aahh Jose Gálvez Mz 6 lote 01 - puerto Pizarro referencia antes de la avícola AVICORP


Tumbes
Perú</description>
                <styleUrl>#1589</styleUrl>
                <Point id="1587">
                    <coordinates>-80.38897,-3.5007336,0.0</coordinates>
                </Point>
            </Placemark>
            <Placemark id="1593">
                <name>ELVA LOPEZ GARCIA</name>
                <description>Calle zoylo huertas mz A lote 22 - puerto Pizarro
Puerto Pizarro
Zarumilla
Tumbes
Perú</description>
                <styleUrl>#1594</styleUrl>
                <Point id="1592">
                    <coordinates>-80.3903413,-3.5037304,0.0</coordinates>
                </Point>
            </Placemark>
            <Placemark id="1598">
                <name>JOSE AMERICO PEÑA CHIQUINTA</name>
                <description>los ceibos 118 puerto pizarro a unos metros de la pista principal
Puerto Pizarro
24000Zarumilla
Tumbes
Perú</description>
                <styleUrl>#1599</styleUrl>
                <Point id="1597">
                    <coordinates>-80.389563,-3.503091,0.0</coordinates>
                </Point>
            </Placemark>
            <Placemark id="1603">
                <name>DE ROMAN MARYBEL PINTADO PINTADO</name>
                <description>Calle los ceibos 135 - puerto Pizarro Ref. Atrás de la comisaría
Puerto Pizarro
Zarumilla
Tumbes
Perú</description>
                <styleUrl>#1604</styleUrl>
                <Point id="1602">
                    <coordinates>-80.3907644,-3.5033743,0.0</coordinates>
                </Point>
            </Placemark>
            <Placemark id="1608">
                <name>TESSY DEL PILAR ROSILLO MEJIA</name>
                <description>Av grau 126 - puerto Pizarro tumbes, Ref. Casa de apuesta
Puerto Pizarro
Zarumilla
Tumbes
Perú</description>
                <styleUrl>#1609</styleUrl>
                <Point id="1607">
                    <coordinates>-80.3892605,-3.5011302,0.0</coordinates>
                </Point>
            </Placemark>
            <Placemark id="1613">
                <name>EVELYN YULITZA ADANAQUE SERQUEN</name>
                <description>Calle los manglares alado del colegio 014 Miguel grau Puerto Pizarro
Puerto Pizarro
24000Zarumilla
Tumbes
Perú</description>
                <styleUrl>#1614</styleUrl>
                <Point id="1612">
                    <coordinates>-80.3916204,-3.5036352,0.0</coordinates>
                </Point>
            </Placemark>
            <Placemark id="1618">
                <name>ERMELITA JULIA GALAN SALDARRIAGA</name>
                <description>calle San Pablo 219 pto pizarro atras de los columpios
Puerto Pizarro
24000Zarumilla
Tumbes
Perú</description>
                <styleUrl>#1619</styleUrl>
                <Point id="1617">
                    <coordinates>-80.3926751,-3.5033183,0.0</coordinates>
                </Point>
            </Placemark>
            <Placemark id="1623">
                <name>YANET AGUILAR GARCIA</name>
                <description>Av. Miguel grau 210puerto Pizarro Antes de llegar al mirador
Puerto Pizarro
24000Zarumilla
Tumbes
Perú</description>
                <styleUrl>#1624</styleUrl>
                <Point id="1622">
                    <coordinates>-80.3896712,-3.500409,0.0</coordinates>
                </Point>
            </Placemark>
            <Placemark id="1628">
                <name>MANUEL JESUS NATIVIDAD MENDOZA MAZA</name>
                <description>Kiosko azul - balneario puerto pizarro
Tumbes
Zarumilla
Tumbes
Perú</description>
                <styleUrl>#1629</styleUrl>
                <Point id="1627">
                    <coordinates>-80.3900803,-3.5002038,0.0</coordinates>
                </Point>
            </Placemark>
            <Placemark id="1633">
                <name>ABELARDO PINTADO RODRIGUEZ</name>
                <description>Rivera del mar sur 203 - puerto Pizarro,Ref . Cerca al terminal pesquero
Puerto Pizarro
Zarumilla
Tumbes
Perú</description>
                <styleUrl>#1634</styleUrl>
                <Point id="1632">
                    <coordinates>-80.3908961,-3.5004224,0.0</coordinates>
                </Point>
            </Placemark>
            <Placemark id="1638">
                <name>JESSICA DEL ROSARIO BISMARCK MOSCOSO</name>
                <description>Psje el calamar 208 - puerto Pizarro antes de llegar a la playa
Puerto Pizarro
Zarumilla
Tumbes
Perú</description>
                <styleUrl>#1639</styleUrl>
                <Point id="1637">
                    <coordinates>-80.391221,-3.5009271,0.0</coordinates>
                </Point>
            </Placemark>
            <Placemark id="1643">
                <name>FELIX DOMINGUEZ CORDOVA</name>
                <description>Calle san pedro 135 puerto pizarro,Frente a la canchita , bodega reyna del cisne
Puerto Pizarro
Zarumilla
Tumbes
Perú</description>
                <styleUrl>#1644</styleUrl>
                <Point id="1642">
                    <coordinates>-80.3880826,-3.5001836,0.0</coordinates>
                </Point>
            </Placemark>
            <Placemark id="1648">
                <name>PACIFICA INES SALVATIERRA BALCAZAR</name>
                <description>Pasaje las garzas 109- puerto Pizarro, Ref. Frente al restaurante conchas negras
Puerto Pizarro
Zarumilla
Tumbes
Perú</description>
                <styleUrl>#1649</styleUrl>
                <Point id="1647">
                    <coordinates>-80.3879614,-3.4993188,0.0</coordinates>
                </Point>
            </Placemark>
            <Placemark id="1653">
                <name>YESICCA DEL PILAR ALEMAN TAPIA</name>
                <description>Aahh Santa rosa sn Pto pizarro Entrada frente a la gallera, por la cancha al fondo
Puerto Pizarro
Zarumilla
Tumbes
Perú</description>
                <styleUrl>#1654</styleUrl>
                <Point id="1652">
                    <coordinates>-80.3869006,-3.5046812,0.0</coordinates>
                </Point>
            </Placemark>
            <Placemark id="1658">
                <name>PATRICIA NATIVIDAD CAMACHO ZARATE</name>
                <description>LA BOTELLA Puerto Pizarro
Puerto Pizarro
Zarumilla
Tumbes
Perú</description>
                <styleUrl>#1659</styleUrl>
                <Point id="1657">
                    <coordinates>-80.3986515,-3.5481367,0.0</coordinates>
                </Point>
            </Placemark>
            <Placemark id="1663">
                <name>MARGARITA CASTILLO RODRIGUEZ</name>
                <description>AAHH SANTA ROSA CALLE TUMBES 12 - puerto Pizarro ref. frente al pampon
Tumbes
Tumbes
Tumbes
Perú</description>
                <styleUrl>#1664</styleUrl>
                <Point id="1662">
                    <coordinates>-80.388719,-3.50481,0.0</coordinates>
                </Point>
            </Placemark>
        </Folder>
        <Folder id="1667">
            <Style id="1670">
                <IconStyle id="1671">
                    <color>ff00a5ff</color>
                    <colorMode>normal</colorMode>
                    <scale>1</scale>
                    <heading>0</heading>
                    <Icon id="1672">
                        <href>http://maps.google.com/mapfiles/kml/pushpin/ylw-pushpin.png</href>
                    </Icon>
                </IconStyle>
            </Style>
            <Style id="1675">
                <IconStyle id="1676">
                    <color>ff00a5ff</color>
                    <colorMode>normal</colorMode>
                    <scale>1</scale>
                    <heading>0</heading>
                    <Icon id="1677">
                        <href>http://maps.google.com/mapfiles/kml/pushpin/ylw-pushpin.png</href>
                    </Icon>
                </IconStyle>
            </Style>
            <Style id="1680">
                <IconStyle id="1681">
                    <color>ff00a5ff</color>
                    <colorMode>normal</colorMode>
                    <scale>1</scale>
                    <heading>0</heading>
                    <Icon id="1682">
                        <href>http://maps.google.com/mapfiles/kml/pushpin/ylw-pushpin.png</href>
                    </Icon>
                </IconStyle>
            </Style>
            <Style id="1685">
                <IconStyle id="1686">
                    <color>ff00a5ff</color>
                    <colorMode>normal</colorMode>
                    <scale>1</scale>
                    <heading>0</heading>
                    <Icon id="1687">
                        <href>http://maps.google.com/mapfiles/kml/pushpin/ylw-pushpin.png</href>
                    </Icon>
                </IconStyle>
            </Style>
            <Style id="1690">
                <IconStyle id="1691">
                    <color>ff00a5ff</color>
                    <colorMode>normal</colorMode>
                    <scale>1</scale>
                    <heading>0</heading>
                    <Icon id="1692">
                        <href>http://maps.google.com/mapfiles/kml/pushpin/ylw-pushpin.png</href>
                    </Icon>
                </IconStyle>
            </Style>
            <Style id="1695">
                <IconStyle id="1696">
                    <color>ff00a5ff</color>
                    <colorMode>normal</colorMode>
                    <scale>1</scale>
                    <heading>0</heading>
                    <Icon id="1697">
                        <href>http://maps.google.com/mapfiles/kml/pushpin/ylw-pushpin.png</href>
                    </Icon>
                </IconStyle>
            </Style>
            <Style id="1700">
                <IconStyle id="1701">
                    <color>ff00a5ff</color>
                    <colorMode>normal</colorMode>
                    <scale>1</scale>
                    <heading>0</heading>
                    <Icon id="1702">
                        <href>http://maps.google.com/mapfiles/kml/pushpin/ylw-pushpin.png</href>
                    </Icon>
                </IconStyle>
            </Style>
            <Style id="1705">
                <IconStyle id="1706">
                    <color>ff00a5ff</color>
                    <colorMode>normal</colorMode>
                    <scale>1</scale>
                    <heading>0</heading>
                    <Icon id="1707">
                        <href>http://maps.google.com/mapfiles/kml/pushpin/ylw-pushpin.png</href>
                    </Icon>
                </IconStyle>
            </Style>
            <Style id="1710">
                <IconStyle id="1711">
                    <color>ff00a5ff</color>
                    <colorMode>normal</colorMode>
                    <scale>1</scale>
                    <heading>0</heading>
                    <Icon id="1712">
                        <href>http://maps.google.com/mapfiles/kml/pushpin/ylw-pushpin.png</href>
                    </Icon>
                </IconStyle>
            </Style>
            <Style id="1715">
                <IconStyle id="1716">
                    <color>ff00a5ff</color>
                    <colorMode>normal</colorMode>
                    <scale>1</scale>
                    <heading>0</heading>
                    <Icon id="1717">
                        <href>http://maps.google.com/mapfiles/kml/pushpin/ylw-pushpin.png</href>
                    </Icon>
                </IconStyle>
            </Style>
            <Style id="1720">
                <IconStyle id="1721">
                    <color>ff00a5ff</color>
                    <colorMode>normal</colorMode>
                    <scale>1</scale>
                    <heading>0</heading>
                    <Icon id="1722">
                        <href>http://maps.google.com/mapfiles/kml/pushpin/ylw-pushpin.png</href>
                    </Icon>
                </IconStyle>
            </Style>
            <Style id="1725">
                <IconStyle id="1726">
                    <color>ff00a5ff</color>
                    <colorMode>normal</colorMode>
                    <scale>1</scale>
                    <heading>0</heading>
                    <Icon id="1727">
                        <href>http://maps.google.com/mapfiles/kml/pushpin/ylw-pushpin.png</href>
                    </Icon>
                </IconStyle>
            </Style>
            <Style id="1730">
                <IconStyle id="1731">
                    <color>ff00a5ff</color>
                    <colorMode>normal</colorMode>
                    <scale>1</scale>
                    <heading>0</heading>
                    <Icon id="1732">
                        <href>http://maps.google.com/mapfiles/kml/pushpin/ylw-pushpin.png</href>
                    </Icon>
                </IconStyle>
            </Style>
            <Style id="1735">
                <IconStyle id="1736">
                    <color>ff00a5ff</color>
                    <colorMode>normal</colorMode>
                    <scale>1</scale>
                    <heading>0</heading>
                    <Icon id="1737">
                        <href>http://maps.google.com/mapfiles/kml/pushpin/ylw-pushpin.png</href>
                    </Icon>
                </IconStyle>
            </Style>
            <Style id="1740">
                <IconStyle id="1741">
                    <color>ff00a5ff</color>
                    <colorMode>normal</colorMode>
                    <scale>1</scale>
                    <heading>0</heading>
                    <Icon id="1742">
                        <href>http://maps.google.com/mapfiles/kml/pushpin/ylw-pushpin.png</href>
                    </Icon>
                </IconStyle>
            </Style>
            <Style id="1745">
                <IconStyle id="1746">
                    <color>ff00a5ff</color>
                    <colorMode>normal</colorMode>
                    <scale>1</scale>
                    <heading>0</heading>
                    <Icon id="1747">
                        <href>http://maps.google.com/mapfiles/kml/pushpin/ylw-pushpin.png</href>
                    </Icon>
                </IconStyle>
            </Style>
            <Style id="1750">
                <IconStyle id="1751">
                    <color>ff00a5ff</color>
                    <colorMode>normal</colorMode>
                    <scale>1</scale>
                    <heading>0</heading>
                    <Icon id="1752">
                        <href>http://maps.google.com/mapfiles/kml/pushpin/ylw-pushpin.png</href>
                    </Icon>
                </IconStyle>
            </Style>
            <Style id="1755">
                <IconStyle id="1756">
                    <color>ff00a5ff</color>
                    <colorMode>normal</colorMode>
                    <scale>1</scale>
                    <heading>0</heading>
                    <Icon id="1757">
                        <href>http://maps.google.com/mapfiles/kml/pushpin/ylw-pushpin.png</href>
                    </Icon>
                </IconStyle>
            </Style>
            <Style id="1760">
                <IconStyle id="1761">
                    <color>ff00a5ff</color>
                    <colorMode>normal</colorMode>
                    <scale>1</scale>
                    <heading>0</heading>
                    <Icon id="1762">
                        <href>http://maps.google.com/mapfiles/kml/pushpin/ylw-pushpin.png</href>
                    </Icon>
                </IconStyle>
            </Style>
            <Style id="1765">
                <IconStyle id="1766">
                    <color>ff00a5ff</color>
                    <colorMode>normal</colorMode>
                    <scale>1</scale>
                    <heading>0</heading>
                    <Icon id="1767">
                        <href>http://maps.google.com/mapfiles/kml/pushpin/ylw-pushpin.png</href>
                    </Icon>
                </IconStyle>
            </Style>
            <Style id="1770">
                <IconStyle id="1771">
                    <color>ff00a5ff</color>
                    <colorMode>normal</colorMode>
                    <scale>1</scale>
                    <heading>0</heading>
                    <Icon id="1772">
                        <href>http://maps.google.com/mapfiles/kml/pushpin/ylw-pushpin.png</href>
                    </Icon>
                </IconStyle>
            </Style>
            <Style id="1775">
                <IconStyle id="1776">
                    <color>ff00a5ff</color>
                    <colorMode>normal</colorMode>
                    <scale>1</scale>
                    <heading>0</heading>
                    <Icon id="1777">
                        <href>http://maps.google.com/mapfiles/kml/pushpin/ylw-pushpin.png</href>
                    </Icon>
                </IconStyle>
            </Style>
            <Style id="1780">
                <IconStyle id="1781">
                    <color>ff00a5ff</color>
                    <colorMode>normal</colorMode>
                    <scale>1</scale>
                    <heading>0</heading>
                    <Icon id="1782">
                        <href>http://maps.google.com/mapfiles/kml/pushpin/ylw-pushpin.png</href>
                    </Icon>
                </IconStyle>
            </Style>
            <Style id="1785">
                <IconStyle id="1786">
                    <color>ff00a5ff</color>
                    <colorMode>normal</colorMode>
                    <scale>1</scale>
                    <heading>0</heading>
                    <Icon id="1787">
                        <href>http://maps.google.com/mapfiles/kml/pushpin/ylw-pushpin.png</href>
                    </Icon>
                </IconStyle>
            </Style>
            <Style id="1790">
                <IconStyle id="1791">
                    <color>ff00a5ff</color>
                    <colorMode>normal</colorMode>
                    <scale>1</scale>
                    <heading>0</heading>
                    <Icon id="1792">
                        <href>http://maps.google.com/mapfiles/kml/pushpin/ylw-pushpin.png</href>
                    </Icon>
                </IconStyle>
            </Style>
            <Style id="1795">
                <IconStyle id="1796">
                    <color>ff00a5ff</color>
                    <colorMode>normal</colorMode>
                    <scale>1</scale>
                    <heading>0</heading>
                    <Icon id="1797">
                        <href>http://maps.google.com/mapfiles/kml/pushpin/ylw-pushpin.png</href>
                    </Icon>
                </IconStyle>
            </Style>
            <Style id="1800">
                <IconStyle id="1801">
                    <color>ff00a5ff</color>
                    <colorMode>normal</colorMode>
                    <scale>1</scale>
                    <heading>0</heading>
                    <Icon id="1802">
                        <href>http://maps.google.com/mapfiles/kml/pushpin/ylw-pushpin.png</href>
                    </Icon>
                </IconStyle>
            </Style>
            <Style id="1805">
                <IconStyle id="1806">
                    <color>ff00a5ff</color>
                    <colorMode>normal</colorMode>
                    <scale>1</scale>
                    <heading>0</heading>
                    <Icon id="1807">
                        <href>http://maps.google.com/mapfiles/kml/pushpin/ylw-pushpin.png</href>
                    </Icon>
                </IconStyle>
            </Style>
            <Style id="1810">
                <IconStyle id="1811">
                    <color>ff00a5ff</color>
                    <colorMode>normal</colorMode>
                    <scale>1</scale>
                    <heading>0</heading>
                    <Icon id="1812">
                        <href>http://maps.google.com/mapfiles/kml/pushpin/ylw-pushpin.png</href>
                    </Icon>
                </IconStyle>
            </Style>
            <Style id="1815">
                <IconStyle id="1816">
                    <color>ff00a5ff</color>
                    <colorMode>normal</colorMode>
                    <scale>1</scale>
                    <heading>0</heading>
                    <Icon id="1817">
                        <href>http://maps.google.com/mapfiles/kml/pushpin/ylw-pushpin.png</href>
                    </Icon>
                </IconStyle>
            </Style>
            <Style id="1820">
                <IconStyle id="1821">
                    <color>ff00a5ff</color>
                    <colorMode>normal</colorMode>
                    <scale>1</scale>
                    <heading>0</heading>
                    <Icon id="1822">
                        <href>http://maps.google.com/mapfiles/kml/pushpin/ylw-pushpin.png</href>
                    </Icon>
                </IconStyle>
            </Style>
            <Style id="1825">
                <IconStyle id="1826">
                    <color>ff00a5ff</color>
                    <colorMode>normal</colorMode>
                    <scale>1</scale>
                    <heading>0</heading>
                    <Icon id="1827">
                        <href>http://maps.google.com/mapfiles/kml/pushpin/ylw-pushpin.png</href>
                    </Icon>
                </IconStyle>
            </Style>
            <name>JOSE DAVID QUISPE RENTERIA</name>
            <Placemark id="1669">
                <name>MERCADO PIURANO E.I.R.L., SANTA ROSA</name>
                <description>MERCADO PIURANO E.I.R.L.
MzB1 -17 santa rosa
Veintiséis de Octubre
Veintiséis de Octubre
Piura
Perú</description>
                <styleUrl>#1670</styleUrl>
                <Point id="1668">
                    <coordinates>-80.663173,-5.184875,0.0</coordinates>
                </Point>
            </Placemark>
            <Placemark id="1674">
                <name>VICTORIA LESCANO MARQUEZ</name>
                <description>MZ J LTE.14 AA. HH ANDRES AVELINO C
Veintiséis de Octubre
Piura
Piura
Perú</description>
                <styleUrl>#1675</styleUrl>
                <Point id="1673">
                    <coordinates>-80.6670016,-5.1802424,0.0</coordinates>
                </Point>
            </Placemark>
            <Placemark id="1679">
                <name>AZUCENA DEL PILAR CRISANTO HIDALGO DE SEMINARIO</name>
                <description>Condominios oasis torre R block 108
Veintiséis de Octubre
Veintiséis de Octubre
Piura
Perú</description>
                <styleUrl>#1680</styleUrl>
                <Point id="1678">
                    <coordinates>-80.6647509,-5.1818615,0.0</coordinates>
                </Point>
            </Placemark>
            <Placemark id="1684">
                <name>TACURI VILLACORTA CLARA LUZ</name>
                <description>Av. Raúl Mata s/N condominio Ciudad sol de Piura Block X  N 108
Veintiséis de Octubre
Veintiséis de Octubre
Piura
Perú</description>
                <styleUrl>#1685</styleUrl>
                <Point id="1683">
                    <coordinates>-80.6644239,-5.1818117,0.0</coordinates>
                </Point>
            </Placemark>
            <Placemark id="1689">
                <name>MARIA SANCHEZ GUTIERREZ</name>
                <description>MARIA SANCHEZ GUTIERREZ
CAA. HHUANCABAMBA 284 AA. HH SANTAROSA-PIURA
Veintiséis de Octubre
Piura
Piura
Perú</description>
                <styleUrl>#1690</styleUrl>
                <Point id="1688">
                    <coordinates>-80.6623037,-5.1869236,0.0</coordinates>
                </Point>
            </Placemark>
            <Placemark id="1694">
                <name>CARMEN CHIROQUE CHORRES</name>
                <description>SANTA ROSA CRISTOS NOS VALGA MZ-D6
Veintiséis de Octubre
Piura
Piura
Perú</description>
                <styleUrl>#1695</styleUrl>
                <Point id="1693">
                    <coordinates>-80.6615011,-5.1880814,0.0</coordinates>
                </Point>
            </Placemark>
            <Placemark id="1699">
                <name>LLACSAHUANGA JIMENEZ ELVIRA DEL SOCORRO</name>
                <description>CA.ING.ESCUDERO MZ I6 LTE.4 AA. HHSANTA ROSA
Veintiséis de Octubre
Piura
Piura
Perú</description>
                <styleUrl>#1700</styleUrl>
                <Point id="1698">
                    <coordinates>-80.6641307,-5.1890084,0.0</coordinates>
                </Point>
            </Placemark>
            <Placemark id="1704">
                <name>ANGELA NUÑEZ CASTILLO</name>
                <description>ANGELA NUÑEZ CASTILLO
AV. MARCAVELICA. MZ A LT. 01 URB CHIRA PIURA
Piura
Piura
Piura
Perú</description>
                <styleUrl>#1705</styleUrl>
                <Point id="1703">
                    <coordinates>-80.6545755,-5.1836109,0.0</coordinates>
                </Point>
            </Placemark>
            <Placemark id="1709">
                <name>SANTOS FREDESVINDA RIVERA FEBRE</name>
                <description>URB LOS TALLANES MZ.K LT.10A  
Piura
Piura
Piura
Perú</description>
                <styleUrl>#1710</styleUrl>
                <Point id="1708">
                    <coordinates>-80.6580637,-5.1851389,0.0</coordinates>
                </Point>
            </Placemark>
            <Placemark id="1714">
                <name>MARIA ANDREA VALVERDE DE FLORES</name>
                <description>CA.HUANCABAMBA 261            
Veintiséis de Octubre
Piura
Piura
Perú</description>
                <styleUrl>#1715</styleUrl>
                <Point id="1713">
                    <coordinates>-80.6622419,-5.1866813,0.0</coordinates>
                </Point>
            </Placemark>
            <Placemark id="1719">
                <name>JUANA ORTELIA GARCIA MAZA</name>
                <description>JUANA ORTELIA GARCIA MAZA
AV. STA ROSA NRO. 311 AA. HH STA ROSA - 26 OCTUBRE
Veintiséis de Octubre
Piura
Piura
Perú</description>
                <styleUrl>#1720</styleUrl>
                <Point id="1718">
                    <coordinates>-80.6620975,-5.1874409,0.0</coordinates>
                </Point>
            </Placemark>
            <Placemark id="1724">
                <name>JUAN MANUEL RAMIREZ MIRANDA</name>
                <description>MZ D7 LT1 AAHH SANTA ROSA     
Veintiséis de Octubre
Veintiséis de Octubre
Piura
Perú</description>
                <styleUrl>#1725</styleUrl>
                <Point id="1723">
                    <coordinates>-80.6648834,-5.1897306,0.0</coordinates>
                </Point>
            </Placemark>
            <Placemark id="1729">
                <name>LADI CAROL RODRIGUEZ BERRU</name>
                <description>JR LANCONES NRO. 248 P.J. SANTA ROSA - 26 DE OCT
Veintiséis de Octubre
Piura
Piura
Perú</description>
                <styleUrl>#1730</styleUrl>
                <Point id="1728">
                    <coordinates>-80.6612401,-5.1866172,0.0</coordinates>
                </Point>
            </Placemark>
            <Placemark id="1734">
                <name>HAYDEE RODRIGUEZ SERQUEN</name>
                <description>HAYDEE RODRIGUEZ SERQUEN
CA.AYABACA. MZ H-2 LT 28 SANTA ROSA
Veintiséis de Octubre
Piura
Piura
Perú</description>
                <styleUrl>#1735</styleUrl>
                <Point id="1733">
                    <coordinates>-80.659934,-5.1857683,0.0</coordinates>
                </Point>
            </Placemark>
            <Placemark id="1739">
                <name>MARIA ROSA CASTILLO CHOQUEHUANCA</name>
                <description>Jirón Sullana 191 Santa Rosa
Veintiséis de Octubre
Veintiséis de Octubre
Piura
Perú</description>
                <styleUrl>#1740</styleUrl>
                <Point id="1738">
                    <coordinates>-80.658386,-5.1898648,0.0</coordinates>
                </Point>
            </Placemark>
            <Placemark id="1744">
                <name>ROSA ISABEL ESPINOZA CORNEJO</name>
                <description>ROSA ISABEL ESPINOZA CORNEJO
MZ B4 LT. 15 AA. HH STA ROSA
Veintiséis de Octubre
Piura
Piura
Perú</description>
                <styleUrl>#1745</styleUrl>
                <Point id="1743">
                    <coordinates>-80.6573886,-5.1887888,0.0</coordinates>
                </Point>
            </Placemark>
            <Placemark id="1749">
                <name>SOCORRO DEL PILAR CRUZ SILVA</name>
                <description>A.H.SANTA ROSA MZ.B3 LT.10    
Veintiséis de Octubre
Piura
Piura
Perú</description>
                <styleUrl>#1750</styleUrl>
                <Point id="1748">
                    <coordinates>-80.6572215,-5.1886592,0.0</coordinates>
                </Point>
            </Placemark>
            <Placemark id="1754">
                <name>VIOLETA REQUENA DE VEGAS</name>
                <description>MZ B 04 LT.20 AV SANTA ROSA   
Veintiséis de Octubre
Piura
Piura
Perú</description>
                <styleUrl>#1755</styleUrl>
                <Point id="1753">
                    <coordinates>-80.6570433,-5.1889658,0.0</coordinates>
                </Point>
            </Placemark>
            <Placemark id="1759">
                <name>MERCADO PIURANO E.I.R.L., AV GRAU</name>
                <description>MERCADO PIURANO E.I.R.L., AV GRAU
AV. GRAU MZA. A LOTE. 16 A.H. CESAR VALLEJO
Piura
200115Piura
Piura
Perú</description>
                <styleUrl>#1760</styleUrl>
                <Point id="1758">
                    <coordinates>-80.6557953,-5.1867657,0.0</coordinates>
                </Point>
            </Placemark>
            <Placemark id="1764">
                <name>MERCADO PIURANO E.I.R.L., SANTA ROSA</name>
                <description>MERCADO PIURANO E.I.R.L.
MzB1 -17 santa rosa
Veintiséis de Octubre
Veintiséis de Octubre
Piura
Perú</description>
                <styleUrl>#1765</styleUrl>
                <Point id="1763">
                    <coordinates>-80.663173,-5.184875,0.0</coordinates>
                </Point>
            </Placemark>
            <Placemark id="1769">
                <name>MERCADO PIURANO E.I.R.L., SANTA ROSA</name>
                <description>MERCADO PIURANO E.I.R.L.
MzB1 -17 santa rosa
Veintiséis de Octubre
Veintiséis de Octubre
Piura
Perú</description>
                <styleUrl>#1770</styleUrl>
                <Point id="1768">
                    <coordinates>-80.663173,-5.184875,0.0</coordinates>
                </Point>
            </Placemark>
            <Placemark id="1774">
                <name>GONZAGA SARANGO EVELYN</name>
                <description>Condominio ciudad del Sol Torre y Dpto 108
Veintiséis de Octubre
Veintiséis de Octubre
Piura
Perú</description>
                <styleUrl>#1775</styleUrl>
                <Point id="1773">
                    <coordinates>-80.6648032,-5.1813344,0.0</coordinates>
                </Point>
            </Placemark>
            <Placemark id="1779">
                <name>AURORA DE LOS MILAGROS LEON MAURICIO</name>
                <description>CONDOMINIO SOL DE Piura DPT. 106 BLOCK R
Veintiséis de Octubre
Veintiséis de Octubre
Piura
Perú</description>
                <styleUrl>#1780</styleUrl>
                <Point id="1778">
                    <coordinates>-80.664633,-5.1818407,0.0</coordinates>
                </Point>
            </Placemark>
            <Placemark id="1784">
                <name>FLOR MARIA SILVA PAICO</name>
                <description>PARQUE CENTENARIO AVELINO CACERES MZ 4-Piura-Piura
Veintiséis de Octubre
Veintiséis de Octubre
Piura
Perú</description>
                <styleUrl>#1785</styleUrl>
                <Point id="1783">
                    <coordinates>-80.6665317,-5.1805832,0.0</coordinates>
                </Point>
            </Placemark>
            <Placemark id="1789">
                <name>VICTORIA LESCANO MARQUEZ</name>
                <description>MZ J LTE.14 AA. HH ANDRES AVELINO C
Veintiséis de Octubre
Piura
Piura
Perú</description>
                <styleUrl>#1790</styleUrl>
                <Point id="1788">
                    <coordinates>-80.6670016,-5.1802424,0.0</coordinates>
                </Point>
            </Placemark>
            <Placemark id="1794">
                <name>MARUJA NONAJULCA CULQUICONDOR</name>
                <description>AV. PRINCIPAL MZ A LT 18
Veintiséis de Octubre
Piura
Piura
Perú</description>
                <styleUrl>#1795</styleUrl>
                <Point id="1793">
                    <coordinates>-80.6698223,-5.1782944,0.0</coordinates>
                </Point>
            </Placemark>
            <Placemark id="1799">
                <name>MARIA INES SAAVEDRA AVILA</name>
                <description>MZ F LT 35 CAPULLANAS Piura-Piura
Veintiséis de Octubre
Veintiséis de Octubre
Piura
Perú</description>
                <styleUrl>#1800</styleUrl>
                <Point id="1798">
                    <coordinates>-80.6723604,-5.1777794,0.0</coordinates>
                </Point>
            </Placemark>
            <Placemark id="1804">
                <name>VITALINO NONAJULCA CULQUICONDOR</name>
                <description>VITALINO NONAJULCA CULQUICONDOR
CA. 5 LT.30 MZ H P.J. LOS CAPULLANAS - PIURA
Veintiséis de Octubre
Veintiséis de Octubre
Piura
Perú</description>
                <styleUrl>#1805</styleUrl>
                <Point id="1803">
                    <coordinates>-80.6706413,-5.1778747,0.0</coordinates>
                </Point>
            </Placemark>
            <Placemark id="1809">
                <name>MONICA MARIA VILCHEZ MENDOZA DE SANDOVAL</name>
                <description>Mz 1 lote 39 , parque capullanas
Veintiséis de Octubre
Veintiséis de Octubre
Piura
Perú</description>
                <styleUrl>#1810</styleUrl>
                <Point id="1808">
                    <coordinates>-80.6699503,-5.1794203,0.0</coordinates>
                </Point>
            </Placemark>
            <Placemark id="1814">
                <name>ARIANA CAROLINA PINTADO SANCHEZ</name>
                <description>Mz G lote 08 las capullanas
Veintiséis de Octubre
Veintiséis de Octubre
Piura
Perú</description>
                <styleUrl>#1815</styleUrl>
                <Point id="1813">
                    <coordinates>-80.6702381,-5.1785518,0.0</coordinates>
                </Point>
            </Placemark>
            <Placemark id="1819">
                <name>FELICINO CRUZ GODOS</name>
                <description>FELICINO CRUZ GODOS
URB LOS TALLANES 2 ETP MZ F - 1 LT-14 PIURA
Piura
Piura
Piura
Perú</description>
                <styleUrl>#1820</styleUrl>
                <Point id="1818">
                    <coordinates>-80.6571048,-5.1843045,0.0</coordinates>
                </Point>
            </Placemark>
            <Placemark id="1824">
                <name>JORGE ANTONIO MEJIA VELEZ</name>
                <description>JORGE ANTONIO MEJIA VELEZ
MZ G1 LT 11 URB LOS TALLANES 26 DEOCTUBRE
Piura
Piura
Piura
Perú</description>
                <styleUrl>#1825</styleUrl>
                <Point id="1823">
                    <coordinates>-80.6571274,-5.1844668,0.0</coordinates>
                </Point>
            </Placemark>
        </Folder>
        <Folder id="1828">
            <Style id="1831">
                <IconStyle id="1832">
                    <color>ff00ffff</color>
                    <colorMode>normal</colorMode>
                    <scale>1</scale>
                    <heading>0</heading>
                    <Icon id="1833">
                        <href>http://maps.google.com/mapfiles/kml/pushpin/ylw-pushpin.png</href>
                    </Icon>
                </IconStyle>
            </Style>
            <Style id="1836">
                <IconStyle id="1837">
                    <color>ff00ffff</color>
                    <colorMode>normal</colorMode>
                    <scale>1</scale>
                    <heading>0</heading>
                    <Icon id="1838">
                        <href>http://maps.google.com/mapfiles/kml/pushpin/ylw-pushpin.png</href>
                    </Icon>
                </IconStyle>
            </Style>
            <Style id="1841">
                <IconStyle id="1842">
                    <color>ff00ffff</color>
                    <colorMode>normal</colorMode>
                    <scale>1</scale>
                    <heading>0</heading>
                    <Icon id="1843">
                        <href>http://maps.google.com/mapfiles/kml/pushpin/ylw-pushpin.png</href>
                    </Icon>
                </IconStyle>
            </Style>
            <Style id="1846">
                <IconStyle id="1847">
                    <color>ff00ffff</color>
                    <colorMode>normal</colorMode>
                    <scale>1</scale>
                    <heading>0</heading>
                    <Icon id="1848">
                        <href>http://maps.google.com/mapfiles/kml/pushpin/ylw-pushpin.png</href>
                    </Icon>
                </IconStyle>
            </Style>
            <Style id="1851">
                <IconStyle id="1852">
                    <color>ff00ffff</color>
                    <colorMode>normal</colorMode>
                    <scale>1</scale>
                    <heading>0</heading>
                    <Icon id="1853">
                        <href>http://maps.google.com/mapfiles/kml/pushpin/ylw-pushpin.png</href>
                    </Icon>
                </IconStyle>
            </Style>
            <Style id="1856">
                <IconStyle id="1857">
                    <color>ff00ffff</color>
                    <colorMode>normal</colorMode>
                    <scale>1</scale>
                    <heading>0</heading>
                    <Icon id="1858">
                        <href>http://maps.google.com/mapfiles/kml/pushpin/ylw-pushpin.png</href>
                    </Icon>
                </IconStyle>
            </Style>
            <Style id="1861">
                <IconStyle id="1862">
                    <color>ff00ffff</color>
                    <colorMode>normal</colorMode>
                    <scale>1</scale>
                    <heading>0</heading>
                    <Icon id="1863">
                        <href>http://maps.google.com/mapfiles/kml/pushpin/ylw-pushpin.png</href>
                    </Icon>
                </IconStyle>
            </Style>
            <Style id="1866">
                <IconStyle id="1867">
                    <color>ff00ffff</color>
                    <colorMode>normal</colorMode>
                    <scale>1</scale>
                    <heading>0</heading>
                    <Icon id="1868">
                        <href>http://maps.google.com/mapfiles/kml/pushpin/ylw-pushpin.png</href>
                    </Icon>
                </IconStyle>
            </Style>
            <Style id="1871">
                <IconStyle id="1872">
                    <color>ff00ffff</color>
                    <colorMode>normal</colorMode>
                    <scale>1</scale>
                    <heading>0</heading>
                    <Icon id="1873">
                        <href>http://maps.google.com/mapfiles/kml/pushpin/ylw-pushpin.png</href>
                    </Icon>
                </IconStyle>
            </Style>
            <Style id="1876">
                <IconStyle id="1877">
                    <color>ff00ffff</color>
                    <colorMode>normal</colorMode>
                    <scale>1</scale>
                    <heading>0</heading>
                    <Icon id="1878">
                        <href>http://maps.google.com/mapfiles/kml/pushpin/ylw-pushpin.png</href>
                    </Icon>
                </IconStyle>
            </Style>
            <name>KATHERINE REBECA DE JESUS CARDOZA LEE</name>
            <Placemark id="1830">
                <name>GOLOSINAS Y BEBIDAS FADI SOCIEDAD ANONIMA CERRADA</name>
                <description>MZA. A LOTE. 12 OTR.  MERCADO MAYORISTA LAS CAPULLANAS
Veintiséis de Octubre
Veintiséis de Octubre
Piura
Perú</description>
                <styleUrl>#1831</styleUrl>
                <Point id="1829">
                    <coordinates>-80.669706,-5.1755536,0.0</coordinates>
                </Point>
            </Placemark>
            <Placemark id="1835">
                <name>CORDOVA CASTILLO MELVA MAGALY</name>
                <description>MERCADO CAPULLANAS PUESTO 137 Y PUESTO 138
Veintiséis de Octubre
Veintiséis de Octubre
Piura
Perú</description>
                <styleUrl>#1836</styleUrl>
                <Point id="1834">
                    <coordinates>-80.6698587,-5.1750302,0.0</coordinates>
                </Point>
            </Placemark>
            <Placemark id="1840">
                <name>GOLOSINAS Y BEBIDAS FADI SOCIEDAD ANONIMA CERRADA</name>
                <description>MZA. A LOTE. 12 OTR.  MERCADO MAYORISTA LAS CAPULLANAS
Veintiséis de Octubre
Veintiséis de Octubre
Piura
Perú</description>
                <styleUrl>#1841</styleUrl>
                <Point id="1839">
                    <coordinates>-80.669706,-5.1755536,0.0</coordinates>
                </Point>
            </Placemark>
            <Placemark id="1845">
                <name>JOSE ALEX CUNYA CANGO</name>
                <description>MERCADO CAPULLANAS PUESTO 179
Veintiséis de Octubre
Veintiséis de Octubre
Piura
Perú</description>
                <styleUrl>#1846</styleUrl>
                <Point id="1844">
                    <coordinates>-80.6700528,-5.1753173,0.0</coordinates>
                </Point>
            </Placemark>
            <Placemark id="1850">
                <name>CHIFLERIA JIMENEZ S.A.C.</name>
                <description>PJ. SECTOR A - PUESTO 88 NRO. S-N OTR.  MDO. MIN. LAS CAPULLANAS
Veintiséis de Octubre
200101Veintiséis de Octubre
Piura
Perú</description>
                <styleUrl>#1851</styleUrl>
                <Point id="1849">
                    <coordinates>-80.6716787,-5.175926,0.0</coordinates>
                </Point>
            </Placemark>
            <Placemark id="1855">
                <name>SANTOS SILVA YNGA</name>
                <description>MERCADO CAPULLANAS PUESTO 44
Veintiséis de Octubre
Veintiséis de Octubre
Piura
Perú</description>
                <styleUrl>#1856</styleUrl>
                <Point id="1854">
                    <coordinates>-80.6705743,-5.1754491,0.0</coordinates>
                </Point>
            </Placemark>
            <Placemark id="1860">
                <name>DALILA HERNANDEZ GARCIA</name>
                <description>PUESTO 59 / MCDO CAPULLANAS
Veintiséis de Octubre
Veintiséis de Octubre
Piura
Perú</description>
                <styleUrl>#1861</styleUrl>
                <Point id="1859">
                    <coordinates>-80.6698921,-5.1756272,0.0</coordinates>
                </Point>
            </Placemark>
            <Placemark id="1865">
                <name>ROSA ELIZABETH NUÑEZ GARCIA</name>
                <description>PUESTO 17 / CAPULLANAS
Veintiséis de Octubre
Veintiséis de Octubre
Piura
Perú</description>
                <styleUrl>#1866</styleUrl>
                <Point id="1864">
                    <coordinates>-80.6710703,-5.1757997,0.0</coordinates>
                </Point>
            </Placemark>
            <Placemark id="1870">
                <name>ROSA SEMINARIO RAMOS</name>
                <description>PUESTO 133 / INTERIOR CAPULLANAS
Veintiséis de Octubre
Veintiséis de Octubre
Piura
Perú</description>
                <styleUrl>#1871</styleUrl>
                <Point id="1869">
                    <coordinates>-80.6717536,-5.1760761,0.0</coordinates>
                </Point>
            </Placemark>
            <Placemark id="1875">
                <name>YUNIOR REYES ABAD</name>
                <description>PUESTO A- 105 / C -125 MCDO CAPULLANAS
Veintiséis de Octubre
Veintiséis de Octubre
Piura
Perú</description>
                <styleUrl>#1876</styleUrl>
                <Point id="1874">
                    <coordinates>-80.6714863,-5.1758542,0.0</coordinates>
                </Point>
            </Placemark>
        </Folder>
        <Folder id="1879">
            <Style id="1882">
                <IconStyle id="1883">
                    <color>ff0000ff</color>
                    <colorMode>normal</colorMode>
                    <scale>1</scale>
                    <heading>0</heading>
                    <Icon id="1884">
                        <href>http://maps.google.com/mapfiles/kml/pushpin/ylw-pushpin.png</href>
                    </Icon>
                </IconStyle>
            </Style>
            <Style id="1887">
                <IconStyle id="1888">
                    <color>ff0000ff</color>
                    <colorMode>normal</colorMode>
                    <scale>1</scale>
                    <heading>0</heading>
                    <Icon id="1889">
                        <href>http://maps.google.com/mapfiles/kml/pushpin/ylw-pushpin.png</href>
                    </Icon>
                </IconStyle>
            </Style>
            <Style id="1892">
                <IconStyle id="1893">
                    <color>ff0000ff</color>
                    <colorMode>normal</colorMode>
                    <scale>1</scale>
                    <heading>0</heading>
                    <Icon id="1894">
                        <href>http://maps.google.com/mapfiles/kml/pushpin/ylw-pushpin.png</href>
                    </Icon>
                </IconStyle>
            </Style>
            <Style id="1897">
                <IconStyle id="1898">
                    <color>ff0000ff</color>
                    <colorMode>normal</colorMode>
                    <scale>1</scale>
                    <heading>0</heading>
                    <Icon id="1899">
                        <href>http://maps.google.com/mapfiles/kml/pushpin/ylw-pushpin.png</href>
                    </Icon>
                </IconStyle>
            </Style>
            <Style id="1902">
                <IconStyle id="1903">
                    <color>ff0000ff</color>
                    <colorMode>normal</colorMode>
                    <scale>1</scale>
                    <heading>0</heading>
                    <Icon id="1904">
                        <href>http://maps.google.com/mapfiles/kml/pushpin/ylw-pushpin.png</href>
                    </Icon>
                </IconStyle>
            </Style>
            <Style id="1907">
                <IconStyle id="1908">
                    <color>ff0000ff</color>
                    <colorMode>normal</colorMode>
                    <scale>1</scale>
                    <heading>0</heading>
                    <Icon id="1909">
                        <href>http://maps.google.com/mapfiles/kml/pushpin/ylw-pushpin.png</href>
                    </Icon>
                </IconStyle>
            </Style>
            <Style id="1912">
                <IconStyle id="1913">
                    <color>ff0000ff</color>
                    <colorMode>normal</colorMode>
                    <scale>1</scale>
                    <heading>0</heading>
                    <Icon id="1914">
                        <href>http://maps.google.com/mapfiles/kml/pushpin/ylw-pushpin.png</href>
                    </Icon>
                </IconStyle>
            </Style>
            <Style id="1917">
                <IconStyle id="1918">
                    <color>ff0000ff</color>
                    <colorMode>normal</colorMode>
                    <scale>1</scale>
                    <heading>0</heading>
                    <Icon id="1919">
                        <href>http://maps.google.com/mapfiles/kml/pushpin/ylw-pushpin.png</href>
                    </Icon>
                </IconStyle>
            </Style>
            <Style id="1922">
                <IconStyle id="1923">
                    <color>ff0000ff</color>
                    <colorMode>normal</colorMode>
                    <scale>1</scale>
                    <heading>0</heading>
                    <Icon id="1924">
                        <href>http://maps.google.com/mapfiles/kml/pushpin/ylw-pushpin.png</href>
                    </Icon>
                </IconStyle>
            </Style>
            <Style id="1927">
                <IconStyle id="1928">
                    <color>ff0000ff</color>
                    <colorMode>normal</colorMode>
                    <scale>1</scale>
                    <heading>0</heading>
                    <Icon id="1929">
                        <href>http://maps.google.com/mapfiles/kml/pushpin/ylw-pushpin.png</href>
                    </Icon>
                </IconStyle>
            </Style>
            <Style id="1932">
                <IconStyle id="1933">
                    <color>ff0000ff</color>
                    <colorMode>normal</colorMode>
                    <scale>1</scale>
                    <heading>0</heading>
                    <Icon id="1934">
                        <href>http://maps.google.com/mapfiles/kml/pushpin/ylw-pushpin.png</href>
                    </Icon>
                </IconStyle>
            </Style>
            <Style id="1937">
                <IconStyle id="1938">
                    <color>ff0000ff</color>
                    <colorMode>normal</colorMode>
                    <scale>1</scale>
                    <heading>0</heading>
                    <Icon id="1939">
                        <href>http://maps.google.com/mapfiles/kml/pushpin/ylw-pushpin.png</href>
                    </Icon>
                </IconStyle>
            </Style>
            <Style id="1942">
                <IconStyle id="1943">
                    <color>ff0000ff</color>
                    <colorMode>normal</colorMode>
                    <scale>1</scale>
                    <heading>0</heading>
                    <Icon id="1944">
                        <href>http://maps.google.com/mapfiles/kml/pushpin/ylw-pushpin.png</href>
                    </Icon>
                </IconStyle>
            </Style>
            <Style id="1947">
                <IconStyle id="1948">
                    <color>ff0000ff</color>
                    <colorMode>normal</colorMode>
                    <scale>1</scale>
                    <heading>0</heading>
                    <Icon id="1949">
                        <href>http://maps.google.com/mapfiles/kml/pushpin/ylw-pushpin.png</href>
                    </Icon>
                </IconStyle>
            </Style>
            <Style id="1952">
                <IconStyle id="1953">
                    <color>ff0000ff</color>
                    <colorMode>normal</colorMode>
                    <scale>1</scale>
                    <heading>0</heading>
                    <Icon id="1954">
                        <href>http://maps.google.com/mapfiles/kml/pushpin/ylw-pushpin.png</href>
                    </Icon>
                </IconStyle>
            </Style>
            <Style id="1957">
                <IconStyle id="1958">
                    <color>ff0000ff</color>
                    <colorMode>normal</colorMode>
                    <scale>1</scale>
                    <heading>0</heading>
                    <Icon id="1959">
                        <href>http://maps.google.com/mapfiles/kml/pushpin/ylw-pushpin.png</href>
                    </Icon>
                </IconStyle>
            </Style>
            <Style id="1962">
                <IconStyle id="1963">
                    <color>ff0000ff</color>
                    <colorMode>normal</colorMode>
                    <scale>1</scale>
                    <heading>0</heading>
                    <Icon id="1964">
                        <href>http://maps.google.com/mapfiles/kml/pushpin/ylw-pushpin.png</href>
                    </Icon>
                </IconStyle>
            </Style>
            <Style id="1967">
                <IconStyle id="1968">
                    <color>ff0000ff</color>
                    <colorMode>normal</colorMode>
                    <scale>1</scale>
                    <heading>0</heading>
                    <Icon id="1969">
                        <href>http://maps.google.com/mapfiles/kml/pushpin/ylw-pushpin.png</href>
                    </Icon>
                </IconStyle>
            </Style>
            <Style id="1972">
                <IconStyle id="1973">
                    <color>ff0000ff</color>
                    <colorMode>normal</colorMode>
                    <scale>1</scale>
                    <heading>0</heading>
                    <Icon id="1974">
                        <href>http://maps.google.com/mapfiles/kml/pushpin/ylw-pushpin.png</href>
                    </Icon>
                </IconStyle>
            </Style>
            <Style id="1977">
                <IconStyle id="1978">
                    <color>ff0000ff</color>
                    <colorMode>normal</colorMode>
                    <scale>1</scale>
                    <heading>0</heading>
                    <Icon id="1979">
                        <href>http://maps.google.com/mapfiles/kml/pushpin/ylw-pushpin.png</href>
                    </Icon>
                </IconStyle>
            </Style>
            <Style id="1982">
                <IconStyle id="1983">
                    <color>ff0000ff</color>
                    <colorMode>normal</colorMode>
                    <scale>1</scale>
                    <heading>0</heading>
                    <Icon id="1984">
                        <href>http://maps.google.com/mapfiles/kml/pushpin/ylw-pushpin.png</href>
                    </Icon>
                </IconStyle>
            </Style>
            <Style id="1987">
                <IconStyle id="1988">
                    <color>ff0000ff</color>
                    <colorMode>normal</colorMode>
                    <scale>1</scale>
                    <heading>0</heading>
                    <Icon id="1989">
                        <href>http://maps.google.com/mapfiles/kml/pushpin/ylw-pushpin.png</href>
                    </Icon>
                </IconStyle>
            </Style>
            <Style id="1992">
                <IconStyle id="1993">
                    <color>ff0000ff</color>
                    <colorMode>normal</colorMode>
                    <scale>1</scale>
                    <heading>0</heading>
                    <Icon id="1994">
                        <href>http://maps.google.com/mapfiles/kml/pushpin/ylw-pushpin.png</href>
                    </Icon>
                </IconStyle>
            </Style>
            <Style id="1997">
                <IconStyle id="1998">
                    <color>ff0000ff</color>
                    <colorMode>normal</colorMode>
                    <scale>1</scale>
                    <heading>0</heading>
                    <Icon id="1999">
                        <href>http://maps.google.com/mapfiles/kml/pushpin/ylw-pushpin.png</href>
                    </Icon>
                </IconStyle>
            </Style>
            <Style id="2002">
                <IconStyle id="2003">
                    <color>ff0000ff</color>
                    <colorMode>normal</colorMode>
                    <scale>1</scale>
                    <heading>0</heading>
                    <Icon id="2004">
                        <href>http://maps.google.com/mapfiles/kml/pushpin/ylw-pushpin.png</href>
                    </Icon>
                </IconStyle>
            </Style>
            <name>LEONARDO VIERA CHAVEZ</name>
            <Placemark id="1881">
                <name>SANTOS MARTINA SEMINARIO DE CRUZ</name>
                <description>CA.LA MAR 401 MZ.28 LT.2 P.NUE
Colan
Paita
Piura
Perú</description>
                <styleUrl>#1882</styleUrl>
                <Point id="1880">
                    <coordinates>-81.057797,-4.901484,0.0</coordinates>
                </Point>
            </Placemark>
            <Placemark id="1886">
                <name>IRIS IVON ALVARADO ZAPATA</name>
                <description>CA. SUCRE 38-2A LADO NORTE BARRIO-P
Colan
Paita
Piura
Perú</description>
                <styleUrl>#1887</styleUrl>
                <Point id="1885">
                    <coordinates>-81.0562974,-4.9026914,0.0</coordinates>
                </Point>
            </Placemark>
            <Placemark id="1891">
                <name>ALEJANDRA ELENA SEMINARIO DELGADILLO</name>
                <description>Calle Jorge Chávez #218 Pueblo nuevo de Colan
Colan
Colan
Piura
Perú</description>
                <styleUrl>#1892</styleUrl>
                <Point id="1890">
                    <coordinates>-81.0586054,-4.9094931,0.0</coordinates>
                </Point>
            </Placemark>
            <Placemark id="1896">
                <name>LUZ MARIA SANCHEZ REMIGIO</name>
                <description>LUZ MARIA SANCHEZ REMIGIO
SAN MARTIN N 1701 PUEBLO NUEVO DE C
Colan
Paita
Piura
Perú</description>
                <styleUrl>#1897</styleUrl>
                <Point id="1895">
                    <coordinates>-81.0598963,-4.9122846,0.0</coordinates>
                </Point>
            </Placemark>
            <Placemark id="1901">
                <name>Juana prado bruno</name>
                <description>Jr jorge chavez sn ( al frente de la agrotecnica)
Paita

Piura
Perú</description>
                <styleUrl>#1902</styleUrl>
                <Point id="1900">
                    <coordinates>-81.0589332,-4.9108174,0.0</coordinates>
                </Point>
            </Placemark>
            <Placemark id="1906">
                <name>SANTAMARIA SANTISTEBAN JUAN</name>
                <description>Mercado Paita
Paita
Paita
Piura
Perú</description>
                <styleUrl>#1907</styleUrl>
                <Point id="1905">
                    <coordinates>-81.1125713,-5.0906563,0.0</coordinates>
                </Point>
            </Placemark>
            <Placemark id="1911">
                <name>JOSE LUIS ROJAS REYES</name>
                <description>JOSE LUIS ROJAS REYES
JR. SUCRE NÂ°1326 CP.PUEBLO NUEVO
Colan
Paita
Piura
Perú</description>
                <styleUrl>#1912</styleUrl>
                <Point id="1910">
                    <coordinates>-81.0569089,-4.9078419,0.0</coordinates>
                </Point>
            </Placemark>
            <Placemark id="1916">
                <name>DOMINGA SUSAN MARTINEZ CARDOZA</name>
                <description>Trans cahuide S/n
Colan
Paita
Piura
Perú</description>
                <styleUrl>#1917</styleUrl>
                <Point id="1915">
                    <coordinates>-81.0567276,-4.9056251,0.0</coordinates>
                </Point>
            </Placemark>
            <Placemark id="1921">
                <name>TERESA DE JESUS RODRIGUEZ VILELA</name>
                <description>Calle Alfonso Ugarte S/N espaldas del colegio 14752
Colan
Paita
Piura
Perú</description>
                <styleUrl>#1922</styleUrl>
                <Point id="1920">
                    <coordinates>-81.0586221,-4.9063288,0.0</coordinates>
                </Point>
            </Placemark>
            <Placemark id="1926">
                <name>YAMO MACHARE OFELIA</name>
                <description>JR.SAN MARTIN 690 PUEBLO NVO
Colan
Paita
Piura
Perú</description>
                <styleUrl>#1927</styleUrl>
                <Point id="1925">
                    <coordinates>-81.057165,-4.903179,0.0</coordinates>
                </Point>
            </Placemark>
            <Placemark id="1931">
                <name>GUISSABELLY MERCEDES GAMBOA ZAPATA</name>
                <description>Jr san martin 602( wx grifo quezada)
Colan
Colan
Piura
Perú</description>
                <styleUrl>#1932</styleUrl>
                <Point id="1930">
                    <coordinates>-81.0570976,-4.9028628,0.0</coordinates>
                </Point>
            </Placemark>
            <Placemark id="1936">
                <name>SANTOS MARTINA SEMINARIO DE CRUZ</name>
                <description>CA.LA MAR 401 MZ.28 LT.2 P.NUE
Colan
Paita
Piura
Perú</description>
                <styleUrl>#1937</styleUrl>
                <Point id="1935">
                    <coordinates>-81.057797,-4.901484,0.0</coordinates>
                </Point>
            </Placemark>
            <Placemark id="1941">
                <name>SOCORRO CUEVA CRUZ</name>
                <description>
Colan
Colan
Piura
Perú</description>
                <styleUrl>#1942</styleUrl>
                <Point id="1940">
                    <coordinates>-81.0584451,-4.9074962,0.0</coordinates>
                </Point>
            </Placemark>
            <Placemark id="1946">
                <name>OTERO LOPEZ AMELIA</name>
                <description>JR.BOLIVAR 525
Colan

Piura
Perú</description>
                <styleUrl>#1947</styleUrl>
                <Point id="1945">
                    <coordinates>-81.0571469,-4.9042296,0.0</coordinates>
                </Point>
            </Placemark>
            <Placemark id="1951">
                <name>IRIS IVON ALVARADO ZAPATA</name>
                <description>CA. SUCRE 38-2A LADO NORTE BARRIO-P
Colan
Paita
Piura
Perú</description>
                <styleUrl>#1952</styleUrl>
                <Point id="1950">
                    <coordinates>-81.0562974,-4.9026914,0.0</coordinates>
                </Point>
            </Placemark>
            <Placemark id="1956">
                <name>ANA MARIA CORTEZ CRUZ</name>
                <description>Calle maravilla s/ n
Paita
Paita
Piura
Perú</description>
                <styleUrl>#1957</styleUrl>
                <Point id="1955">
                    <coordinates>-81.0554738,-4.9038621,0.0</coordinates>
                </Point>
            </Placemark>
            <Placemark id="1961">
                <name>CHIROQUE VILCHEZ MARIA SANTOS</name>
                <description>CHIROQUE VILCHEZ MARIA SANTOS
Jirón Bellavista 531 pueblo nuevo de colan
Colan

Piura
Perú</description>
                <styleUrl>#1962</styleUrl>
                <Point id="1960">
                    <coordinates>-81.055146,-4.905604,0.0</coordinates>
                </Point>
            </Placemark>
            <Placemark id="1966">
                <name>CARMEN CECILIA ALVINES MORALES</name>
                <description>JR. MIRADOR NÂ°108 CP.PUEBLO NUEVO
Colan
Paita
Piura
Perú</description>
                <styleUrl>#1967</styleUrl>
                <Point id="1965">
                    <coordinates>-81.0547737,-4.9102313,0.0</coordinates>
                </Point>
            </Placemark>
            <Placemark id="1971">
                <name>ALBINES CHIROQUE JANINA V.</name>
                <description>JR.MIRADOR 106
Colan
Paita
Piura
Perú</description>
                <styleUrl>#1972</styleUrl>
                <Point id="1970">
                    <coordinates>-81.058001,-4.909697,0.0</coordinates>
                </Point>
            </Placemark>
            <Placemark id="1976">
                <name>DARWIN JOEL PONCE HUERTAS</name>
                <description>CA JIRON LIMA PUEBLO NUEVO COLAN
Colan
Colan
Piura
Perú</description>
                <styleUrl>#1977</styleUrl>
                <Point id="1975">
                    <coordinates>-81.0584149,-4.9099032,0.0</coordinates>
                </Point>
            </Placemark>
            <Placemark id="1981">
                <name>RAMOS ESPERANZA VILCHEZ VILCHEZ</name>
                <description>Calle Andrés Avelino Cáceres sn - Pueblo Nuevo
Colan
Paita
Piura
Perú</description>
                <styleUrl>#1982</styleUrl>
                <Point id="1980">
                    <coordinates>-81.0573894,-4.9132061,0.0</coordinates>
                </Point>
            </Placemark>
            <Placemark id="1986">
                <name>LILIANA MERCEDES AGREDA YESQUEN</name>
                <description>AV 204 AVELINO CACERES 204 PUEBLO NUEVA DE C
Colan
Paita
Piura
Perú</description>
                <styleUrl>#1987</styleUrl>
                <Point id="1985">
                    <coordinates>-81.0573524,-4.9133193,0.0</coordinates>
                </Point>
            </Placemark>
            <Placemark id="1991">
                <name>MARIA ALEJANDRA COBEÑAS GARCIA</name>
                <description>Calle Cáceres 410 pueblo nuevo Paita
Paita
Paita
Piura
Perú</description>
                <styleUrl>#1992</styleUrl>
                <Point id="1990">
                    <coordinates>-81.0562716,-4.91353,0.0</coordinates>
                </Point>
            </Placemark>
            <Placemark id="1996">
                <name>MIRTHA MARISOL DE LA CRUZ VILLEGAS</name>
                <description>Ca. NUEVA ESPERANZA frente AL PARQUE PUEBLO NUEVO
Colan

Piura
Perú</description>
                <styleUrl>#1997</styleUrl>
                <Point id="1995">
                    <coordinates>-81.0548581,-4.9127304,0.0</coordinates>
                </Point>
            </Placemark>
            <Placemark id="2001">
                <name>ISABEL CHUNGA PAICO</name>
                <description>JR.NUEVA ESPERANZA SN CP.PUEBLO NUE
Colan
Colan
Piura
Perú</description>
                <styleUrl>#2002</styleUrl>
                <Point id="2000">
                    <coordinates>-81.0547174,-4.9127777,0.0</coordinates>
                </Point>
            </Placemark>
        </Folder>
        <Folder id="2005">
            <Style id="2008">
                <IconStyle id="2009">
                    <color>ffff0000</color>
                    <colorMode>normal</colorMode>
                    <scale>1</scale>
                    <heading>0</heading>
                    <Icon id="2010">
                        <href>http://maps.google.com/mapfiles/kml/pushpin/ylw-pushpin.png</href>
                    </Icon>
                </IconStyle>
            </Style>
            <Style id="2013">
                <IconStyle id="2014">
                    <color>ffff0000</color>
                    <colorMode>normal</colorMode>
                    <scale>1</scale>
                    <heading>0</heading>
                    <Icon id="2015">
                        <href>http://maps.google.com/mapfiles/kml/pushpin/ylw-pushpin.png</href>
                    </Icon>
                </IconStyle>
            </Style>
            <Style id="2018">
                <IconStyle id="2019">
                    <color>ffff0000</color>
                    <colorMode>normal</colorMode>
                    <scale>1</scale>
                    <heading>0</heading>
                    <Icon id="2020">
                        <href>http://maps.google.com/mapfiles/kml/pushpin/ylw-pushpin.png</href>
                    </Icon>
                </IconStyle>
            </Style>
            <Style id="2023">
                <IconStyle id="2024">
                    <color>ffff0000</color>
                    <colorMode>normal</colorMode>
                    <scale>1</scale>
                    <heading>0</heading>
                    <Icon id="2025">
                        <href>http://maps.google.com/mapfiles/kml/pushpin/ylw-pushpin.png</href>
                    </Icon>
                </IconStyle>
            </Style>
            <Style id="2028">
                <IconStyle id="2029">
                    <color>ffff0000</color>
                    <colorMode>normal</colorMode>
                    <scale>1</scale>
                    <heading>0</heading>
                    <Icon id="2030">
                        <href>http://maps.google.com/mapfiles/kml/pushpin/ylw-pushpin.png</href>
                    </Icon>
                </IconStyle>
            </Style>
            <Style id="2033">
                <IconStyle id="2034">
                    <color>ffff0000</color>
                    <colorMode>normal</colorMode>
                    <scale>1</scale>
                    <heading>0</heading>
                    <Icon id="2035">
                        <href>http://maps.google.com/mapfiles/kml/pushpin/ylw-pushpin.png</href>
                    </Icon>
                </IconStyle>
            </Style>
            <Style id="2038">
                <IconStyle id="2039">
                    <color>ffff0000</color>
                    <colorMode>normal</colorMode>
                    <scale>1</scale>
                    <heading>0</heading>
                    <Icon id="2040">
                        <href>http://maps.google.com/mapfiles/kml/pushpin/ylw-pushpin.png</href>
                    </Icon>
                </IconStyle>
            </Style>
            <Style id="2043">
                <IconStyle id="2044">
                    <color>ffff0000</color>
                    <colorMode>normal</colorMode>
                    <scale>1</scale>
                    <heading>0</heading>
                    <Icon id="2045">
                        <href>http://maps.google.com/mapfiles/kml/pushpin/ylw-pushpin.png</href>
                    </Icon>
                </IconStyle>
            </Style>
            <Style id="2048">
                <IconStyle id="2049">
                    <color>ffff0000</color>
                    <colorMode>normal</colorMode>
                    <scale>1</scale>
                    <heading>0</heading>
                    <Icon id="2050">
                        <href>http://maps.google.com/mapfiles/kml/pushpin/ylw-pushpin.png</href>
                    </Icon>
                </IconStyle>
            </Style>
            <Style id="2053">
                <IconStyle id="2054">
                    <color>ffff0000</color>
                    <colorMode>normal</colorMode>
                    <scale>1</scale>
                    <heading>0</heading>
                    <Icon id="2055">
                        <href>http://maps.google.com/mapfiles/kml/pushpin/ylw-pushpin.png</href>
                    </Icon>
                </IconStyle>
            </Style>
            <Style id="2058">
                <IconStyle id="2059">
                    <color>ffff0000</color>
                    <colorMode>normal</colorMode>
                    <scale>1</scale>
                    <heading>0</heading>
                    <Icon id="2060">
                        <href>http://maps.google.com/mapfiles/kml/pushpin/ylw-pushpin.png</href>
                    </Icon>
                </IconStyle>
            </Style>
            <Style id="2063">
                <IconStyle id="2064">
                    <color>ffff0000</color>
                    <colorMode>normal</colorMode>
                    <scale>1</scale>
                    <heading>0</heading>
                    <Icon id="2065">
                        <href>http://maps.google.com/mapfiles/kml/pushpin/ylw-pushpin.png</href>
                    </Icon>
                </IconStyle>
            </Style>
            <Style id="2068">
                <IconStyle id="2069">
                    <color>ffff0000</color>
                    <colorMode>normal</colorMode>
                    <scale>1</scale>
                    <heading>0</heading>
                    <Icon id="2070">
                        <href>http://maps.google.com/mapfiles/kml/pushpin/ylw-pushpin.png</href>
                    </Icon>
                </IconStyle>
            </Style>
            <Style id="2073">
                <IconStyle id="2074">
                    <color>ffff0000</color>
                    <colorMode>normal</colorMode>
                    <scale>1</scale>
                    <heading>0</heading>
                    <Icon id="2075">
                        <href>http://maps.google.com/mapfiles/kml/pushpin/ylw-pushpin.png</href>
                    </Icon>
                </IconStyle>
            </Style>
            <Style id="2078">
                <IconStyle id="2079">
                    <color>ffff0000</color>
                    <colorMode>normal</colorMode>
                    <scale>1</scale>
                    <heading>0</heading>
                    <Icon id="2080">
                        <href>http://maps.google.com/mapfiles/kml/pushpin/ylw-pushpin.png</href>
                    </Icon>
                </IconStyle>
            </Style>
            <Style id="2083">
                <IconStyle id="2084">
                    <color>ffff0000</color>
                    <colorMode>normal</colorMode>
                    <scale>1</scale>
                    <heading>0</heading>
                    <Icon id="2085">
                        <href>http://maps.google.com/mapfiles/kml/pushpin/ylw-pushpin.png</href>
                    </Icon>
                </IconStyle>
            </Style>
            <Style id="2088">
                <IconStyle id="2089">
                    <color>ffff0000</color>
                    <colorMode>normal</colorMode>
                    <scale>1</scale>
                    <heading>0</heading>
                    <Icon id="2090">
                        <href>http://maps.google.com/mapfiles/kml/pushpin/ylw-pushpin.png</href>
                    </Icon>
                </IconStyle>
            </Style>
            <Style id="2093">
                <IconStyle id="2094">
                    <color>ffff0000</color>
                    <colorMode>normal</colorMode>
                    <scale>1</scale>
                    <heading>0</heading>
                    <Icon id="2095">
                        <href>http://maps.google.com/mapfiles/kml/pushpin/ylw-pushpin.png</href>
                    </Icon>
                </IconStyle>
            </Style>
            <Style id="2098">
                <IconStyle id="2099">
                    <color>ffff0000</color>
                    <colorMode>normal</colorMode>
                    <scale>1</scale>
                    <heading>0</heading>
                    <Icon id="2100">
                        <href>http://maps.google.com/mapfiles/kml/pushpin/ylw-pushpin.png</href>
                    </Icon>
                </IconStyle>
            </Style>
            <Style id="2103">
                <IconStyle id="2104">
                    <color>ffff0000</color>
                    <colorMode>normal</colorMode>
                    <scale>1</scale>
                    <heading>0</heading>
                    <Icon id="2105">
                        <href>http://maps.google.com/mapfiles/kml/pushpin/ylw-pushpin.png</href>
                    </Icon>
                </IconStyle>
            </Style>
            <Style id="2108">
                <IconStyle id="2109">
                    <color>ffff0000</color>
                    <colorMode>normal</colorMode>
                    <scale>1</scale>
                    <heading>0</heading>
                    <Icon id="2110">
                        <href>http://maps.google.com/mapfiles/kml/pushpin/ylw-pushpin.png</href>
                    </Icon>
                </IconStyle>
            </Style>
            <Style id="2113">
                <IconStyle id="2114">
                    <color>ffff0000</color>
                    <colorMode>normal</colorMode>
                    <scale>1</scale>
                    <heading>0</heading>
                    <Icon id="2115">
                        <href>http://maps.google.com/mapfiles/kml/pushpin/ylw-pushpin.png</href>
                    </Icon>
                </IconStyle>
            </Style>
            <Style id="2118">
                <IconStyle id="2119">
                    <color>ffff0000</color>
                    <colorMode>normal</colorMode>
                    <scale>1</scale>
                    <heading>0</heading>
                    <Icon id="2120">
                        <href>http://maps.google.com/mapfiles/kml/pushpin/ylw-pushpin.png</href>
                    </Icon>
                </IconStyle>
            </Style>
            <Style id="2123">
                <IconStyle id="2124">
                    <color>ffff0000</color>
                    <colorMode>normal</colorMode>
                    <scale>1</scale>
                    <heading>0</heading>
                    <Icon id="2125">
                        <href>http://maps.google.com/mapfiles/kml/pushpin/ylw-pushpin.png</href>
                    </Icon>
                </IconStyle>
            </Style>
            <Style id="2128">
                <IconStyle id="2129">
                    <color>ffff0000</color>
                    <colorMode>normal</colorMode>
                    <scale>1</scale>
                    <heading>0</heading>
                    <Icon id="2130">
                        <href>http://maps.google.com/mapfiles/kml/pushpin/ylw-pushpin.png</href>
                    </Icon>
                </IconStyle>
            </Style>
            <Style id="2133">
                <IconStyle id="2134">
                    <color>ffff0000</color>
                    <colorMode>normal</colorMode>
                    <scale>1</scale>
                    <heading>0</heading>
                    <Icon id="2135">
                        <href>http://maps.google.com/mapfiles/kml/pushpin/ylw-pushpin.png</href>
                    </Icon>
                </IconStyle>
            </Style>
            <Style id="2138">
                <IconStyle id="2139">
                    <color>ffff0000</color>
                    <colorMode>normal</colorMode>
                    <scale>1</scale>
                    <heading>0</heading>
                    <Icon id="2140">
                        <href>http://maps.google.com/mapfiles/kml/pushpin/ylw-pushpin.png</href>
                    </Icon>
                </IconStyle>
            </Style>
            <Style id="2143">
                <IconStyle id="2144">
                    <color>ffff0000</color>
                    <colorMode>normal</colorMode>
                    <scale>1</scale>
                    <heading>0</heading>
                    <Icon id="2145">
                        <href>http://maps.google.com/mapfiles/kml/pushpin/ylw-pushpin.png</href>
                    </Icon>
                </IconStyle>
            </Style>
            <Style id="2148">
                <IconStyle id="2149">
                    <color>ffff0000</color>
                    <colorMode>normal</colorMode>
                    <scale>1</scale>
                    <heading>0</heading>
                    <Icon id="2150">
                        <href>http://maps.google.com/mapfiles/kml/pushpin/ylw-pushpin.png</href>
                    </Icon>
                </IconStyle>
            </Style>
            <Style id="2153">
                <IconStyle id="2154">
                    <color>ffff0000</color>
                    <colorMode>normal</colorMode>
                    <scale>1</scale>
                    <heading>0</heading>
                    <Icon id="2155">
                        <href>http://maps.google.com/mapfiles/kml/pushpin/ylw-pushpin.png</href>
                    </Icon>
                </IconStyle>
            </Style>
            <Style id="2158">
                <IconStyle id="2159">
                    <color>ffff0000</color>
                    <colorMode>normal</colorMode>
                    <scale>1</scale>
                    <heading>0</heading>
                    <Icon id="2160">
                        <href>http://maps.google.com/mapfiles/kml/pushpin/ylw-pushpin.png</href>
                    </Icon>
                </IconStyle>
            </Style>
            <Style id="2163">
                <IconStyle id="2164">
                    <color>ffff0000</color>
                    <colorMode>normal</colorMode>
                    <scale>1</scale>
                    <heading>0</heading>
                    <Icon id="2165">
                        <href>http://maps.google.com/mapfiles/kml/pushpin/ylw-pushpin.png</href>
                    </Icon>
                </IconStyle>
            </Style>
            <Style id="2168">
                <IconStyle id="2169">
                    <color>ffff0000</color>
                    <colorMode>normal</colorMode>
                    <scale>1</scale>
                    <heading>0</heading>
                    <Icon id="2170">
                        <href>http://maps.google.com/mapfiles/kml/pushpin/ylw-pushpin.png</href>
                    </Icon>
                </IconStyle>
            </Style>
            <Style id="2173">
                <IconStyle id="2174">
                    <color>ffff0000</color>
                    <colorMode>normal</colorMode>
                    <scale>1</scale>
                    <heading>0</heading>
                    <Icon id="2175">
                        <href>http://maps.google.com/mapfiles/kml/pushpin/ylw-pushpin.png</href>
                    </Icon>
                </IconStyle>
            </Style>
            <Style id="2178">
                <IconStyle id="2179">
                    <color>ffff0000</color>
                    <colorMode>normal</colorMode>
                    <scale>1</scale>
                    <heading>0</heading>
                    <Icon id="2180">
                        <href>http://maps.google.com/mapfiles/kml/pushpin/ylw-pushpin.png</href>
                    </Icon>
                </IconStyle>
            </Style>
            <Style id="2183">
                <IconStyle id="2184">
                    <color>ffff0000</color>
                    <colorMode>normal</colorMode>
                    <scale>1</scale>
                    <heading>0</heading>
                    <Icon id="2185">
                        <href>http://maps.google.com/mapfiles/kml/pushpin/ylw-pushpin.png</href>
                    </Icon>
                </IconStyle>
            </Style>
            <Style id="2188">
                <IconStyle id="2189">
                    <color>ffff0000</color>
                    <colorMode>normal</colorMode>
                    <scale>1</scale>
                    <heading>0</heading>
                    <Icon id="2190">
                        <href>http://maps.google.com/mapfiles/kml/pushpin/ylw-pushpin.png</href>
                    </Icon>
                </IconStyle>
            </Style>
            <Style id="2193">
                <IconStyle id="2194">
                    <color>ffff0000</color>
                    <colorMode>normal</colorMode>
                    <scale>1</scale>
                    <heading>0</heading>
                    <Icon id="2195">
                        <href>http://maps.google.com/mapfiles/kml/pushpin/ylw-pushpin.png</href>
                    </Icon>
                </IconStyle>
            </Style>
            <Style id="2198">
                <IconStyle id="2199">
                    <color>ffff0000</color>
                    <colorMode>normal</colorMode>
                    <scale>1</scale>
                    <heading>0</heading>
                    <Icon id="2200">
                        <href>http://maps.google.com/mapfiles/kml/pushpin/ylw-pushpin.png</href>
                    </Icon>
                </IconStyle>
            </Style>
            <Style id="2203">
                <IconStyle id="2204">
                    <color>ffff0000</color>
                    <colorMode>normal</colorMode>
                    <scale>1</scale>
                    <heading>0</heading>
                    <Icon id="2205">
                        <href>http://maps.google.com/mapfiles/kml/pushpin/ylw-pushpin.png</href>
                    </Icon>
                </IconStyle>
            </Style>
            <Style id="2208">
                <IconStyle id="2209">
                    <color>ffff0000</color>
                    <colorMode>normal</colorMode>
                    <scale>1</scale>
                    <heading>0</heading>
                    <Icon id="2210">
                        <href>http://maps.google.com/mapfiles/kml/pushpin/ylw-pushpin.png</href>
                    </Icon>
                </IconStyle>
            </Style>
            <Style id="2213">
                <IconStyle id="2214">
                    <color>ffff0000</color>
                    <colorMode>normal</colorMode>
                    <scale>1</scale>
                    <heading>0</heading>
                    <Icon id="2215">
                        <href>http://maps.google.com/mapfiles/kml/pushpin/ylw-pushpin.png</href>
                    </Icon>
                </IconStyle>
            </Style>
            <Style id="2218">
                <IconStyle id="2219">
                    <color>ffff0000</color>
                    <colorMode>normal</colorMode>
                    <scale>1</scale>
                    <heading>0</heading>
                    <Icon id="2220">
                        <href>http://maps.google.com/mapfiles/kml/pushpin/ylw-pushpin.png</href>
                    </Icon>
                </IconStyle>
            </Style>
            <Style id="2223">
                <IconStyle id="2224">
                    <color>ffff0000</color>
                    <colorMode>normal</colorMode>
                    <scale>1</scale>
                    <heading>0</heading>
                    <Icon id="2225">
                        <href>http://maps.google.com/mapfiles/kml/pushpin/ylw-pushpin.png</href>
                    </Icon>
                </IconStyle>
            </Style>
            <Style id="2228">
                <IconStyle id="2229">
                    <color>ffff0000</color>
                    <colorMode>normal</colorMode>
                    <scale>1</scale>
                    <heading>0</heading>
                    <Icon id="2230">
                        <href>http://maps.google.com/mapfiles/kml/pushpin/ylw-pushpin.png</href>
                    </Icon>
                </IconStyle>
            </Style>
            <Style id="2233">
                <IconStyle id="2234">
                    <color>ffff0000</color>
                    <colorMode>normal</colorMode>
                    <scale>1</scale>
                    <heading>0</heading>
                    <Icon id="2235">
                        <href>http://maps.google.com/mapfiles/kml/pushpin/ylw-pushpin.png</href>
                    </Icon>
                </IconStyle>
            </Style>
            <name>MANUEL ENRIQUE ZAPATA QUEVEDO</name>
            <Placemark id="2007">
                <name>KARLA RINA ESCOBAR BOHORQUEZ</name>
                <description>KARLA RINA ESCOBAR BOHORQUEZ
JR. APURIMAC NRO. 535 CENT. CHULUCA
Chulucanas
Morropón
Piura
Perú</description>
                <styleUrl>#2008</styleUrl>
                <Point id="2006">
                    <coordinates>-80.1605119,-5.0939592,0.0</coordinates>
                </Point>
            </Placemark>
            <Placemark id="2012">
                <name>LUZ ISABEL NOLTE DE MONDRAGON</name>
                <description>MICAELA BASTIDAS MZ A LOTE 2
Chulucanas
Morropón
Piura
Perú</description>
                <styleUrl>#2013</styleUrl>
                <Point id="2011">
                    <coordinates>-80.1675627,-5.1025406,0.0</coordinates>
                </Point>
            </Placemark>
            <Placemark id="2017">
                <name>OJEDA YARLEQUE CAROLAY STEFANY</name>
                <description>AYACUCHO 1368 CHULUCANAS
Chulucanas

Piura
Perú</description>
                <styleUrl>#2018</styleUrl>
                <Point id="2016">
                    <coordinates>-80.1649413,-5.1025461,0.0</coordinates>
                </Point>
            </Placemark>
            <Placemark id="2022">
                <name>SUYON TORRES ROSA</name>
                <description>CALLE HUANCAVELICA 1206 CHULUCANAS



Perú</description>
                <styleUrl>#2023</styleUrl>
                <Point id="2021">
                    <coordinates>-80.1649629,-5.0998509,0.0</coordinates>
                </Point>
            </Placemark>
            <Placemark id="2027">
                <name>VICTOR WALDIR NIMA GOMEZ</name>
                <description>MOQUEGUA NÂ°530 CHULUCANAS
Chulucanas
Morropón
Piura
Perú</description>
                <styleUrl>#2028</styleUrl>
                <Point id="2026">
                    <coordinates>-80.1642454,-5.0991503,0.0</coordinates>
                </Point>
            </Placemark>
            <Placemark id="2032">
                <name>MALUENGA ARAQUE ELIO JESUS</name>
                <description>JUNIN  494/LAMBAYEQUE CHULUCANAS
Chulucanas
Morropón
Piura
Perú</description>
                <styleUrl>#2033</styleUrl>
                <Point id="2031">
                    <coordinates>-80.1631422,-5.0946802,0.0</coordinates>
                </Point>
            </Placemark>
            <Placemark id="2037">
                <name>ENRIQUETA BAUTISTA GIRON</name>
                <description>MICAELA BASTIDAS CLL 28 DE JULIO MZ.M LT.13
Chulucanas

Piura
Perú</description>
                <styleUrl>#2038</styleUrl>
                <Point id="2036">
                    <coordinates>-80.1654517,-5.1030431,0.0</coordinates>
                </Point>
            </Placemark>
            <Placemark id="2042">
                <name>ABIGAIL ESTRELLITA ALBINES CORDOVA</name>
                <description>MZ B LOT 2 MERCADO JARRIN
Chulucanas
Morropón
Piura
Perú</description>
                <styleUrl>#2043</styleUrl>
                <Point id="2041">
                    <coordinates>-80.154684,-5.0858623,0.0</coordinates>
                </Point>
            </Placemark>
            <Placemark id="2047">
                <name>CARMEN ADRIANZEN CARMEN</name>
                <description>MERCADO JUNIN MZ I LOTE 4-CHULUCANAS-MORROPON
Chulucanas
Morropón
Piura
Perú</description>
                <styleUrl>#2048</styleUrl>
                <Point id="2046">
                    <coordinates>-80.1544982,-5.0863592,0.0</coordinates>
                </Point>
            </Placemark>
            <Placemark id="2052">
                <name>RIGOBERTO VILLEGAS GONZALEZ</name>
                <description>LUIS DE LA PUENTE UCEDA  NUMERO 23 CHULUCANAS
Chulucanas
Morropón
Piura
Perú</description>
                <styleUrl>#2053</styleUrl>
                <Point id="2051">
                    <coordinates>-80.1562699,-5.0885954,0.0</coordinates>
                </Point>
            </Placemark>
            <Placemark id="2057">
                <name>ROSA ESMERITA CORDOVA CALLE</name>
                <description>C-16 -.GABRIEL BEJAR NMR 129 LUIS DE LA PUENTE
Chulucanas
Morropón
Piura
Perú</description>
                <styleUrl>#2058</styleUrl>
                <Point id="2056">
                    <coordinates>-80.1559953,-5.0879489,0.0</coordinates>
                </Point>
            </Placemark>
            <Placemark id="2062">
                <name>MARKETS DON MANUEL PERU EMPRESA INDIVIDUAL DE RESPONSABILIDAD LIMITADA</name>
                <description>MARKETS DON MANUEL PERU EMPRESA INDIVIDUAL DE RESPONSABILIDAD LIMITADA
JR. AYACUCHO NRO. 0484 C.P. CENTRO CHULUCANAS
Chulucanas
Morropón
Piura
Perú</description>
                <styleUrl>#2063</styleUrl>
                <Point id="2061">
                    <coordinates>-80.1618451,-5.0953502,0.0</coordinates>
                </Point>
            </Placemark>
            <Placemark id="2067">
                <name>SERVICIOS GENERALES ZEROS E.I.R.L.</name>
                <description>SERVICIOS GENERALES ZEROS E.I.R.L.
JR. LIBERTAD NRO. 525 CENTRO DE CHULUCANAS
Chulucanas
Morropón
Piura
Perú</description>
                <styleUrl>#2068</styleUrl>
                <Point id="2066">
                    <coordinates>-80.161681,-5.0966903,0.0</coordinates>
                </Point>
            </Placemark>
            <Placemark id="2072">
                <name>BEATRIZ DE LOS MILAGROS CORDOVA CORDOVA</name>
                <description>CALLE ALFONSO UGARTE 788-CHULUCANAS-PIURA
Veintiséis de Octubre
Piura
Piura
Perú</description>
                <styleUrl>#2073</styleUrl>
                <Point id="2071">
                    <coordinates>-80.161514,-5.102065,0.0</coordinates>
                </Point>
            </Placemark>
            <Placemark id="2077">
                <name>PAULA RIEGA SEÑAS</name>
                <description>JR.JUNIN NÂª186 - CHULUCANAS
Chulucanas
Morropón
Piura
Perú</description>
                <styleUrl>#2078</styleUrl>
                <Point id="2076">
                    <coordinates>-80.160882,-5.091006,0.0</coordinates>
                </Point>
            </Placemark>
            <Placemark id="2082">
                <name>HERNANDEZ NIMA ROSARIO DEL MILAGRO</name>
                <description>CALLE HUANCAVELICA NÂ°178 CHULUCANA
Chulucanas
Morropón
Piura
Perú</description>
                <styleUrl>#2083</styleUrl>
                <Point id="2081">
                    <coordinates>-80.1608242,-5.0917055,0.0</coordinates>
                </Point>
            </Placemark>
            <Placemark id="2087">
                <name>MARKETS DON MANUEL PERU EMPRESA INDIVIDUAL DE RESPONSABILIDAD LIMITADA</name>
                <description>MARKETS DON MANUEL PERU EMPRESA INDIVIDUAL DE RESPONSABILIDAD LIMITADA
JR. AYACUCHO NRO. 0484 C.P. CENTRO CHULUCANAS
Chulucanas
Morropón
Piura
Perú</description>
                <styleUrl>#2088</styleUrl>
                <Point id="2086">
                    <coordinates>-80.1618451,-5.0953502,0.0</coordinates>
                </Point>
            </Placemark>
            <Placemark id="2092">
                <name>MARTHA ISABEL MENDOZA CRISANTO</name>
                <description>HUANCAVELICA 228
Chulucanas
Morropón
Piura
Perú</description>
                <styleUrl>#2093</styleUrl>
                <Point id="2091">
                    <coordinates>-80.1610689,-5.0924841,0.0</coordinates>
                </Point>
            </Placemark>
            <Placemark id="2097">
                <name>PAOLA HIBETH CHUICA CAMACHO</name>
                <description>Apurímac 478 chulucanas
Chulucanas
Morropón
Piura
Perú</description>
                <styleUrl>#2098</styleUrl>
                <Point id="2096">
                    <coordinates>-80.1601977,-5.0929243,0.0</coordinates>
                </Point>
            </Placemark>
            <Placemark id="2102">
                <name>MERCEDES CORDOVA JIMENEZ</name>
                <description>CALLE CUZCO 280 CHULUCANAS
Chulucanas
Morropón
Piura
Perú</description>
                <styleUrl>#2103</styleUrl>
                <Point id="2101">
                    <coordinates>-80.1599413,-5.0946541,0.0</coordinates>
                </Point>
            </Placemark>
            <Placemark id="2107">
                <name>JOSE LUIS ESPINOZA ANASTACIO</name>
                <description>LA LIBERTAD 532 CHULUCANAS
Chulucanas

Piura
Perú</description>
                <styleUrl>#2108</styleUrl>
                <Point id="2106">
                    <coordinates>-80.1621009,-5.0965009,0.0</coordinates>
                </Point>
            </Placemark>
            <Placemark id="2112">
                <name>TANIA SARELA ARELLANO AGUIRRE</name>
                <description>AV RAMON CASTILLA 869 CHULUCANAS
Chulucanas
Morropón
Piura
Perú</description>
                <styleUrl>#2113</styleUrl>
                <Point id="2111">
                    <coordinates>-80.1658232,-5.0979292,0.0</coordinates>
                </Point>
            </Placemark>
            <Placemark id="2117">
                <name>SERVICIOS GENERALES ZEROS E.I.R.L.</name>
                <description>SERVICIOS GENERALES ZEROS E.I.R.L.
JR. LIBERTAD NRO. 525 CENTRO DE CHULUCANAS
Chulucanas
Morropón
Piura
Perú</description>
                <styleUrl>#2118</styleUrl>
                <Point id="2116">
                    <coordinates>-80.161681,-5.0966903,0.0</coordinates>
                </Point>
            </Placemark>
            <Placemark id="2122">
                <name>RIO BRUCELA DIOSES CHIROQUE DE DEL</name>
                <description>JR. ICA NRO. 438 CENTRO CHULUCANAS
Chulucanas
Morropón
Piura
Perú</description>
                <styleUrl>#2123</styleUrl>
                <Point id="2121">
                    <coordinates>-80.1616984,-5.0992437,0.0</coordinates>
                </Point>
            </Placemark>
            <Placemark id="2127">
                <name>KAREN NOELIA GARCIA APONTE</name>
                <description>CUZCO 812 CHULUCANAS
Chulucanas
Morropón
Piura
Perú</description>
                <styleUrl>#2128</styleUrl>
                <Point id="2126">
                    <coordinates>-80.1616132,-5.0994162,0.0</coordinates>
                </Point>
            </Placemark>
            <Placemark id="2132">
                <name>GRIMANESA DEL MILAGROS ZAPATA MAYO</name>
                <description>CALLE MARIA PARADO DE BELLIDO ÑACARA H-28
Chulucanas
Morropón
Piura
Perú</description>
                <styleUrl>#2133</styleUrl>
                <Point id="2131">
                    <coordinates>-80.1583297,-5.100679,0.0</coordinates>
                </Point>
            </Placemark>
            <Placemark id="2137">
                <name>LILY MARLENY NEYRA INGA</name>
                <description>AV ÑACARA MZ B LT 13 - CHULUCANAS
Chulucanas

Piura
Perú</description>
                <styleUrl>#2138</styleUrl>
                <Point id="2136">
                    <coordinates>-80.158049,-5.101423,0.0</coordinates>
                </Point>
            </Placemark>
            <Placemark id="2142">
                <name>JANY YANET ROJAS SEMINARIO</name>
                <description>SANTA ROSA MZ C LT5 ÑACARA CHULUCANAS
Chulucanas
Morropón
Piura
Perú</description>
                <styleUrl>#2143</styleUrl>
                <Point id="2141">
                    <coordinates>-80.1579616,-5.1027747,0.0</coordinates>
                </Point>
            </Placemark>
            <Placemark id="2147">
                <name>MARIBEL PEÑA CARAMANTIN</name>
                <description>AH ÑACARA D-14 CHULUCANAS
Chulucanas

Piura
Perú</description>
                <styleUrl>#2148</styleUrl>
                <Point id="2146">
                    <coordinates>-80.1568282,-5.1024973,0.0</coordinates>
                </Point>
            </Placemark>
            <Placemark id="2152">
                <name>ABIGAIL JIMENEZ CRUZ</name>
                <description>ÑACARA F-21 CHULUCANAS
Chulucanas
Morropón
Piura
Perú</description>
                <styleUrl>#2153</styleUrl>
                <Point id="2151">
                    <coordinates>-80.1570293,-5.1015674,0.0</coordinates>
                </Point>
            </Placemark>
            <Placemark id="2157">
                <name>ROSA ELENA CORDOVA BERECHE</name>
                <description>CA JOSE DE LA TORRE UGARTE MZ F LT13 -ÑACARA CHULUCANAS
Chulucanas
Morropón
Piura
Perú</description>
                <styleUrl>#2158</styleUrl>
                <Point id="2156">
                    <coordinates>-80.1566498,-5.1011446,0.0</coordinates>
                </Point>
            </Placemark>
            <Placemark id="2162">
                <name>ROSA LIDA LOPEZ MEZONES</name>
                <description>CA ÑACARA MZ M LT 23 - CHULUCANAS
Chulucanas

Piura
Perú</description>
                <styleUrl>#2163</styleUrl>
                <Point id="2161">
                    <coordinates>-80.1570589,-5.100808,0.0</coordinates>
                </Point>
            </Placemark>
            <Placemark id="2167">
                <name>ELAUTERIA MORE JUAREZ</name>
                <description>ÑACARA L-13 CHULUCANAS



Perú</description>
                <styleUrl>#2168</styleUrl>
                <Point id="2166">
                    <coordinates>-80.1569852,-5.1000416,0.0</coordinates>
                </Point>
            </Placemark>
            <Placemark id="2172">
                <name>ERICKA ISABEL ESCOBAR LOPEZ</name>
                <description>AV.AREQUIPA CHULUCANAS MZ H LT 20 -
Chulucanas
Morropón
Piura
Perú</description>
                <styleUrl>#2173</styleUrl>
                <Point id="2171">
                    <coordinates>-80.1583666,-5.099855,0.0</coordinates>
                </Point>
            </Placemark>
            <Placemark id="2177">
                <name>ESCARATE RAMOS ROSARIO DEL PILAR</name>
                <description>PUNO 801 CHULUCANAS
Chulucanas
Piura
Piura
Perú</description>
                <styleUrl>#2178</styleUrl>
                <Point id="2176">
                    <coordinates>-80.160754,-5.100218,0.0</coordinates>
                </Point>
            </Placemark>
            <Placemark id="2182">
                <name>MIC BAUTISTA ALVARADO DE MATICORENA</name>
                <description>CA PUNO 821 - CHULUCANAS
Chulucanas
Morropón
Piura
Perú</description>
                <styleUrl>#2183</styleUrl>
                <Point id="2181">
                    <coordinates>-80.1611268,-5.100523,0.0</coordinates>
                </Point>
            </Placemark>
            <Placemark id="2187">
                <name>JOSE JULIO ESTRADA GARCIA</name>
                <description>CA TACNA 100-1 CHULUCANAS
Chulucanas
Morropón
Piura
Perú</description>
                <styleUrl>#2188</styleUrl>
                <Point id="2186">
                    <coordinates>-80.1617968,-5.1011727,0.0</coordinates>
                </Point>
            </Placemark>
            <Placemark id="2192">
                <name>BEATRIZ DE LOS MILAGROS CORDOVA CORDOVA</name>
                <description>CALLE ALFONSO UGARTE 788-CHULUCANAS-PIURA
Veintiséis de Octubre
Piura
Piura
Perú</description>
                <styleUrl>#2193</styleUrl>
                <Point id="2191">
                    <coordinates>-80.161514,-5.102065,0.0</coordinates>
                </Point>
            </Placemark>
            <Placemark id="2197">
                <name>MARITZA TINCO HUAYTALLA</name>
                <description>JR PPUNO 1100 CHULUCANAS
Chulucanas
Morropón
Piura
Perú</description>
                <styleUrl>#2198</styleUrl>
                <Point id="2196">
                    <coordinates>-80.162791,-5.1036386,0.0</coordinates>
                </Point>
            </Placemark>
            <Placemark id="2202">
                <name>IRIS PAMELA BENITES GONZALES</name>
                <description>CUZCO 1321 CHULUCANAS
Chulucanas
Morropón
Piura
Perú</description>
                <styleUrl>#2203</styleUrl>
                <Point id="2201">
                    <coordinates>-80.1639078,-5.1042635,0.0</coordinates>
                </Point>
            </Placemark>
            <Placemark id="2207">
                <name>MARIA NAVARRO GARCIA</name>
                <description>AV. GRAU 210 CHULUCANAS
Chulucanas
Morropón
Piura
Perú</description>
                <styleUrl>#2208</styleUrl>
                <Point id="2206">
                    <coordinates>-80.1637143,-5.1027182,0.0</coordinates>
                </Point>
            </Placemark>
            <Placemark id="2212">
                <name>ESTHER DEL ROSARIO VALLADOLID RIVAS</name>
                <description>JIRON GRAU 246
Chulucanas
Morropón
Piura
Perú</description>
                <styleUrl>#2213</styleUrl>
                <Point id="2211">
                    <coordinates>-80.1644738,-5.1022974,0.0</coordinates>
                </Point>
            </Placemark>
            <Placemark id="2217">
                <name>BETTY ISABEL SAAVEDRA NAVARRO</name>
                <description>JIRON AYACUCHO 1305
Chulucanas
Morropón
Piura
Perú</description>
                <styleUrl>#2218</styleUrl>
                <Point id="2216">
                    <coordinates>-80.1647173,-5.1021155,0.0</coordinates>
                </Point>
            </Placemark>
            <Placemark id="2222">
                <name>MARTHA DEL ROSARIO ANTO PURIZAGA</name>
                <description>AH MICAELA BASTIDAS MZ I LT 17
Chulucanas
Morropón
Piura
Perú</description>
                <styleUrl>#2223</styleUrl>
                <Point id="2221">
                    <coordinates>-80.1653821,-5.1029668,0.0</coordinates>
                </Point>
            </Placemark>
            <Placemark id="2227">
                <name>KAREN FABIOLA ALAMA PALOMINO</name>
                <description>AH MICAELA BASTIDAS M-22
Chulucanas

Piura
Perú</description>
                <styleUrl>#2228</styleUrl>
                <Point id="2226">
                    <coordinates>-80.1661365,-5.1033174,0.0</coordinates>
                </Point>
            </Placemark>
            <Placemark id="2232">
                <name>ZULEDY JANELY ARELLANO CHIROQUE</name>
                <description>A-17 a.h Micaela bastidas
Chulucanas
Morropón
Piura
Perú</description>
                <styleUrl>#2233</styleUrl>
                <Point id="2231">
                    <coordinates>-80.1679222,-5.1038108,0.0</coordinates>
                </Point>
            </Placemark>
        </Folder>
        <Folder id="2236">
            <Style id="2239">
                <IconStyle id="2240">
                    <color>ff008000</color>
                    <colorMode>normal</colorMode>
                    <scale>1</scale>
                    <heading>0</heading>
                    <Icon id="2241">
                        <href>http://maps.google.com/mapfiles/kml/pushpin/ylw-pushpin.png</href>
                    </Icon>
                </IconStyle>
            </Style>
            <Style id="2244">
                <IconStyle id="2245">
                    <color>ff008000</color>
                    <colorMode>normal</colorMode>
                    <scale>1</scale>
                    <heading>0</heading>
                    <Icon id="2246">
                        <href>http://maps.google.com/mapfiles/kml/pushpin/ylw-pushpin.png</href>
                    </Icon>
                </IconStyle>
            </Style>
            <Style id="2249">
                <IconStyle id="2250">
                    <color>ff008000</color>
                    <colorMode>normal</colorMode>
                    <scale>1</scale>
                    <heading>0</heading>
                    <Icon id="2251">
                        <href>http://maps.google.com/mapfiles/kml/pushpin/ylw-pushpin.png</href>
                    </Icon>
                </IconStyle>
            </Style>
            <Style id="2254">
                <IconStyle id="2255">
                    <color>ff008000</color>
                    <colorMode>normal</colorMode>
                    <scale>1</scale>
                    <heading>0</heading>
                    <Icon id="2256">
                        <href>http://maps.google.com/mapfiles/kml/pushpin/ylw-pushpin.png</href>
                    </Icon>
                </IconStyle>
            </Style>
            <Style id="2259">
                <IconStyle id="2260">
                    <color>ff008000</color>
                    <colorMode>normal</colorMode>
                    <scale>1</scale>
                    <heading>0</heading>
                    <Icon id="2261">
                        <href>http://maps.google.com/mapfiles/kml/pushpin/ylw-pushpin.png</href>
                    </Icon>
                </IconStyle>
            </Style>
            <Style id="2264">
                <IconStyle id="2265">
                    <color>ff008000</color>
                    <colorMode>normal</colorMode>
                    <scale>1</scale>
                    <heading>0</heading>
                    <Icon id="2266">
                        <href>http://maps.google.com/mapfiles/kml/pushpin/ylw-pushpin.png</href>
                    </Icon>
                </IconStyle>
            </Style>
            <Style id="2269">
                <IconStyle id="2270">
                    <color>ff008000</color>
                    <colorMode>normal</colorMode>
                    <scale>1</scale>
                    <heading>0</heading>
                    <Icon id="2271">
                        <href>http://maps.google.com/mapfiles/kml/pushpin/ylw-pushpin.png</href>
                    </Icon>
                </IconStyle>
            </Style>
            <Style id="2274">
                <IconStyle id="2275">
                    <color>ff008000</color>
                    <colorMode>normal</colorMode>
                    <scale>1</scale>
                    <heading>0</heading>
                    <Icon id="2276">
                        <href>http://maps.google.com/mapfiles/kml/pushpin/ylw-pushpin.png</href>
                    </Icon>
                </IconStyle>
            </Style>
            <Style id="2279">
                <IconStyle id="2280">
                    <color>ff008000</color>
                    <colorMode>normal</colorMode>
                    <scale>1</scale>
                    <heading>0</heading>
                    <Icon id="2281">
                        <href>http://maps.google.com/mapfiles/kml/pushpin/ylw-pushpin.png</href>
                    </Icon>
                </IconStyle>
            </Style>
            <Style id="2284">
                <IconStyle id="2285">
                    <color>ff008000</color>
                    <colorMode>normal</colorMode>
                    <scale>1</scale>
                    <heading>0</heading>
                    <Icon id="2286">
                        <href>http://maps.google.com/mapfiles/kml/pushpin/ylw-pushpin.png</href>
                    </Icon>
                </IconStyle>
            </Style>
            <Style id="2289">
                <IconStyle id="2290">
                    <color>ff008000</color>
                    <colorMode>normal</colorMode>
                    <scale>1</scale>
                    <heading>0</heading>
                    <Icon id="2291">
                        <href>http://maps.google.com/mapfiles/kml/pushpin/ylw-pushpin.png</href>
                    </Icon>
                </IconStyle>
            </Style>
            <Style id="2294">
                <IconStyle id="2295">
                    <color>ff008000</color>
                    <colorMode>normal</colorMode>
                    <scale>1</scale>
                    <heading>0</heading>
                    <Icon id="2296">
                        <href>http://maps.google.com/mapfiles/kml/pushpin/ylw-pushpin.png</href>
                    </Icon>
                </IconStyle>
            </Style>
            <Style id="2299">
                <IconStyle id="2300">
                    <color>ff008000</color>
                    <colorMode>normal</colorMode>
                    <scale>1</scale>
                    <heading>0</heading>
                    <Icon id="2301">
                        <href>http://maps.google.com/mapfiles/kml/pushpin/ylw-pushpin.png</href>
                    </Icon>
                </IconStyle>
            </Style>
            <Style id="2304">
                <IconStyle id="2305">
                    <color>ff008000</color>
                    <colorMode>normal</colorMode>
                    <scale>1</scale>
                    <heading>0</heading>
                    <Icon id="2306">
                        <href>http://maps.google.com/mapfiles/kml/pushpin/ylw-pushpin.png</href>
                    </Icon>
                </IconStyle>
            </Style>
            <Style id="2309">
                <IconStyle id="2310">
                    <color>ff008000</color>
                    <colorMode>normal</colorMode>
                    <scale>1</scale>
                    <heading>0</heading>
                    <Icon id="2311">
                        <href>http://maps.google.com/mapfiles/kml/pushpin/ylw-pushpin.png</href>
                    </Icon>
                </IconStyle>
            </Style>
            <Style id="2314">
                <IconStyle id="2315">
                    <color>ff008000</color>
                    <colorMode>normal</colorMode>
                    <scale>1</scale>
                    <heading>0</heading>
                    <Icon id="2316">
                        <href>http://maps.google.com/mapfiles/kml/pushpin/ylw-pushpin.png</href>
                    </Icon>
                </IconStyle>
            </Style>
            <Style id="2319">
                <IconStyle id="2320">
                    <color>ff008000</color>
                    <colorMode>normal</colorMode>
                    <scale>1</scale>
                    <heading>0</heading>
                    <Icon id="2321">
                        <href>http://maps.google.com/mapfiles/kml/pushpin/ylw-pushpin.png</href>
                    </Icon>
                </IconStyle>
            </Style>
            <Style id="2324">
                <IconStyle id="2325">
                    <color>ff008000</color>
                    <colorMode>normal</colorMode>
                    <scale>1</scale>
                    <heading>0</heading>
                    <Icon id="2326">
                        <href>http://maps.google.com/mapfiles/kml/pushpin/ylw-pushpin.png</href>
                    </Icon>
                </IconStyle>
            </Style>
            <Style id="2329">
                <IconStyle id="2330">
                    <color>ff008000</color>
                    <colorMode>normal</colorMode>
                    <scale>1</scale>
                    <heading>0</heading>
                    <Icon id="2331">
                        <href>http://maps.google.com/mapfiles/kml/pushpin/ylw-pushpin.png</href>
                    </Icon>
                </IconStyle>
            </Style>
            <Style id="2334">
                <IconStyle id="2335">
                    <color>ff008000</color>
                    <colorMode>normal</colorMode>
                    <scale>1</scale>
                    <heading>0</heading>
                    <Icon id="2336">
                        <href>http://maps.google.com/mapfiles/kml/pushpin/ylw-pushpin.png</href>
                    </Icon>
                </IconStyle>
            </Style>
            <Style id="2339">
                <IconStyle id="2340">
                    <color>ff008000</color>
                    <colorMode>normal</colorMode>
                    <scale>1</scale>
                    <heading>0</heading>
                    <Icon id="2341">
                        <href>http://maps.google.com/mapfiles/kml/pushpin/ylw-pushpin.png</href>
                    </Icon>
                </IconStyle>
            </Style>
            <Style id="2344">
                <IconStyle id="2345">
                    <color>ff008000</color>
                    <colorMode>normal</colorMode>
                    <scale>1</scale>
                    <heading>0</heading>
                    <Icon id="2346">
                        <href>http://maps.google.com/mapfiles/kml/pushpin/ylw-pushpin.png</href>
                    </Icon>
                </IconStyle>
            </Style>
            <Style id="2349">
                <IconStyle id="2350">
                    <color>ff008000</color>
                    <colorMode>normal</colorMode>
                    <scale>1</scale>
                    <heading>0</heading>
                    <Icon id="2351">
                        <href>http://maps.google.com/mapfiles/kml/pushpin/ylw-pushpin.png</href>
                    </Icon>
                </IconStyle>
            </Style>
            <Style id="2354">
                <IconStyle id="2355">
                    <color>ff008000</color>
                    <colorMode>normal</colorMode>
                    <scale>1</scale>
                    <heading>0</heading>
                    <Icon id="2356">
                        <href>http://maps.google.com/mapfiles/kml/pushpin/ylw-pushpin.png</href>
                    </Icon>
                </IconStyle>
            </Style>
            <name>MARIO ALBERTO QUINTANA SANDOVAL</name>
            <Placemark id="2238">
                <name>MARKET 'FRUTERIA &amp; VERDULERIA' SR. FRUTA E.I.R.L.</name>
                <description>AV. BELAUNDE TERRY MZA. 25 LOTE. 1 INT. 2 URB.  ANDRES ARAUJO MORAN
Tumbes
240104
Tumbes
Perú</description>
                <styleUrl>#2239</styleUrl>
                <Point id="2237">
                    <coordinates>-80.4264739,-3.5616775,0.0</coordinates>
                </Point>
            </Placemark>
            <Placemark id="2243">
                <name>COLLAVE VERA ROBERTSON ALEXANDER</name>
                <description>COLLAVE VERA ROBERTSON ALEXANDER
Interior 8 lote 7 mercado modelo de TUMBES referencia carniceria JJ
Tumbes
Tumbes
Tumbes
Perú</description>
                <styleUrl>#2244</styleUrl>
                <Point id="2242">
                    <coordinates>-80.4554953,-3.5703619,0.0</coordinates>
                </Point>
            </Placemark>
            <Placemark id="2248">
                <name>MINIMARKET JOCELYN S.R.L.</name>
                <description>MINIMARKET JOCELYN S.R.L.
CAL.CORONEL FRANCISCO BOLOGNESI NRO. 396 URB. CERCADO
Tumbes
240101Tumbes
Tumbes
Perú</description>
                <styleUrl>#2249</styleUrl>
                <Point id="2247">
                    <coordinates>-80.4580013,-3.5694547,0.0</coordinates>
                </Point>
            </Placemark>
            <Placemark id="2253">
                <name>KEYLA SARAI PRADO ZARATE</name>
                <description>Francisco Ibáñez 256 buenos aires tumbes( referencia frente a la puerta del nuevo pasaje pescado)
Tumbes
24520Tumbes
Tumbes
Perú</description>
                <styleUrl>#2254</styleUrl>
                <Point id="2252">
                    <coordinates>-80.4552389,-3.5714895,0.0</coordinates>
                </Point>
            </Placemark>
            <Placemark id="2258">
                <name>MARKET 'FRUTERIA &amp; VERDULERIA' SR. FRUTA E.I.R.L.</name>
                <description>AV. BELAUNDE TERRY MZA. 25 LOTE. 1 INT. 2 URB.  ANDRES ARAUJO MORAN
Tumbes
240104
Tumbes
Perú</description>
                <styleUrl>#2259</styleUrl>
                <Point id="2257">
                    <coordinates>-80.4264739,-3.5616775,0.0</coordinates>
                </Point>
            </Placemark>
            <Placemark id="2263">
                <name>GARCIA PISCOYA CLAUDIA NATHALY</name>
                <description>GARCIA PISCOYA CLAUDIA NATHALY
Calle Belaúnde Terry sin número referencia al costado de mifarma o MINIMARKET ahorro
Tumbes
Tumbes
Tumbes
Perú</description>
                <styleUrl>#2264</styleUrl>
                <Point id="2262">
                    <coordinates>-80.4273641,-3.5584657,0.0</coordinates>
                </Point>
            </Placemark>
            <Placemark id="2268">
                <name>GARCIA PISCOYA CLAUDIA NATHALY</name>
                <description>GARCIA PISCOYA CLAUDIA NATHALY
Calle Belaúnde Terry sin número referencia al costado de mifarma o MINIMARKET ahorro
Tumbes
Tumbes
Tumbes
Perú</description>
                <styleUrl>#2269</styleUrl>
                <Point id="2267">
                    <coordinates>-80.4273641,-3.5584657,0.0</coordinates>
                </Point>
            </Placemark>
            <Placemark id="2273">
                <name>SANTOS ALBERTINA MERINO GONZALES.</name>
                <description>mercado de puyango
Tumbes
24520Tumbes
Tumbes
Perú</description>
                <styleUrl>#2274</styleUrl>
                <Point id="2272">
                    <coordinates>-80.4268432,-3.5626987,0.0</coordinates>
                </Point>
            </Placemark>
            <Placemark id="2278">
                <name>MARIA ANTONIA ROBLEDO RAMOS</name>
                <description>Pasaje Belén mzc lt 12- puyango
Tumbes
Tumbes
Tumbes
Perú</description>
                <styleUrl>#2279</styleUrl>
                <Point id="2277">
                    <coordinates>-80.4274702,-3.5653775,0.0</coordinates>
                </Point>
            </Placemark>
            <Placemark id="2283">
                <name>PEÑA MORETO CATALINA</name>
                <description>José Olaya puyango
Puyango
Tumbes
Tumbes
Perú</description>
                <styleUrl>#2284</styleUrl>
                <Point id="2282">
                    <coordinates>-80.4270087,-3.5680515,0.0</coordinates>
                </Point>
            </Placemark>
            <Placemark id="2288">
                <name>FELIX MARIA DELGADO DIOSES</name>
                <description>Calle las artes ref por la cochera municipal de puyango
Puyango
Tumbes
Tumbes
Perú</description>
                <styleUrl>#2289</styleUrl>
                <Point id="2287">
                    <coordinates>-80.4250603,-3.5677611,0.0</coordinates>
                </Point>
            </Placemark>
            <Placemark id="2293">
                <name>LUZ ELENA SALAS TORRES</name>
                <description>Calle Raúl Jiménez Salazar Mz M lt 18. Andres Araujo - Puyango
Puyango
Tumbes
Tumbes
Perú</description>
                <styleUrl>#2294</styleUrl>
                <Point id="2292">
                    <coordinates>-80.4252051,-3.5697132,0.0</coordinates>
                </Point>
            </Placemark>
            <Placemark id="2298">
                <name>VERONICA SMITH CARRILLO JIMENEZ</name>
                <description>Noe 3ra etapa por pampon mano derecha
Tumbes

Tumbes
Perú</description>
                <styleUrl>#2299</styleUrl>
                <Point id="2297">
                    <coordinates>-80.4211832,-3.5766132,0.0</coordinates>
                </Point>
            </Placemark>
            <Placemark id="2303">
                <name>COLLAVE VERA ROBERTSON ALEXANDER</name>
                <description>COLLAVE VERA ROBERTSON ALEXANDER
Interior 8 lote 7 mercado modelo de TUMBES referencia carniceria JJ
Tumbes
Tumbes
Tumbes
Perú</description>
                <styleUrl>#2304</styleUrl>
                <Point id="2302">
                    <coordinates>-80.4554953,-3.5703619,0.0</coordinates>
                </Point>
            </Placemark>
            <Placemark id="2308">
                <name>CHOCAN GUERRERO JESUS</name>
                <description>CHOCAN GUERRERO JESUS
Ciudadela de Noe 1 ETAPA MZ z lote 4 puyango Tumbes
Puyango
Tumbes
Tumbes
Perú</description>
                <styleUrl>#2309</styleUrl>
                <Point id="2307">
                    <coordinates>-80.4251395,-3.5711528,0.0</coordinates>
                </Point>
            </Placemark>
            <Placemark id="2313">
                <name>MIGUEL ANGEL CORREA FARFAN</name>
                <description>calles postes negros mz M lote 20 - ciudadela de Noé primera etapa - Puyango
Puyango
24520Tumbes
Tumbes
Perú</description>
                <styleUrl>#2314</styleUrl>
                <Point id="2312">
                    <coordinates>-80.424178,-3.5725293,0.0</coordinates>
                </Point>
            </Placemark>
            <Placemark id="2318">
                <name>NELIDA CARHUAPOMA ADRIANZEN</name>
                <description>AAHH CIUDADELA NOE 4TA ETAPA MZ H LT 06 A LA VIELTA D ELA SRA SALVADOR
Tumbes

Tumbes
Perú</description>
                <styleUrl>#2319</styleUrl>
                <Point id="2317">
                    <coordinates>-80.4191196,-3.5786976,0.0</coordinates>
                </Point>
            </Placemark>
            <Placemark id="2323">
                <name>YACELI JANETH CORDOVA SALVADOR</name>
                <description>San Gabriel Mz H Lote 1 Ciudadela de Noe IV Etapa Puyango referencia frente al colegio inicial COPITO DE NIEVE . (Malla verde afuera)
Tumbes

Tumbes
Perú</description>
                <styleUrl>#2324</styleUrl>
                <Point id="2322">
                    <coordinates>-80.4181136,-3.5794242,0.0</coordinates>
                </Point>
            </Placemark>
            <Placemark id="2328">
                <name>DELAYDA SILVA RAMIREZ</name>
                <description>Ciudadela de Noé cuarta etapa
Puyango
Tumbes
Tumbes
Perú</description>
                <styleUrl>#2329</styleUrl>
                <Point id="2327">
                    <coordinates>-80.4173863,-3.5773516,0.0</coordinates>
                </Point>
            </Placemark>
            <Placemark id="2333">
                <name>ACOSTA SUNCION TANIA JUDIT</name>
                <description>MCDO.MERCDO.CIUDADEL S/N


Tumbes
Perú</description>
                <styleUrl>#2334</styleUrl>
                <Point id="2332">
                    <coordinates>-80.414535,-3.5792845,0.0</coordinates>
                </Point>
            </Placemark>
            <Placemark id="2338">
                <name>SOCORRO HUAMAN MELENDREZ</name>
                <description>Av ciudadela de Noé Mz A lote 04 - 5ta etapa - puyango 
Tumbes
24520Tumbes
Tumbes
Perú</description>
                <styleUrl>#2339</styleUrl>
                <Point id="2337">
                    <coordinates>-80.4155722,-3.5778266,0.0</coordinates>
                </Point>
            </Placemark>
            <Placemark id="2343">
                <name>ALAN GABANIEL SAGUMA GUERRERO</name>
                <description>Mercadito ciudadela Noe 5ta etapa
Puyango

Tumbes
Perú</description>
                <styleUrl>#2344</styleUrl>
                <Point id="2342">
                    <coordinates>-80.4137003,-3.5801293,0.0</coordinates>
                </Point>
            </Placemark>
            <Placemark id="2348">
                <name>GIOVANI ELIZABETH MORALES ABAD</name>
                <description>Calle Jacinto seminario s/n - puyango
Tumbes
Tumbes
Tumbes
Perú</description>
                <styleUrl>#2349</styleUrl>
                <Point id="2347">
                    <coordinates>-80.4264371,-3.5626382,0.0</coordinates>
                </Point>
            </Placemark>
            <Placemark id="2353">
                <name>MARIBEL RIVAS FARIAS</name>
                <description>Calle pilar nores s/n barrio san jose rf frente a mecanico primo
Tumbes

Tumbes
Perú</description>
                <styleUrl>#2354</styleUrl>
                <Point id="2352">
                    <coordinates>-80.459544,-3.559482,0.0</coordinates>
                </Point>
            </Placemark>
        </Folder>
        <Folder id="2357">
            <Style id="2360">
                <IconStyle id="2361">
                    <color>ff800080</color>
                    <colorMode>normal</colorMode>
                    <scale>1</scale>
                    <heading>0</heading>
                    <Icon id="2362">
                        <href>http://maps.google.com/mapfiles/kml/pushpin/ylw-pushpin.png</href>
                    </Icon>
                </IconStyle>
            </Style>
            <Style id="2365">
                <IconStyle id="2366">
                    <color>ff800080</color>
                    <colorMode>normal</colorMode>
                    <scale>1</scale>
                    <heading>0</heading>
                    <Icon id="2367">
                        <href>http://maps.google.com/mapfiles/kml/pushpin/ylw-pushpin.png</href>
                    </Icon>
                </IconStyle>
            </Style>
            <Style id="2370">
                <IconStyle id="2371">
                    <color>ff800080</color>
                    <colorMode>normal</colorMode>
                    <scale>1</scale>
                    <heading>0</heading>
                    <Icon id="2372">
                        <href>http://maps.google.com/mapfiles/kml/pushpin/ylw-pushpin.png</href>
                    </Icon>
                </IconStyle>
            </Style>
            <Style id="2375">
                <IconStyle id="2376">
                    <color>ff800080</color>
                    <colorMode>normal</colorMode>
                    <scale>1</scale>
                    <heading>0</heading>
                    <Icon id="2377">
                        <href>http://maps.google.com/mapfiles/kml/pushpin/ylw-pushpin.png</href>
                    </Icon>
                </IconStyle>
            </Style>
            <Style id="2380">
                <IconStyle id="2381">
                    <color>ff800080</color>
                    <colorMode>normal</colorMode>
                    <scale>1</scale>
                    <heading>0</heading>
                    <Icon id="2382">
                        <href>http://maps.google.com/mapfiles/kml/pushpin/ylw-pushpin.png</href>
                    </Icon>
                </IconStyle>
            </Style>
            <Style id="2385">
                <IconStyle id="2386">
                    <color>ff800080</color>
                    <colorMode>normal</colorMode>
                    <scale>1</scale>
                    <heading>0</heading>
                    <Icon id="2387">
                        <href>http://maps.google.com/mapfiles/kml/pushpin/ylw-pushpin.png</href>
                    </Icon>
                </IconStyle>
            </Style>
            <Style id="2390">
                <IconStyle id="2391">
                    <color>ff800080</color>
                    <colorMode>normal</colorMode>
                    <scale>1</scale>
                    <heading>0</heading>
                    <Icon id="2392">
                        <href>http://maps.google.com/mapfiles/kml/pushpin/ylw-pushpin.png</href>
                    </Icon>
                </IconStyle>
            </Style>
            <Style id="2395">
                <IconStyle id="2396">
                    <color>ff800080</color>
                    <colorMode>normal</colorMode>
                    <scale>1</scale>
                    <heading>0</heading>
                    <Icon id="2397">
                        <href>http://maps.google.com/mapfiles/kml/pushpin/ylw-pushpin.png</href>
                    </Icon>
                </IconStyle>
            </Style>
            <Style id="2400">
                <IconStyle id="2401">
                    <color>ff800080</color>
                    <colorMode>normal</colorMode>
                    <scale>1</scale>
                    <heading>0</heading>
                    <Icon id="2402">
                        <href>http://maps.google.com/mapfiles/kml/pushpin/ylw-pushpin.png</href>
                    </Icon>
                </IconStyle>
            </Style>
            <Style id="2405">
                <IconStyle id="2406">
                    <color>ff800080</color>
                    <colorMode>normal</colorMode>
                    <scale>1</scale>
                    <heading>0</heading>
                    <Icon id="2407">
                        <href>http://maps.google.com/mapfiles/kml/pushpin/ylw-pushpin.png</href>
                    </Icon>
                </IconStyle>
            </Style>
            <Style id="2410">
                <IconStyle id="2411">
                    <color>ff800080</color>
                    <colorMode>normal</colorMode>
                    <scale>1</scale>
                    <heading>0</heading>
                    <Icon id="2412">
                        <href>http://maps.google.com/mapfiles/kml/pushpin/ylw-pushpin.png</href>
                    </Icon>
                </IconStyle>
            </Style>
            <Style id="2415">
                <IconStyle id="2416">
                    <color>ff800080</color>
                    <colorMode>normal</colorMode>
                    <scale>1</scale>
                    <heading>0</heading>
                    <Icon id="2417">
                        <href>http://maps.google.com/mapfiles/kml/pushpin/ylw-pushpin.png</href>
                    </Icon>
                </IconStyle>
            </Style>
            <Style id="2420">
                <IconStyle id="2421">
                    <color>ff800080</color>
                    <colorMode>normal</colorMode>
                    <scale>1</scale>
                    <heading>0</heading>
                    <Icon id="2422">
                        <href>http://maps.google.com/mapfiles/kml/pushpin/ylw-pushpin.png</href>
                    </Icon>
                </IconStyle>
            </Style>
            <Style id="2425">
                <IconStyle id="2426">
                    <color>ff800080</color>
                    <colorMode>normal</colorMode>
                    <scale>1</scale>
                    <heading>0</heading>
                    <Icon id="2427">
                        <href>http://maps.google.com/mapfiles/kml/pushpin/ylw-pushpin.png</href>
                    </Icon>
                </IconStyle>
            </Style>
            <Style id="2430">
                <IconStyle id="2431">
                    <color>ff800080</color>
                    <colorMode>normal</colorMode>
                    <scale>1</scale>
                    <heading>0</heading>
                    <Icon id="2432">
                        <href>http://maps.google.com/mapfiles/kml/pushpin/ylw-pushpin.png</href>
                    </Icon>
                </IconStyle>
            </Style>
            <Style id="2435">
                <IconStyle id="2436">
                    <color>ff800080</color>
                    <colorMode>normal</colorMode>
                    <scale>1</scale>
                    <heading>0</heading>
                    <Icon id="2437">
                        <href>http://maps.google.com/mapfiles/kml/pushpin/ylw-pushpin.png</href>
                    </Icon>
                </IconStyle>
            </Style>
            <Style id="2440">
                <IconStyle id="2441">
                    <color>ff800080</color>
                    <colorMode>normal</colorMode>
                    <scale>1</scale>
                    <heading>0</heading>
                    <Icon id="2442">
                        <href>http://maps.google.com/mapfiles/kml/pushpin/ylw-pushpin.png</href>
                    </Icon>
                </IconStyle>
            </Style>
            <Style id="2445">
                <IconStyle id="2446">
                    <color>ff800080</color>
                    <colorMode>normal</colorMode>
                    <scale>1</scale>
                    <heading>0</heading>
                    <Icon id="2447">
                        <href>http://maps.google.com/mapfiles/kml/pushpin/ylw-pushpin.png</href>
                    </Icon>
                </IconStyle>
            </Style>
            <Style id="2450">
                <IconStyle id="2451">
                    <color>ff800080</color>
                    <colorMode>normal</colorMode>
                    <scale>1</scale>
                    <heading>0</heading>
                    <Icon id="2452">
                        <href>http://maps.google.com/mapfiles/kml/pushpin/ylw-pushpin.png</href>
                    </Icon>
                </IconStyle>
            </Style>
            <Style id="2455">
                <IconStyle id="2456">
                    <color>ff800080</color>
                    <colorMode>normal</colorMode>
                    <scale>1</scale>
                    <heading>0</heading>
                    <Icon id="2457">
                        <href>http://maps.google.com/mapfiles/kml/pushpin/ylw-pushpin.png</href>
                    </Icon>
                </IconStyle>
            </Style>
            <Style id="2460">
                <IconStyle id="2461">
                    <color>ff800080</color>
                    <colorMode>normal</colorMode>
                    <scale>1</scale>
                    <heading>0</heading>
                    <Icon id="2462">
                        <href>http://maps.google.com/mapfiles/kml/pushpin/ylw-pushpin.png</href>
                    </Icon>
                </IconStyle>
            </Style>
            <Style id="2465">
                <IconStyle id="2466">
                    <color>ff800080</color>
                    <colorMode>normal</colorMode>
                    <scale>1</scale>
                    <heading>0</heading>
                    <Icon id="2467">
                        <href>http://maps.google.com/mapfiles/kml/pushpin/ylw-pushpin.png</href>
                    </Icon>
                </IconStyle>
            </Style>
            <Style id="2470">
                <IconStyle id="2471">
                    <color>ff800080</color>
                    <colorMode>normal</colorMode>
                    <scale>1</scale>
                    <heading>0</heading>
                    <Icon id="2472">
                        <href>http://maps.google.com/mapfiles/kml/pushpin/ylw-pushpin.png</href>
                    </Icon>
                </IconStyle>
            </Style>
            <Style id="2475">
                <IconStyle id="2476">
                    <color>ff800080</color>
                    <colorMode>normal</colorMode>
                    <scale>1</scale>
                    <heading>0</heading>
                    <Icon id="2477">
                        <href>http://maps.google.com/mapfiles/kml/pushpin/ylw-pushpin.png</href>
                    </Icon>
                </IconStyle>
            </Style>
            <Style id="2480">
                <IconStyle id="2481">
                    <color>ff800080</color>
                    <colorMode>normal</colorMode>
                    <scale>1</scale>
                    <heading>0</heading>
                    <Icon id="2482">
                        <href>http://maps.google.com/mapfiles/kml/pushpin/ylw-pushpin.png</href>
                    </Icon>
                </IconStyle>
            </Style>
            <Style id="2485">
                <IconStyle id="2486">
                    <color>ff800080</color>
                    <colorMode>normal</colorMode>
                    <scale>1</scale>
                    <heading>0</heading>
                    <Icon id="2487">
                        <href>http://maps.google.com/mapfiles/kml/pushpin/ylw-pushpin.png</href>
                    </Icon>
                </IconStyle>
            </Style>
            <Style id="2490">
                <IconStyle id="2491">
                    <color>ff800080</color>
                    <colorMode>normal</colorMode>
                    <scale>1</scale>
                    <heading>0</heading>
                    <Icon id="2492">
                        <href>http://maps.google.com/mapfiles/kml/pushpin/ylw-pushpin.png</href>
                    </Icon>
                </IconStyle>
            </Style>
            <Style id="2495">
                <IconStyle id="2496">
                    <color>ff800080</color>
                    <colorMode>normal</colorMode>
                    <scale>1</scale>
                    <heading>0</heading>
                    <Icon id="2497">
                        <href>http://maps.google.com/mapfiles/kml/pushpin/ylw-pushpin.png</href>
                    </Icon>
                </IconStyle>
            </Style>
            <Style id="2500">
                <IconStyle id="2501">
                    <color>ff800080</color>
                    <colorMode>normal</colorMode>
                    <scale>1</scale>
                    <heading>0</heading>
                    <Icon id="2502">
                        <href>http://maps.google.com/mapfiles/kml/pushpin/ylw-pushpin.png</href>
                    </Icon>
                </IconStyle>
            </Style>
            <Style id="2505">
                <IconStyle id="2506">
                    <color>ff800080</color>
                    <colorMode>normal</colorMode>
                    <scale>1</scale>
                    <heading>0</heading>
                    <Icon id="2507">
                        <href>http://maps.google.com/mapfiles/kml/pushpin/ylw-pushpin.png</href>
                    </Icon>
                </IconStyle>
            </Style>
            <Style id="2510">
                <IconStyle id="2511">
                    <color>ff800080</color>
                    <colorMode>normal</colorMode>
                    <scale>1</scale>
                    <heading>0</heading>
                    <Icon id="2512">
                        <href>http://maps.google.com/mapfiles/kml/pushpin/ylw-pushpin.png</href>
                    </Icon>
                </IconStyle>
            </Style>
            <Style id="2515">
                <IconStyle id="2516">
                    <color>ff800080</color>
                    <colorMode>normal</colorMode>
                    <scale>1</scale>
                    <heading>0</heading>
                    <Icon id="2517">
                        <href>http://maps.google.com/mapfiles/kml/pushpin/ylw-pushpin.png</href>
                    </Icon>
                </IconStyle>
            </Style>
            <Style id="2520">
                <IconStyle id="2521">
                    <color>ff800080</color>
                    <colorMode>normal</colorMode>
                    <scale>1</scale>
                    <heading>0</heading>
                    <Icon id="2522">
                        <href>http://maps.google.com/mapfiles/kml/pushpin/ylw-pushpin.png</href>
                    </Icon>
                </IconStyle>
            </Style>
            <Style id="2525">
                <IconStyle id="2526">
                    <color>ff800080</color>
                    <colorMode>normal</colorMode>
                    <scale>1</scale>
                    <heading>0</heading>
                    <Icon id="2527">
                        <href>http://maps.google.com/mapfiles/kml/pushpin/ylw-pushpin.png</href>
                    </Icon>
                </IconStyle>
            </Style>
            <Style id="2530">
                <IconStyle id="2531">
                    <color>ff800080</color>
                    <colorMode>normal</colorMode>
                    <scale>1</scale>
                    <heading>0</heading>
                    <Icon id="2532">
                        <href>http://maps.google.com/mapfiles/kml/pushpin/ylw-pushpin.png</href>
                    </Icon>
                </IconStyle>
            </Style>
            <Style id="2535">
                <IconStyle id="2536">
                    <color>ff800080</color>
                    <colorMode>normal</colorMode>
                    <scale>1</scale>
                    <heading>0</heading>
                    <Icon id="2537">
                        <href>http://maps.google.com/mapfiles/kml/pushpin/ylw-pushpin.png</href>
                    </Icon>
                </IconStyle>
            </Style>
            <Style id="2540">
                <IconStyle id="2541">
                    <color>ff800080</color>
                    <colorMode>normal</colorMode>
                    <scale>1</scale>
                    <heading>0</heading>
                    <Icon id="2542">
                        <href>http://maps.google.com/mapfiles/kml/pushpin/ylw-pushpin.png</href>
                    </Icon>
                </IconStyle>
            </Style>
            <Style id="2545">
                <IconStyle id="2546">
                    <color>ff800080</color>
                    <colorMode>normal</colorMode>
                    <scale>1</scale>
                    <heading>0</heading>
                    <Icon id="2547">
                        <href>http://maps.google.com/mapfiles/kml/pushpin/ylw-pushpin.png</href>
                    </Icon>
                </IconStyle>
            </Style>
            <Style id="2550">
                <IconStyle id="2551">
                    <color>ff800080</color>
                    <colorMode>normal</colorMode>
                    <scale>1</scale>
                    <heading>0</heading>
                    <Icon id="2552">
                        <href>http://maps.google.com/mapfiles/kml/pushpin/ylw-pushpin.png</href>
                    </Icon>
                </IconStyle>
            </Style>
            <Style id="2555">
                <IconStyle id="2556">
                    <color>ff800080</color>
                    <colorMode>normal</colorMode>
                    <scale>1</scale>
                    <heading>0</heading>
                    <Icon id="2557">
                        <href>http://maps.google.com/mapfiles/kml/pushpin/ylw-pushpin.png</href>
                    </Icon>
                </IconStyle>
            </Style>
            <Style id="2560">
                <IconStyle id="2561">
                    <color>ff800080</color>
                    <colorMode>normal</colorMode>
                    <scale>1</scale>
                    <heading>0</heading>
                    <Icon id="2562">
                        <href>http://maps.google.com/mapfiles/kml/pushpin/ylw-pushpin.png</href>
                    </Icon>
                </IconStyle>
            </Style>
            <Style id="2565">
                <IconStyle id="2566">
                    <color>ff800080</color>
                    <colorMode>normal</colorMode>
                    <scale>1</scale>
                    <heading>0</heading>
                    <Icon id="2567">
                        <href>http://maps.google.com/mapfiles/kml/pushpin/ylw-pushpin.png</href>
                    </Icon>
                </IconStyle>
            </Style>
            <Style id="2570">
                <IconStyle id="2571">
                    <color>ff800080</color>
                    <colorMode>normal</colorMode>
                    <scale>1</scale>
                    <heading>0</heading>
                    <Icon id="2572">
                        <href>http://maps.google.com/mapfiles/kml/pushpin/ylw-pushpin.png</href>
                    </Icon>
                </IconStyle>
            </Style>
            <Style id="2575">
                <IconStyle id="2576">
                    <color>ff800080</color>
                    <colorMode>normal</colorMode>
                    <scale>1</scale>
                    <heading>0</heading>
                    <Icon id="2577">
                        <href>http://maps.google.com/mapfiles/kml/pushpin/ylw-pushpin.png</href>
                    </Icon>
                </IconStyle>
            </Style>
            <Style id="2580">
                <IconStyle id="2581">
                    <color>ff800080</color>
                    <colorMode>normal</colorMode>
                    <scale>1</scale>
                    <heading>0</heading>
                    <Icon id="2582">
                        <href>http://maps.google.com/mapfiles/kml/pushpin/ylw-pushpin.png</href>
                    </Icon>
                </IconStyle>
            </Style>
            <Style id="2585">
                <IconStyle id="2586">
                    <color>ff800080</color>
                    <colorMode>normal</colorMode>
                    <scale>1</scale>
                    <heading>0</heading>
                    <Icon id="2587">
                        <href>http://maps.google.com/mapfiles/kml/pushpin/ylw-pushpin.png</href>
                    </Icon>
                </IconStyle>
            </Style>
            <Style id="2590">
                <IconStyle id="2591">
                    <color>ff800080</color>
                    <colorMode>normal</colorMode>
                    <scale>1</scale>
                    <heading>0</heading>
                    <Icon id="2592">
                        <href>http://maps.google.com/mapfiles/kml/pushpin/ylw-pushpin.png</href>
                    </Icon>
                </IconStyle>
            </Style>
            <Style id="2595">
                <IconStyle id="2596">
                    <color>ff800080</color>
                    <colorMode>normal</colorMode>
                    <scale>1</scale>
                    <heading>0</heading>
                    <Icon id="2597">
                        <href>http://maps.google.com/mapfiles/kml/pushpin/ylw-pushpin.png</href>
                    </Icon>
                </IconStyle>
            </Style>
            <Style id="2600">
                <IconStyle id="2601">
                    <color>ff800080</color>
                    <colorMode>normal</colorMode>
                    <scale>1</scale>
                    <heading>0</heading>
                    <Icon id="2602">
                        <href>http://maps.google.com/mapfiles/kml/pushpin/ylw-pushpin.png</href>
                    </Icon>
                </IconStyle>
            </Style>
            <Style id="2605">
                <IconStyle id="2606">
                    <color>ff800080</color>
                    <colorMode>normal</colorMode>
                    <scale>1</scale>
                    <heading>0</heading>
                    <Icon id="2607">
                        <href>http://maps.google.com/mapfiles/kml/pushpin/ylw-pushpin.png</href>
                    </Icon>
                </IconStyle>
            </Style>
            <Style id="2610">
                <IconStyle id="2611">
                    <color>ff800080</color>
                    <colorMode>normal</colorMode>
                    <scale>1</scale>
                    <heading>0</heading>
                    <Icon id="2612">
                        <href>http://maps.google.com/mapfiles/kml/pushpin/ylw-pushpin.png</href>
                    </Icon>
                </IconStyle>
            </Style>
            <Style id="2615">
                <IconStyle id="2616">
                    <color>ff800080</color>
                    <colorMode>normal</colorMode>
                    <scale>1</scale>
                    <heading>0</heading>
                    <Icon id="2617">
                        <href>http://maps.google.com/mapfiles/kml/pushpin/ylw-pushpin.png</href>
                    </Icon>
                </IconStyle>
            </Style>
            <Style id="2620">
                <IconStyle id="2621">
                    <color>ff800080</color>
                    <colorMode>normal</colorMode>
                    <scale>1</scale>
                    <heading>0</heading>
                    <Icon id="2622">
                        <href>http://maps.google.com/mapfiles/kml/pushpin/ylw-pushpin.png</href>
                    </Icon>
                </IconStyle>
            </Style>
            <Style id="2625">
                <IconStyle id="2626">
                    <color>ff800080</color>
                    <colorMode>normal</colorMode>
                    <scale>1</scale>
                    <heading>0</heading>
                    <Icon id="2627">
                        <href>http://maps.google.com/mapfiles/kml/pushpin/ylw-pushpin.png</href>
                    </Icon>
                </IconStyle>
            </Style>
            <name>MARTHA CAROLINA AVILA SOLANO</name>
            <Placemark id="2359">
                <name>PININA QUELIS RAMIREZ LOPEZ</name>
                <description>AA.HH RENACER EN CRISTO Mz B Lte 46 ( FRENTE ROSA DE GUADALUPE)
Veintiséis de Octubre
Piura
Piura
Perú</description>
                <styleUrl>#2360</styleUrl>
                <Point id="2358">
                    <coordinates>-80.6805455,-5.1934878,0.0</coordinates>
                </Point>
            </Placemark>
            <Placemark id="2364">
                <name>PININA QUELIS RAMIREZ LOPEZ</name>
                <description>AA.HH RENACER EN CRISTO Mz B Lte 46 ( FRENTE ROSA DE GUADALUPE)
Veintiséis de Octubre
Piura
Piura
Perú</description>
                <styleUrl>#2365</styleUrl>
                <Point id="2363">
                    <coordinates>-80.6805455,-5.1934878,0.0</coordinates>
                </Point>
            </Placemark>
            <Placemark id="2369">
                <name>LILIANA CHINININ CORTEZ</name>
                <description>MZ P 02 LT 20 ROSA DE GUADALUPE ALEDAÑOS KUR BERR
Veintiséis de Octubre
Veintiséis de Octubre
Piura
Perú</description>
                <styleUrl>#2370</styleUrl>
                <Point id="2368">
                    <coordinates>-80.6815848,-5.1899073,0.0</coordinates>
                </Point>
            </Placemark>
            <Placemark id="2374">
                <name>HAYDEE REYES RIVERA</name>
                <description>AH AMPLIACIÓN KURT BER MZ C'1 LOTE 44
Veintiséis de Octubre
Veintiséis de Octubre
Piura
Perú</description>
                <styleUrl>#2375</styleUrl>
                <Point id="2373">
                    <coordinates>-80.6820591,-5.1905156,0.0</coordinates>
                </Point>
            </Placemark>
            <Placemark id="2379">
                <name>PASCUALA YANAYACO GARCIA</name>
                <description>MZN.J6 LOTE 13 ASENTAMIENTO HUMANO NUEVA ESPERANZA
Veintiséis de Octubre
Veintiséis de Octubre
Piura
Perú</description>
                <styleUrl>#2380</styleUrl>
                <Point id="2378">
                    <coordinates>-80.6729732,-5.1879823,0.0</coordinates>
                </Point>
            </Placemark>
            <Placemark id="2384">
                <name>JUANA PAOLA TALLEDO CURO</name>
                <description>MZ C LOTE 7 AH VILLA LUNA
Veintiséis de Octubre
Veintiséis de Octubre
Piura
Perú</description>
                <styleUrl>#2385</styleUrl>
                <Point id="2383">
                    <coordinates>-80.6841724,-5.1916577,0.0</coordinates>
                </Point>
            </Placemark>
            <Placemark id="2389">
                <name>TEANNY LISBETH CALLE ALVARADO</name>
                <description>Mz K2 LTE 15
Veintiséis de Octubre
Veintiséis de Octubre
Piura
Perú</description>
                <styleUrl>#2390</styleUrl>
                <Point id="2388">
                    <coordinates>-80.6822329,-5.1883767,0.0</coordinates>
                </Point>
            </Placemark>
            <Placemark id="2394">
                <name>ARACELY MARTINEZ ARMIJOS</name>
                <description>Mz F LOTE 4 AA.HH LOS ARENALES
Veintiséis de Octubre
Veintiséis de Octubre
Piura
Perú</description>
                <styleUrl>#2395</styleUrl>
                <Point id="2393">
                    <coordinates>-80.6842792,-5.1876288,0.0</coordinates>
                </Point>
            </Placemark>
            <Placemark id="2399">
                <name>MARIA MORFILIA RONDOY AGUILAR</name>
                <description>Jesús de Naxaret mz B lot 20
Veintiséis de Octubre
Veintiséis de Octubre
Piura
Perú</description>
                <styleUrl>#2400</styleUrl>
                <Point id="2398">
                    <coordinates>-80.6837234,-5.1863711,0.0</coordinates>
                </Point>
            </Placemark>
            <Placemark id="2404">
                <name>DIANA ELIZABETH QUISPE GUERRERO</name>
                <description>B - 21 UPIS JESUS DE NAZARET
Veintiséis de Octubre
Veintiséis de Octubre
Piura
Perú</description>
                <styleUrl>#2405</styleUrl>
                <Point id="2403">
                    <coordinates>-80.6836118,-5.186446,0.0</coordinates>
                </Point>
            </Placemark>
            <Placemark id="2409">
                <name>MERINO REYES ENAVELISA MERCEDES</name>
                <description>JESUS NAZARET MZ B LT 1
Piura

Piura
Perú</description>
                <styleUrl>#2410</styleUrl>
                <Point id="2408">
                    <coordinates>-80.685055,-5.185708,0.0</coordinates>
                </Point>
            </Placemark>
            <Placemark id="2414">
                <name>BRENDA CECILIA FARFAN INGA</name>
                <description>Upis Jesús de Nazaret mz. B lot. 14
Veintiséis de Octubre
Veintiséis de Octubre
Piura
Perú</description>
                <styleUrl>#2415</styleUrl>
                <Point id="2413">
                    <coordinates>-80.6837511,-5.1864127,0.0</coordinates>
                </Point>
            </Placemark>
            <Placemark id="2419">
                <name>CONSTRUCTORA Y CONSULTORA DUBAYY INGENIEROS S.A.C.</name>
                <description>CONSTRUCTORA Y CONSULTORA DUBAYY INGENIEROS S.A.C.
AV. MIRAFLORES NRO. 410 URB.  EL PROGRESO SC. UNO
Veintiséis de Octubre
150106Veintiséis de Octubre
Piura
Perú</description>
                <styleUrl>#2420</styleUrl>
                <Point id="2418">
                    <coordinates>-80.6823877,-5.1861242,0.0</coordinates>
                </Point>
            </Placemark>
            <Placemark id="2424">
                <name>MAGALY CHANTA QUISPE</name>
                <description>Villa Perú Canadá. Ampliación Mz A lot 14
Veintiséis de Octubre
Veintiséis de Octubre
Piura
Perú</description>
                <styleUrl>#2425</styleUrl>
                <Point id="2423">
                    <coordinates>-80.6821841,-5.186733,0.0</coordinates>
                </Point>
            </Placemark>
            <Placemark id="2429">
                <name>ELVA PASAPERA GARCIA</name>
                <description>MZ G 01 LT 09 VILLA PERU CANADA SECTOR 1
Veintiséis de Octubre
Veintiséis de Octubre
Piura
Perú</description>
                <styleUrl>#2430</styleUrl>
                <Point id="2428">
                    <coordinates>-80.6819607,-5.186199,0.0</coordinates>
                </Point>
            </Placemark>
            <Placemark id="2434">
                <name>MARUJA CRIOLLO LLACSAHUANGA</name>
                <description>MZA K6 - 09 NVA ESPERANZA     
Veintiséis de Octubre
Piura
Piura
Perú</description>
                <styleUrl>#2435</styleUrl>
                <Point id="2433">
                    <coordinates>-80.673403,-5.1875831,0.0</coordinates>
                </Point>
            </Placemark>
            <Placemark id="2439">
                <name>DIANA ABAD JIMENEZ</name>
                <description>A.H.A.KURT BEER MZ.A LT.6     
Veintiséis de Octubre
Veintiséis de Octubre
Piura
Perú</description>
                <styleUrl>#2440</styleUrl>
                <Point id="2438">
                    <coordinates>-80.6803052,-5.1900142,0.0</coordinates>
                </Point>
            </Placemark>
            <Placemark id="2444">
                <name>MERCEDES AVILA CASTILLO</name>
                <description>O-18 AH ALEDAÑOS KURT BEER    
Veintiséis de Octubre
Piura
Piura
Perú</description>
                <styleUrl>#2445</styleUrl>
                <Point id="2443">
                    <coordinates>-80.680295,-5.191252,0.0</coordinates>
                </Point>
            </Placemark>
            <Placemark id="2449">
                <name>SANTIAGO CRUZ CALLE</name>
                <description>MZ B LT 4 AMPLIAC SAN ANTONIO 
Veintiséis de Octubre
Veintiséis de Octubre
Piura
Perú</description>
                <styleUrl>#2450</styleUrl>
                <Point id="2448">
                    <coordinates>-80.6816617,-5.194415,0.0</coordinates>
                </Point>
            </Placemark>
            <Placemark id="2454">
                <name>JANET PARDO RIVERA</name>
                <description>SAN ANTONIO MZ X 01 LOTE 26-Piura-Piura
Veintiséis de Octubre
Veintiséis de Octubre
Piura
Perú</description>
                <styleUrl>#2455</styleUrl>
                <Point id="2453">
                    <coordinates>-80.6816183,-5.1944017,0.0</coordinates>
                </Point>
            </Placemark>
            <Placemark id="2459">
                <name>VILMA CORREA MOROCHO</name>
                <description>M 1-31 UPIS SAN ANTONIO       
Veintiséis de Octubre
Veintiséis de Octubre
Piura
Perú</description>
                <styleUrl>#2460</styleUrl>
                <Point id="2458">
                    <coordinates>-80.6803714,-5.1933058,0.0</coordinates>
                </Point>
            </Placemark>
            <Placemark id="2464">
                <name>EULALIA CAMPOVERDE PEÑA</name>
                <description>MZ L1 L 46                    
Veintiséis de Octubre
Piura
Piura
Perú</description>
                <styleUrl>#2465</styleUrl>
                <Point id="2463">
                    <coordinates>-80.678259,-5.19322,0.0</coordinates>
                </Point>
            </Placemark>
            <Placemark id="2469">
                <name>OLGA COELLO NORIEGA</name>
                <description>MZ H LT 11 UPIS EL CONDADO 26 
Veintiséis de Octubre
Veintiséis de Octubre
Piura
Perú</description>
                <styleUrl>#2470</styleUrl>
                <Point id="2468">
                    <coordinates>-80.684376,-5.190964,0.0</coordinates>
                </Point>
            </Placemark>
            <Placemark id="2474">
                <name>MILAGROS MAGALY RUIZ NUÑEZ</name>
                <description>X 19 virgen Guadalupe
Veintiséis de Octubre
Piura
Piura
Perú</description>
                <styleUrl>#2475</styleUrl>
                <Point id="2473">
                    <coordinates>-80.6837784,-5.1916213,0.0</coordinates>
                </Point>
            </Placemark>
            <Placemark id="2479">
                <name>MARIA MAGDALENA AREVALO ANCAJIMA</name>
                <description>MZ I1-30 AH VILLA PERU CANADA 
Veintiséis de Octubre
Veintiséis de Octubre
Piura
Perú</description>
                <styleUrl>#2480</styleUrl>
                <Point id="2478">
                    <coordinates>-80.6813531,-5.1863583,0.0</coordinates>
                </Point>
            </Placemark>
            <Placemark id="2484">
                <name>MARINEYCI DEL PILAR ROSAS DOMADOR</name>
                <description>MZ H1-09 AH VILLA PERU CANADA 
Veintiséis de Octubre
Veintiséis de Octubre
Piura
Perú</description>
                <styleUrl>#2485</styleUrl>
                <Point id="2483">
                    <coordinates>-80.6815946,-5.1865449,0.0</coordinates>
                </Point>
            </Placemark>
            <Placemark id="2489">
                <name>ESTHER JIMENEZ JIMENEZ</name>
                <description>MZ S 2-30 AH ROSA DE GUADALUPE
Veintiséis de Octubre
Piura
Piura
Perú</description>
                <styleUrl>#2490</styleUrl>
                <Point id="2488">
                    <coordinates>-80.682421,-5.190504,0.0</coordinates>
                </Point>
            </Placemark>
            <Placemark id="2494">
                <name>EDITHA HUACCHILLO ROMERO</name>
                <description>MZ K1 LT 28 VILLA PERÚ-CANADA 
Veintiséis de Octubre
Piura
Piura
Perú</description>
                <styleUrl>#2495</styleUrl>
                <Point id="2493">
                    <coordinates>-80.680979,-5.1868383,0.0</coordinates>
                </Point>
            </Placemark>
            <Placemark id="2499">
                <name>JUANA ELIZABETH SANCHEZ SOSA</name>
                <description>MZ N1 LT 33                   
Veintiséis de Octubre
Veintiséis de Octubre
Piura
Perú</description>
                <styleUrl>#2500</styleUrl>
                <Point id="2498">
                    <coordinates>-80.682452,-5.188582,0.0</coordinates>
                </Point>
            </Placemark>
            <Placemark id="2504">
                <name>LORENZA CHINCHAY QUITO</name>
                <description>Rosa de Guadalupe N2 lot 15
Veintiséis de Octubre
Veintiséis de Octubre
Piura
Perú</description>
                <styleUrl>#2505</styleUrl>
                <Point id="2503">
                    <coordinates>-80.6824657,-5.1900128,0.0</coordinates>
                </Point>
            </Placemark>
            <Placemark id="2509">
                <name>LUSCANY SOTO PAUCAR</name>
                <description>LUSCANY SOTO PAUCAR
Mz C2 LT 16 AA.HH ROSA DE GUADALUPE
Veintiséis de Octubre
Piura
Piura
Perú</description>
                <styleUrl>#2510</styleUrl>
                <Point id="2508">
                    <coordinates>-80.683402,-5.1883964,0.0</coordinates>
                </Point>
            </Placemark>
            <Placemark id="2514">
                <name>MERY ROXANA CHAVEZ APONTE</name>
                <description>MZ K1-05 AH VILLA PERU CANADA 
Veintiséis de Octubre
Veintiséis de Octubre
Piura
Perú</description>
                <styleUrl>#2515</styleUrl>
                <Point id="2513">
                    <coordinates>-80.6807633,-5.1864633,0.0</coordinates>
                </Point>
            </Placemark>
            <Placemark id="2519">
                <name>JOSEFINA PURIZACA VEA DE AQUINO</name>
                <description>MZ H2 LOTE 7 AH VILLA PERU CANADA
Veintiséis de Octubre
Veintiséis de Octubre
Piura
Perú</description>
                <styleUrl>#2520</styleUrl>
                <Point id="2518">
                    <coordinates>-80.6782636,-5.188718,0.0</coordinates>
                </Point>
            </Placemark>
            <Placemark id="2524">
                <name>BLANCA MARITEL SOTO PAUCAR</name>
                <description>AH.VILLA PERU CANADA MZ.M2 LT.24 -
Veintiséis de Octubre
Veintiséis de Octubre
Piura
Perú</description>
                <styleUrl>#2525</styleUrl>
                <Point id="2523">
                    <coordinates>-80.6768767,-5.1897333,0.0</coordinates>
                </Point>
            </Placemark>
            <Placemark id="2529">
                <name>BERTHA SANCHEZ ALVAREZ</name>
                <description>A.H.PERU CANADA MZ.C 3 LT.1   
Veintiséis de Octubre

Piura
Perú</description>
                <styleUrl>#2530</styleUrl>
                <Point id="2528">
                    <coordinates>-80.6760402,-5.1904285,0.0</coordinates>
                </Point>
            </Placemark>
            <Placemark id="2534">
                <name>MAURO LLONTOP CUSTODIO</name>
                <description>J 3-2 AH VILLA PERU CANADA    
Veintiséis de Octubre
Veintiséis de Octubre
Piura
Perú</description>
                <styleUrl>#2535</styleUrl>
                <Point id="2533">
                    <coordinates>-80.6741382,-5.1911188,0.0</coordinates>
                </Point>
            </Placemark>
            <Placemark id="2539">
                <name>MAGDALENA JARAMILLO PAUCAR</name>
                <description>MZ J3 LT 08                   
Veintiséis de Octubre
Piura
Piura
Perú</description>
                <styleUrl>#2540</styleUrl>
                <Point id="2538">
                    <coordinates>-80.6738102,-5.1914963,0.0</coordinates>
                </Point>
            </Placemark>
            <Placemark id="2544">
                <name>ERIKA LIZET GALVEZ SOSA</name>
                <description>MZ E4 - 6 AH VILLA PERU CANADA
Veintiséis de Octubre
Veintiséis de Octubre
Piura
Perú</description>
                <styleUrl>#2545</styleUrl>
                <Point id="2543">
                    <coordinates>-80.682462,-5.191461,0.0</coordinates>
                </Point>
            </Placemark>
            <Placemark id="2549">
                <name>CHIRA SAAVEDRA OLDER JOEL</name>
                <description>CHIRA SAAVEDRA OLDER JOEL
AAHH NVA ESPERANZA MZ V8 LOTE 8
Veintiséis de Octubre
Piura
Piura
Perú</description>
                <styleUrl>#2550</styleUrl>
                <Point id="2548">
                    <coordinates>-80.671713,-5.1912904,0.0</coordinates>
                </Point>
            </Placemark>
            <Placemark id="2554">
                <name>SANDY CAROLINA COVEÑAS MORE</name>
                <description>Mz N8 LTE 22 AA.HH NUEVA ESPERANZA
Veintiséis de Octubre
Veintiséis de Octubre
Piura
Perú</description>
                <styleUrl>#2555</styleUrl>
                <Point id="2553">
                    <coordinates>-80.6726511,-5.1896157,0.0</coordinates>
                </Point>
            </Placemark>
            <Placemark id="2559">
                <name>MARIA ALBERTINA PINTA CHINCHAY</name>
                <description>Mz G7 LTE 28 AA.HH NUEVA ESPERANZA
Veintiséis de Octubre
Veintiséis de Octubre
Piura
Perú</description>
                <styleUrl>#2560</styleUrl>
                <Point id="2558">
                    <coordinates>-80.6779599,-5.1871721,0.0</coordinates>
                </Point>
            </Placemark>
            <Placemark id="2564">
                <name>ROMY PAOLA SANCHEZ GARCIA</name>
                <description>Mz C7 LT 12 AA.HH NUEVA ESPERANZA
Veintiséis de Octubre
Piura
Piura
Perú</description>
                <styleUrl>#2565</styleUrl>
                <Point id="2563">
                    <coordinates>-80.6772201,-5.1865226,0.0</coordinates>
                </Point>
            </Placemark>
            <Placemark id="2569">
                <name>ROCIO DEL PILAR MEZA CAMPOVERDE</name>
                <description>MZ. A7 LTE. 15 AA.HH NUEVA ESPERANZA
Veintiséis de Octubre
Veintiséis de Octubre
Piura
Perú</description>
                <styleUrl>#2570</styleUrl>
                <Point id="2568">
                    <coordinates>-80.6770126,-5.1860448,0.0</coordinates>
                </Point>
            </Placemark>
            <Placemark id="2574">
                <name>ANTONIO EDUARDO IPANAQUE VARILLAS</name>
                <description>MZ A7 LTE 13 AA.HH NUEVA ESPERANZA II ETAPA
Veintiséis de Octubre
Veintiséis de Octubre
Piura
Perú</description>
                <styleUrl>#2575</styleUrl>
                <Point id="2573">
                    <coordinates>-80.6770758,-5.1861043,0.0</coordinates>
                </Point>
            </Placemark>
            <Placemark id="2579">
                <name>ALBERCA CASTILLO JOSE</name>
                <description>MZ O6-12 N ESPERANZA          
Veintiséis de Octubre
Piura
Piura
Perú</description>
                <styleUrl>#2580</styleUrl>
                <Point id="2578">
                    <coordinates>-80.676599,-5.186816,0.0</coordinates>
                </Point>
            </Placemark>
            <Placemark id="2584">
                <name>RUFINO DE SAAVEDRA TEODOSIA</name>
                <description>A.H.NVA.ESPERANZA MZ.6 LT.20  
Veintiséis de Octubre
Piura
Piura
Perú</description>
                <styleUrl>#2585</styleUrl>
                <Point id="2583">
                    <coordinates>-80.676569,-5.186463,0.0</coordinates>
                </Point>
            </Placemark>
            <Placemark id="2589">
                <name>COELLO PARRILLA SEGUNDO VICTORINO</name>
                <description>COELLO PARRILLA SEGUNDO VICTORINO

Veintiséis de Octubre
Veintiséis de Octubre
Piura
Perú</description>
                <styleUrl>#2590</styleUrl>
                <Point id="2588">
                    <coordinates>-80.6745309,-5.1868735,0.0</coordinates>
                </Point>
            </Placemark>
            <Placemark id="2594">
                <name>GLADYS ARROYO DE NIÑO</name>
                <description>MZ L6 LT. 20  AA.HH NUEVA ESPERANZA
Veintiséis de Octubre
Piura
Piura
Perú</description>
                <styleUrl>#2595</styleUrl>
                <Point id="2593">
                    <coordinates>-80.6738907,-5.1869443,0.0</coordinates>
                </Point>
            </Placemark>
            <Placemark id="2599">
                <name>JULIA INGA RUIZ</name>
                <description>CA.S.ALLESIN MZ.R6 LT.11      
Veintiséis de Octubre
Piura
Piura
Perú</description>
                <styleUrl>#2600</styleUrl>
                <Point id="2598">
                    <coordinates>-80.673979,-5.187519,0.0</coordinates>
                </Point>
            </Placemark>
            <Placemark id="2604">
                <name>LOIDY ANAIS CHINCHAY ABAD</name>
                <description>Av. JUAN VELASCO ALVARADO MZ H8 LTE 6 AA.HH NUEVA ESPERANZA
Veintiséis de Octubre
Veintiséis de Octubre
Piura
Perú</description>
                <styleUrl>#2605</styleUrl>
                <Point id="2603">
                    <coordinates>-80.6736739,-5.1886175,0.0</coordinates>
                </Point>
            </Placemark>
            <Placemark id="2609">
                <name>SILUPU LADINES KATHERYN DEL ROSARIO</name>
                <description>Nueva Esperanza sector 4 mz B4 lot 19
Veintiséis de Octubre
Veintiséis de Octubre
Piura
Perú</description>
                <styleUrl>#2610</styleUrl>
                <Point id="2608">
                    <coordinates>-80.6682858,-5.1899617,0.0</coordinates>
                </Point>
            </Placemark>
            <Placemark id="2614">
                <name>ROSA AMELIA SARANGO DE PALACIOS</name>
                <description>MZ I4 LT 13 B NV.ESPERANZA    
Veintiséis de Octubre
Veintiséis de Octubre
Piura
Perú</description>
                <styleUrl>#2615</styleUrl>
                <Point id="2613">
                    <coordinates>-80.6683965,-5.1886832,0.0</coordinates>
                </Point>
            </Placemark>
            <Placemark id="2619">
                <name>PAULA YAGUANA DE FARFAN</name>
                <description>MZA F4 LT 01 NVA ESPERANZA    
Veintiséis de Octubre
Veintiséis de Octubre
Piura
Perú</description>
                <styleUrl>#2620</styleUrl>
                <Point id="2618">
                    <coordinates>-80.6686401,-5.1897551,0.0</coordinates>
                </Point>
            </Placemark>
            <Placemark id="2624">
                <name>WILMER ANTONIO NAVARRO SANTILLAN</name>
                <description>WILMER ANTONIO NAVARRO SANTILLAN
AAHH NVA ESPERANZA MZ A4 LOTE 5
Veintiséis de Octubre
Piura
Piura
Perú</description>
                <styleUrl>#2625</styleUrl>
                <Point id="2623">
                    <coordinates>-80.6670598,-5.1900342,0.0</coordinates>
                </Point>
            </Placemark>
        </Folder>
        <Folder id="2628">
            <Style id="2631">
                <IconStyle id="2632">
                    <color>ff00a5ff</color>
                    <colorMode>normal</colorMode>
                    <scale>1</scale>
                    <heading>0</heading>
                    <Icon id="2633">
                        <href>http://maps.google.com/mapfiles/kml/pushpin/ylw-pushpin.png</href>
                    </Icon>
                </IconStyle>
            </Style>
            <Style id="2636">
                <IconStyle id="2637">
                    <color>ff00a5ff</color>
                    <colorMode>normal</colorMode>
                    <scale>1</scale>
                    <heading>0</heading>
                    <Icon id="2638">
                        <href>http://maps.google.com/mapfiles/kml/pushpin/ylw-pushpin.png</href>
                    </Icon>
                </IconStyle>
            </Style>
            <Style id="2641">
                <IconStyle id="2642">
                    <color>ff00a5ff</color>
                    <colorMode>normal</colorMode>
                    <scale>1</scale>
                    <heading>0</heading>
                    <Icon id="2643">
                        <href>http://maps.google.com/mapfiles/kml/pushpin/ylw-pushpin.png</href>
                    </Icon>
                </IconStyle>
            </Style>
            <Style id="2646">
                <IconStyle id="2647">
                    <color>ff00a5ff</color>
                    <colorMode>normal</colorMode>
                    <scale>1</scale>
                    <heading>0</heading>
                    <Icon id="2648">
                        <href>http://maps.google.com/mapfiles/kml/pushpin/ylw-pushpin.png</href>
                    </Icon>
                </IconStyle>
            </Style>
            <Style id="2651">
                <IconStyle id="2652">
                    <color>ff00a5ff</color>
                    <colorMode>normal</colorMode>
                    <scale>1</scale>
                    <heading>0</heading>
                    <Icon id="2653">
                        <href>http://maps.google.com/mapfiles/kml/pushpin/ylw-pushpin.png</href>
                    </Icon>
                </IconStyle>
            </Style>
            <Style id="2656">
                <IconStyle id="2657">
                    <color>ff00a5ff</color>
                    <colorMode>normal</colorMode>
                    <scale>1</scale>
                    <heading>0</heading>
                    <Icon id="2658">
                        <href>http://maps.google.com/mapfiles/kml/pushpin/ylw-pushpin.png</href>
                    </Icon>
                </IconStyle>
            </Style>
            <Style id="2661">
                <IconStyle id="2662">
                    <color>ff00a5ff</color>
                    <colorMode>normal</colorMode>
                    <scale>1</scale>
                    <heading>0</heading>
                    <Icon id="2663">
                        <href>http://maps.google.com/mapfiles/kml/pushpin/ylw-pushpin.png</href>
                    </Icon>
                </IconStyle>
            </Style>
            <Style id="2666">
                <IconStyle id="2667">
                    <color>ff00a5ff</color>
                    <colorMode>normal</colorMode>
                    <scale>1</scale>
                    <heading>0</heading>
                    <Icon id="2668">
                        <href>http://maps.google.com/mapfiles/kml/pushpin/ylw-pushpin.png</href>
                    </Icon>
                </IconStyle>
            </Style>
            <Style id="2671">
                <IconStyle id="2672">
                    <color>ff00a5ff</color>
                    <colorMode>normal</colorMode>
                    <scale>1</scale>
                    <heading>0</heading>
                    <Icon id="2673">
                        <href>http://maps.google.com/mapfiles/kml/pushpin/ylw-pushpin.png</href>
                    </Icon>
                </IconStyle>
            </Style>
            <Style id="2676">
                <IconStyle id="2677">
                    <color>ff00a5ff</color>
                    <colorMode>normal</colorMode>
                    <scale>1</scale>
                    <heading>0</heading>
                    <Icon id="2678">
                        <href>http://maps.google.com/mapfiles/kml/pushpin/ylw-pushpin.png</href>
                    </Icon>
                </IconStyle>
            </Style>
            <Style id="2681">
                <IconStyle id="2682">
                    <color>ff00a5ff</color>
                    <colorMode>normal</colorMode>
                    <scale>1</scale>
                    <heading>0</heading>
                    <Icon id="2683">
                        <href>http://maps.google.com/mapfiles/kml/pushpin/ylw-pushpin.png</href>
                    </Icon>
                </IconStyle>
            </Style>
            <Style id="2686">
                <IconStyle id="2687">
                    <color>ff00a5ff</color>
                    <colorMode>normal</colorMode>
                    <scale>1</scale>
                    <heading>0</heading>
                    <Icon id="2688">
                        <href>http://maps.google.com/mapfiles/kml/pushpin/ylw-pushpin.png</href>
                    </Icon>
                </IconStyle>
            </Style>
            <Style id="2691">
                <IconStyle id="2692">
                    <color>ff00a5ff</color>
                    <colorMode>normal</colorMode>
                    <scale>1</scale>
                    <heading>0</heading>
                    <Icon id="2693">
                        <href>http://maps.google.com/mapfiles/kml/pushpin/ylw-pushpin.png</href>
                    </Icon>
                </IconStyle>
            </Style>
            <Style id="2696">
                <IconStyle id="2697">
                    <color>ff00a5ff</color>
                    <colorMode>normal</colorMode>
                    <scale>1</scale>
                    <heading>0</heading>
                    <Icon id="2698">
                        <href>http://maps.google.com/mapfiles/kml/pushpin/ylw-pushpin.png</href>
                    </Icon>
                </IconStyle>
            </Style>
            <Style id="2701">
                <IconStyle id="2702">
                    <color>ff00a5ff</color>
                    <colorMode>normal</colorMode>
                    <scale>1</scale>
                    <heading>0</heading>
                    <Icon id="2703">
                        <href>http://maps.google.com/mapfiles/kml/pushpin/ylw-pushpin.png</href>
                    </Icon>
                </IconStyle>
            </Style>
            <Style id="2706">
                <IconStyle id="2707">
                    <color>ff00a5ff</color>
                    <colorMode>normal</colorMode>
                    <scale>1</scale>
                    <heading>0</heading>
                    <Icon id="2708">
                        <href>http://maps.google.com/mapfiles/kml/pushpin/ylw-pushpin.png</href>
                    </Icon>
                </IconStyle>
            </Style>
            <Style id="2711">
                <IconStyle id="2712">
                    <color>ff00a5ff</color>
                    <colorMode>normal</colorMode>
                    <scale>1</scale>
                    <heading>0</heading>
                    <Icon id="2713">
                        <href>http://maps.google.com/mapfiles/kml/pushpin/ylw-pushpin.png</href>
                    </Icon>
                </IconStyle>
            </Style>
            <Style id="2716">
                <IconStyle id="2717">
                    <color>ff00a5ff</color>
                    <colorMode>normal</colorMode>
                    <scale>1</scale>
                    <heading>0</heading>
                    <Icon id="2718">
                        <href>http://maps.google.com/mapfiles/kml/pushpin/ylw-pushpin.png</href>
                    </Icon>
                </IconStyle>
            </Style>
            <Style id="2721">
                <IconStyle id="2722">
                    <color>ff00a5ff</color>
                    <colorMode>normal</colorMode>
                    <scale>1</scale>
                    <heading>0</heading>
                    <Icon id="2723">
                        <href>http://maps.google.com/mapfiles/kml/pushpin/ylw-pushpin.png</href>
                    </Icon>
                </IconStyle>
            </Style>
            <Style id="2726">
                <IconStyle id="2727">
                    <color>ff00a5ff</color>
                    <colorMode>normal</colorMode>
                    <scale>1</scale>
                    <heading>0</heading>
                    <Icon id="2728">
                        <href>http://maps.google.com/mapfiles/kml/pushpin/ylw-pushpin.png</href>
                    </Icon>
                </IconStyle>
            </Style>
            <Style id="2731">
                <IconStyle id="2732">
                    <color>ff00a5ff</color>
                    <colorMode>normal</colorMode>
                    <scale>1</scale>
                    <heading>0</heading>
                    <Icon id="2733">
                        <href>http://maps.google.com/mapfiles/kml/pushpin/ylw-pushpin.png</href>
                    </Icon>
                </IconStyle>
            </Style>
            <Style id="2736">
                <IconStyle id="2737">
                    <color>ff00a5ff</color>
                    <colorMode>normal</colorMode>
                    <scale>1</scale>
                    <heading>0</heading>
                    <Icon id="2738">
                        <href>http://maps.google.com/mapfiles/kml/pushpin/ylw-pushpin.png</href>
                    </Icon>
                </IconStyle>
            </Style>
            <Style id="2741">
                <IconStyle id="2742">
                    <color>ff00a5ff</color>
                    <colorMode>normal</colorMode>
                    <scale>1</scale>
                    <heading>0</heading>
                    <Icon id="2743">
                        <href>http://maps.google.com/mapfiles/kml/pushpin/ylw-pushpin.png</href>
                    </Icon>
                </IconStyle>
            </Style>
            <Style id="2746">
                <IconStyle id="2747">
                    <color>ff00a5ff</color>
                    <colorMode>normal</colorMode>
                    <scale>1</scale>
                    <heading>0</heading>
                    <Icon id="2748">
                        <href>http://maps.google.com/mapfiles/kml/pushpin/ylw-pushpin.png</href>
                    </Icon>
                </IconStyle>
            </Style>
            <Style id="2751">
                <IconStyle id="2752">
                    <color>ff00a5ff</color>
                    <colorMode>normal</colorMode>
                    <scale>1</scale>
                    <heading>0</heading>
                    <Icon id="2753">
                        <href>http://maps.google.com/mapfiles/kml/pushpin/ylw-pushpin.png</href>
                    </Icon>
                </IconStyle>
            </Style>
            <Style id="2756">
                <IconStyle id="2757">
                    <color>ff00a5ff</color>
                    <colorMode>normal</colorMode>
                    <scale>1</scale>
                    <heading>0</heading>
                    <Icon id="2758">
                        <href>http://maps.google.com/mapfiles/kml/pushpin/ylw-pushpin.png</href>
                    </Icon>
                </IconStyle>
            </Style>
            <Style id="2761">
                <IconStyle id="2762">
                    <color>ff00a5ff</color>
                    <colorMode>normal</colorMode>
                    <scale>1</scale>
                    <heading>0</heading>
                    <Icon id="2763">
                        <href>http://maps.google.com/mapfiles/kml/pushpin/ylw-pushpin.png</href>
                    </Icon>
                </IconStyle>
            </Style>
            <Style id="2766">
                <IconStyle id="2767">
                    <color>ff00a5ff</color>
                    <colorMode>normal</colorMode>
                    <scale>1</scale>
                    <heading>0</heading>
                    <Icon id="2768">
                        <href>http://maps.google.com/mapfiles/kml/pushpin/ylw-pushpin.png</href>
                    </Icon>
                </IconStyle>
            </Style>
            <Style id="2771">
                <IconStyle id="2772">
                    <color>ff00a5ff</color>
                    <colorMode>normal</colorMode>
                    <scale>1</scale>
                    <heading>0</heading>
                    <Icon id="2773">
                        <href>http://maps.google.com/mapfiles/kml/pushpin/ylw-pushpin.png</href>
                    </Icon>
                </IconStyle>
            </Style>
            <Style id="2776">
                <IconStyle id="2777">
                    <color>ff00a5ff</color>
                    <colorMode>normal</colorMode>
                    <scale>1</scale>
                    <heading>0</heading>
                    <Icon id="2778">
                        <href>http://maps.google.com/mapfiles/kml/pushpin/ylw-pushpin.png</href>
                    </Icon>
                </IconStyle>
            </Style>
            <Style id="2781">
                <IconStyle id="2782">
                    <color>ff00a5ff</color>
                    <colorMode>normal</colorMode>
                    <scale>1</scale>
                    <heading>0</heading>
                    <Icon id="2783">
                        <href>http://maps.google.com/mapfiles/kml/pushpin/ylw-pushpin.png</href>
                    </Icon>
                </IconStyle>
            </Style>
            <Style id="2786">
                <IconStyle id="2787">
                    <color>ff00a5ff</color>
                    <colorMode>normal</colorMode>
                    <scale>1</scale>
                    <heading>0</heading>
                    <Icon id="2788">
                        <href>http://maps.google.com/mapfiles/kml/pushpin/ylw-pushpin.png</href>
                    </Icon>
                </IconStyle>
            </Style>
            <Style id="2791">
                <IconStyle id="2792">
                    <color>ff00a5ff</color>
                    <colorMode>normal</colorMode>
                    <scale>1</scale>
                    <heading>0</heading>
                    <Icon id="2793">
                        <href>http://maps.google.com/mapfiles/kml/pushpin/ylw-pushpin.png</href>
                    </Icon>
                </IconStyle>
            </Style>
            <Style id="2796">
                <IconStyle id="2797">
                    <color>ff00a5ff</color>
                    <colorMode>normal</colorMode>
                    <scale>1</scale>
                    <heading>0</heading>
                    <Icon id="2798">
                        <href>http://maps.google.com/mapfiles/kml/pushpin/ylw-pushpin.png</href>
                    </Icon>
                </IconStyle>
            </Style>
            <Style id="2801">
                <IconStyle id="2802">
                    <color>ff00a5ff</color>
                    <colorMode>normal</colorMode>
                    <scale>1</scale>
                    <heading>0</heading>
                    <Icon id="2803">
                        <href>http://maps.google.com/mapfiles/kml/pushpin/ylw-pushpin.png</href>
                    </Icon>
                </IconStyle>
            </Style>
            <Style id="2806">
                <IconStyle id="2807">
                    <color>ff00a5ff</color>
                    <colorMode>normal</colorMode>
                    <scale>1</scale>
                    <heading>0</heading>
                    <Icon id="2808">
                        <href>http://maps.google.com/mapfiles/kml/pushpin/ylw-pushpin.png</href>
                    </Icon>
                </IconStyle>
            </Style>
            <Style id="2811">
                <IconStyle id="2812">
                    <color>ff00a5ff</color>
                    <colorMode>normal</colorMode>
                    <scale>1</scale>
                    <heading>0</heading>
                    <Icon id="2813">
                        <href>http://maps.google.com/mapfiles/kml/pushpin/ylw-pushpin.png</href>
                    </Icon>
                </IconStyle>
            </Style>
            <Style id="2816">
                <IconStyle id="2817">
                    <color>ff00a5ff</color>
                    <colorMode>normal</colorMode>
                    <scale>1</scale>
                    <heading>0</heading>
                    <Icon id="2818">
                        <href>http://maps.google.com/mapfiles/kml/pushpin/ylw-pushpin.png</href>
                    </Icon>
                </IconStyle>
            </Style>
            <Style id="2821">
                <IconStyle id="2822">
                    <color>ff00a5ff</color>
                    <colorMode>normal</colorMode>
                    <scale>1</scale>
                    <heading>0</heading>
                    <Icon id="2823">
                        <href>http://maps.google.com/mapfiles/kml/pushpin/ylw-pushpin.png</href>
                    </Icon>
                </IconStyle>
            </Style>
            <Style id="2826">
                <IconStyle id="2827">
                    <color>ff00a5ff</color>
                    <colorMode>normal</colorMode>
                    <scale>1</scale>
                    <heading>0</heading>
                    <Icon id="2828">
                        <href>http://maps.google.com/mapfiles/kml/pushpin/ylw-pushpin.png</href>
                    </Icon>
                </IconStyle>
            </Style>
            <name>MARY JISSA DEL PILAR PALACIOS ZAPATA</name>
            <Placemark id="2630">
                <name>INVERSIONES AJ PIERO E.I.R.L</name>
                <description>CAL.LOS DIAMANTES MZA. A LOTE. 02 A.H. 24 DE JULIO RF.UNA CUADRA ANTES DEL RST LOS DIAMANTES
Puyango
240104
Tumbes
Perú</description>
                <styleUrl>#2631</styleUrl>
                <Point id="2629">
                    <coordinates>-80.4253253,-3.5596773,0.0</coordinates>
                </Point>
            </Placemark>
            <Placemark id="2635">
                <name>CARMEN GLADYS ESPINOZA CALDERON</name>
                <description>Av ciudadela de Noé 4 está
Tumbes
Tumbes
Tumbes
Perú</description>
                <styleUrl>#2636</styleUrl>
                <Point id="2634">
                    <coordinates>-80.4174509,-3.575981,0.0</coordinates>
                </Point>
            </Placemark>
            <Placemark id="2640">
                <name>VICENTE OLIVA JUAREZ</name>
                <description>Elías Aguirre Miguel Grau C 27 frente Demi
Puyango


Perú</description>
                <styleUrl>#2641</styleUrl>
                <Point id="2639">
                    <coordinates>-80.4262144,-3.5540967,0.0</coordinates>
                </Point>
            </Placemark>
            <Placemark id="2645">
                <name>LORENZO DOMINGUEZ ADANAQUE</name>
                <description>Las lomas
Puyango

Tumbes
Perú</description>
                <styleUrl>#2646</styleUrl>
                <Point id="2644">
                    <coordinates>-80.4171715,-3.5664226,0.0</coordinates>
                </Point>
            </Placemark>
            <Placemark id="2650">
                <name>DOMINGUEZ CORDOVA FELICIANO</name>
                <description>Calle libertad ahh el roble MZ t lt 22 Ref a espaldas del globo
Tumbes

Tumbes
Perú</description>
                <styleUrl>#2651</styleUrl>
                <Point id="2649">
                    <coordinates>-80.424504,-3.563682,0.0</coordinates>
                </Point>
            </Placemark>
            <Placemark id="2655">
                <name>ALCIRA ATOCHE VALLADOLID</name>
                <description>Calla Elias Aguirre mz C lote 24 - puyango espaldas de cenati
Tumbes
Tumbes
Tumbes
Perú</description>
                <styleUrl>#2656</styleUrl>
                <Point id="2654">
                    <coordinates>-80.4261298,-3.5540714,0.0</coordinates>
                </Point>
            </Placemark>
            <Placemark id="2660">
                <name>FRANCISCA ODAR CHUNGA</name>
                <description>Calle Piura Mz G Lt 1  AAHH 24 De Julio   puyango
Tumbes
24520Tumbes
Tumbes
Perú</description>
                <styleUrl>#2661</styleUrl>
                <Point id="2659">
                    <coordinates>-80.424381,-3.5581476,0.0</coordinates>
                </Point>
            </Placemark>
            <Placemark id="2665">
                <name>ELIZABETH CORDOVA LOPEZ</name>
                <description>CALLE LAS DALIAS CIUDADELA DE NOE 4TA
Puyango
Tumbes
Tumbes
Perú</description>
                <styleUrl>#2666</styleUrl>
                <Point id="2664">
                    <coordinates>-80.4156686,-3.5740315,0.0</coordinates>
                </Point>
            </Placemark>
            <Placemark id="2670">
                <name>LUIS ALBERTO SALDARRIAGA CASTRO</name>
                <description>Calle las artes Mz A lote 9 Rf frutería alfrente motors bajaj
Tumbes
Tumbes
Tumbes
Perú</description>
                <styleUrl>#2671</styleUrl>
                <Point id="2669">
                    <coordinates>-80.4212307,-3.5666056,0.0</coordinates>
                </Point>
            </Placemark>
            <Placemark id="2675">
                <name>BRENDA YULIANA CASTRO GHIUT</name>
                <description>Los manglares MZ E LOTE 9
Puyango

Tumbes
Perú</description>
                <styleUrl>#2676</styleUrl>
                <Point id="2674">
                    <coordinates>-80.4189632,-3.5671838,0.0</coordinates>
                </Point>
            </Placemark>
            <Placemark id="2680">
                <name>LUZ MAGALY LLACSAHUACHE CASTILLO</name>
                <description>Los manglares MZ D LT 10 - Puyango
Puyango
Tumbes
Tumbes
Perú</description>
                <styleUrl>#2681</styleUrl>
                <Point id="2679">
                    <coordinates>-80.4188753,-3.5675602,0.0</coordinates>
                </Point>
            </Placemark>
            <Placemark id="2685">
                <name>Elizabeth Panta Benites</name>
                <description>Calle santo domingo Ref frente al canal
Tumbes
Tumbes
Tumbes
Perú</description>
                <styleUrl>#2686</styleUrl>
                <Point id="2684">
                    <coordinates>-80.4181624,-3.5691308,0.0</coordinates>
                </Point>
            </Placemark>
            <Placemark id="2690">
                <name>YESENIA MILAGROS OYOLA VILELA</name>
                <description>Calle magisterial santo domingo
Puyango
24520Tumbes
Tumbes
Perú</description>
                <styleUrl>#2691</styleUrl>
                <Point id="2689">
                    <coordinates>-80.4198877,-3.5684629,0.0</coordinates>
                </Point>
            </Placemark>
            <Placemark id="2695">
                <name>INGRI BRILLY MORANTE CESPEDES</name>
                <description>Santo domingo Ref atrás carpintería los Cordova - Puyango
Tumbes
Tumbes
Tumbes
Perú</description>
                <styleUrl>#2696</styleUrl>
                <Point id="2694">
                    <coordinates>-80.4203328,-3.5694063,0.0</coordinates>
                </Point>
            </Placemark>
            <Placemark id="2700">
                <name>MARLENY QUISPE HERNÁNDEZ</name>
                <description>Villa universitaria Mz G lote 10 ciudadela de Noe  puyango Tumbes
Puyango
Tumbes
Tumbes
Perú</description>
                <styleUrl>#2701</styleUrl>
                <Point id="2699">
                    <coordinates>-80.4217424,-3.5696997,0.0</coordinates>
                </Point>
            </Placemark>
            <Placemark id="2705">
                <name>MERCY SANJINEZ CAMPAÑA</name>
                <description>urbanización José lishner Tudela Mz V lote 13 - referencia pista de patinaje 
Puyango
24520Tumbes
Tumbes
Perú</description>
                <styleUrl>#2706</styleUrl>
                <Point id="2704">
                    <coordinates>-80.4238616,-3.5687604,0.0</coordinates>
                </Point>
            </Placemark>
            <Placemark id="2710">
                <name>AURELIA CARRASCO PARDO</name>
                <description>AURELIA CARRASCO PARDO
Calle Sarita Colonia # 7 REF atrás del colegio los avalos Bustamante
Puyango
Tumbes
Tumbes
Perú</description>
                <styleUrl>#2711</styleUrl>
                <Point id="2709">
                    <coordinates>-80.4234651,-3.563591,0.0</coordinates>
                </Point>
            </Placemark>
            <Placemark id="2715">
                <name>BERTHA LUCRECIA SALINAS GARCIA</name>
                <description>Ciudadela de Noe 4ta etapa MZ C LT 20
Tumbes
Tumbes
Tumbes
Perú</description>
                <styleUrl>#2716</styleUrl>
                <Point id="2714">
                    <coordinates>-80.4165971,-3.5761279,0.0</coordinates>
                </Point>
            </Placemark>
            <Placemark id="2720">
                <name>MARIA ERLA ZARATE QUINTANA</name>
                <description>Calle los diamantes Mz F Lt 19  Urb José Lishner Tudela
Puyango
24520Tumbes
Tumbes
Perú</description>
                <styleUrl>#2721</styleUrl>
                <Point id="2719">
                    <coordinates>-80.424487,-3.562977,0.0</coordinates>
                </Point>
            </Placemark>
            <Placemark id="2725">
                <name>INVERSIONES AJ PIERO E.I.R.L</name>
                <description>CAL.LOS DIAMANTES MZA. A LOTE. 02 A.H. 24 DE JULIO RF.UNA CUADRA ANTES DEL RST LOS DIAMANTES
Puyango
240104
Tumbes
Perú</description>
                <styleUrl>#2726</styleUrl>
                <Point id="2724">
                    <coordinates>-80.4253253,-3.5596773,0.0</coordinates>
                </Point>
            </Placemark>
            <Placemark id="2730">
                <name>CLARA PATRICIA LUNA OLIVARES</name>
                <description>Calle ayacucho antes del minimarket de piero


Tumbes
Perú</description>
                <styleUrl>#2731</styleUrl>
                <Point id="2729">
                    <coordinates>-80.4249876,-3.560273,0.0</coordinates>
                </Point>
            </Placemark>
            <Placemark id="2735">
                <name>EDITA GUERRERO COELLO</name>
                <description>Los cedros MZ h Lote 21 Rf al costado del colegio Perú Canadá
Puyango
Tumbes
Tumbes
Perú</description>
                <styleUrl>#2736</styleUrl>
                <Point id="2734">
                    <coordinates>-80.4232697,-3.5617383,0.0</coordinates>
                </Point>
            </Placemark>
            <Placemark id="2740">
                <name>DOMINGA GARCIA CRUZ</name>
                <description>Calle inmaculada concepción REF atrás del salud mental
Puyango

Tumbes
Perú</description>
                <styleUrl>#2741</styleUrl>
                <Point id="2739">
                    <coordinates>-80.42065,-3.5609264,0.0</coordinates>
                </Point>
            </Placemark>
            <Placemark id="2745">
                <name>ELIDA LOPEZ PEÑA</name>
                <description>Calle Sarita colonia - virgen del cisne - puyango MZ V lote 03


Tumbes
Perú</description>
                <styleUrl>#2746</styleUrl>
                <Point id="2744">
                    <coordinates>-80.4186099,-3.559044,0.0</coordinates>
                </Point>
            </Placemark>
            <Placemark id="2750">
                <name>FELICITA GUERRERO ROMAN</name>
                <description>Virgen del cisne MZ a prima calle virgen del Fátima ref costado de restaurante rico tumbes
Puyango

Tumbes
Perú</description>
                <styleUrl>#2751</styleUrl>
                <Point id="2749">
                    <coordinates>-80.4196215,-3.5589123,0.0</coordinates>
                </Point>
            </Placemark>
            <Placemark id="2755">
                <name>ROSITA ENELIDA MONDRAGON CORDOVA</name>
                <description>Av virgen del cisne
Puyango
Tumbes
Tumbes
Perú</description>
                <styleUrl>#2756</styleUrl>
                <Point id="2754">
                    <coordinates>-80.4164536,-3.5596628,0.0</coordinates>
                </Point>
            </Placemark>
            <Placemark id="2760">
                <name>GARCIA JIMENEZ LEIDA</name>
                <description>1°DE FEBRERO STA MARTA MZ Ñ-24 REF.COSTADO DE LOS PORTALES
Puyango

Tumbes
Perú</description>
                <styleUrl>#2761</styleUrl>
                <Point id="2759">
                    <coordinates>-80.4166683,-3.5628315,0.0</coordinates>
                </Point>
            </Placemark>
            <Placemark id="2765">
                <name>MARIA DEL PILAR NONAJULCA LALANGUI</name>
                <description>Las Lomas  _ Ref cerca al canal
Tumbes
Tumbes
Tumbes
Perú</description>
                <styleUrl>#2766</styleUrl>
                <Point id="2764">
                    <coordinates>-80.4137641,-3.5800658,0.0</coordinates>
                </Point>
            </Placemark>
            <Placemark id="2770">
                <name>CLORINDA FLORES CORREA DE JICARO</name>
                <description>Ampliación virgen del cisne C 4
Puyango

Tumbes
Perú</description>
                <styleUrl>#2771</styleUrl>
                <Point id="2769">
                    <coordinates>-80.4159743,-3.56199,0.0</coordinates>
                </Point>
            </Placemark>
            <Placemark id="2775">
                <name>NELIDA YANAYACO JULCA</name>
                <description>AA HH, Belaúnde Terry Rf de la tienda fidelina dos cuadras ala derecha. Andres Araujo - Puyango
Puyango
Tumbes
Tumbes
Perú</description>
                <styleUrl>#2776</styleUrl>
                <Point id="2774">
                    <coordinates>-80.4166179,-3.5592598,0.0</coordinates>
                </Point>
            </Placemark>
            <Placemark id="2780">
                <name>LUZ MILAGROS VELASQUEZ NECIOSUP</name>
                <description>1ra de febrero MZ R LT 12. Andres Araujo - Puyango
Puyango
Tumbes
Tumbes
Perú</description>
                <styleUrl>#2781</styleUrl>
                <Point id="2779">
                    <coordinates>-80.4173183,-3.5608705,0.0</coordinates>
                </Point>
            </Placemark>
            <Placemark id="2785">
                <name>CINTHIA PATRICIA INFANTE CARLIN</name>
                <description>Calle santa Rosa Mz v lote 25. Virgen del cisne
Puyango
Tumbes
Tumbes
Perú</description>
                <styleUrl>#2786</styleUrl>
                <Point id="2784">
                    <coordinates>-80.4183315,-3.5634931,0.0</coordinates>
                </Point>
            </Placemark>
            <Placemark id="2790">
                <name>ALFONSO MERINO YAHUANA</name>
                <description>Las letras MZ C 1LT 3
Tumbes
Tumbes
Tumbes
Perú</description>
                <styleUrl>#2791</styleUrl>
                <Point id="2789">
                    <coordinates>-80.4197405,-3.5631534,0.0</coordinates>
                </Point>
            </Placemark>
            <Placemark id="2795">
                <name>ASDRUBAL RUEDA JULCA</name>
                <description>ASENT. H. LOS ANGELES MZ X` LT 14 Ref cerca al paraíso escondido
Puyango
Tumbes
Tumbes
Perú</description>
                <styleUrl>#2796</styleUrl>
                <Point id="2794">
                    <coordinates>-80.4203953,-3.563021,0.0</coordinates>
                </Point>
            </Placemark>
            <Placemark id="2800">
                <name>WALTER GARCIA CORDOVA</name>
                <description>Av las letras MZ P LT 4 emisora los angeles
Puyango

Tumbes
Perú</description>
                <styleUrl>#2801</styleUrl>
                <Point id="2799">
                    <coordinates>-80.4217321,-3.5633097,0.0</coordinates>
                </Point>
            </Placemark>
            <Placemark id="2805">
                <name>ERMILA VELASCO CRUZ</name>
                <description>Calle las ciencias. Andres Araujo - Puyango los angeles
Puyango
Tumbes
Tumbes
Perú</description>
                <styleUrl>#2806</styleUrl>
                <Point id="2804">
                    <coordinates>-80.4215134,-3.5657807,0.0</coordinates>
                </Point>
            </Placemark>
            <Placemark id="2810">
                <name>BELQUI SOLANCI BRICENO VINCES</name>
                <description>Calle Juan Pablo  Mz K Lt 4 los angeles José Lishner Tudela
Tumbes
Tumbes
Tumbes
Perú</description>
                <styleUrl>#2811</styleUrl>
                <Point id="2809">
                    <coordinates>-80.4222672,-3.5650414,0.0</coordinates>
                </Point>
            </Placemark>
            <Placemark id="2815">
                <name>JHAIRA ELSA ORDINOLA ARCELA</name>
                <description>Av Fernando belaúnde Terry 107 - puyango referencia al frente de la ferretería aceros arequipe
Puyango

Tumbes
Perú</description>
                <styleUrl>#2816</styleUrl>
                <Point id="2814">
                    <coordinates>-80.4247264,-3.5666878,0.0</coordinates>
                </Point>
            </Placemark>
            <Placemark id="2820">
                <name>PEÑA CARRILLO EULOGIO</name>
                <description>PEÑA CARRILLO EULOGIO
URB Jose L. Tudela calle las artes MZ K LT 01ref a lado de more
Puyango
Tumbes
Tumbes
Perú</description>
                <styleUrl>#2821</styleUrl>
                <Point id="2819">
                    <coordinates>-80.4229527,-3.567111,0.0</coordinates>
                </Point>
            </Placemark>
            <Placemark id="2825">
                <name>CARMEN GLADYS ESPINOZA CALDERON</name>
                <description>Av ciudadela de Noé 4 está
Tumbes
Tumbes
Tumbes
Perú</description>
                <styleUrl>#2826</styleUrl>
                <Point id="2824">
                    <coordinates>-80.4174509,-3.575981,0.0</coordinates>
                </Point>
            </Placemark>
        </Folder>
        <Folder id="2829">
            <Style id="2832">
                <IconStyle id="2833">
                    <color>ff00ffff</color>
                    <colorMode>normal</colorMode>
                    <scale>1</scale>
                    <heading>0</heading>
                    <Icon id="2834">
                        <href>http://maps.google.com/mapfiles/kml/pushpin/ylw-pushpin.png</href>
                    </Icon>
                </IconStyle>
            </Style>
            <Style id="2837">
                <IconStyle id="2838">
                    <color>ff00ffff</color>
                    <colorMode>normal</colorMode>
                    <scale>1</scale>
                    <heading>0</heading>
                    <Icon id="2839">
                        <href>http://maps.google.com/mapfiles/kml/pushpin/ylw-pushpin.png</href>
                    </Icon>
                </IconStyle>
            </Style>
            <Style id="2842">
                <IconStyle id="2843">
                    <color>ff00ffff</color>
                    <colorMode>normal</colorMode>
                    <scale>1</scale>
                    <heading>0</heading>
                    <Icon id="2844">
                        <href>http://maps.google.com/mapfiles/kml/pushpin/ylw-pushpin.png</href>
                    </Icon>
                </IconStyle>
            </Style>
            <Style id="2847">
                <IconStyle id="2848">
                    <color>ff00ffff</color>
                    <colorMode>normal</colorMode>
                    <scale>1</scale>
                    <heading>0</heading>
                    <Icon id="2849">
                        <href>http://maps.google.com/mapfiles/kml/pushpin/ylw-pushpin.png</href>
                    </Icon>
                </IconStyle>
            </Style>
            <Style id="2852">
                <IconStyle id="2853">
                    <color>ff00ffff</color>
                    <colorMode>normal</colorMode>
                    <scale>1</scale>
                    <heading>0</heading>
                    <Icon id="2854">
                        <href>http://maps.google.com/mapfiles/kml/pushpin/ylw-pushpin.png</href>
                    </Icon>
                </IconStyle>
            </Style>
            <Style id="2857">
                <IconStyle id="2858">
                    <color>ff00ffff</color>
                    <colorMode>normal</colorMode>
                    <scale>1</scale>
                    <heading>0</heading>
                    <Icon id="2859">
                        <href>http://maps.google.com/mapfiles/kml/pushpin/ylw-pushpin.png</href>
                    </Icon>
                </IconStyle>
            </Style>
            <Style id="2862">
                <IconStyle id="2863">
                    <color>ff00ffff</color>
                    <colorMode>normal</colorMode>
                    <scale>1</scale>
                    <heading>0</heading>
                    <Icon id="2864">
                        <href>http://maps.google.com/mapfiles/kml/pushpin/ylw-pushpin.png</href>
                    </Icon>
                </IconStyle>
            </Style>
            <Style id="2867">
                <IconStyle id="2868">
                    <color>ff00ffff</color>
                    <colorMode>normal</colorMode>
                    <scale>1</scale>
                    <heading>0</heading>
                    <Icon id="2869">
                        <href>http://maps.google.com/mapfiles/kml/pushpin/ylw-pushpin.png</href>
                    </Icon>
                </IconStyle>
            </Style>
            <Style id="2872">
                <IconStyle id="2873">
                    <color>ff00ffff</color>
                    <colorMode>normal</colorMode>
                    <scale>1</scale>
                    <heading>0</heading>
                    <Icon id="2874">
                        <href>http://maps.google.com/mapfiles/kml/pushpin/ylw-pushpin.png</href>
                    </Icon>
                </IconStyle>
            </Style>
            <Style id="2877">
                <IconStyle id="2878">
                    <color>ff00ffff</color>
                    <colorMode>normal</colorMode>
                    <scale>1</scale>
                    <heading>0</heading>
                    <Icon id="2879">
                        <href>http://maps.google.com/mapfiles/kml/pushpin/ylw-pushpin.png</href>
                    </Icon>
                </IconStyle>
            </Style>
            <Style id="2882">
                <IconStyle id="2883">
                    <color>ff00ffff</color>
                    <colorMode>normal</colorMode>
                    <scale>1</scale>
                    <heading>0</heading>
                    <Icon id="2884">
                        <href>http://maps.google.com/mapfiles/kml/pushpin/ylw-pushpin.png</href>
                    </Icon>
                </IconStyle>
            </Style>
            <Style id="2887">
                <IconStyle id="2888">
                    <color>ff00ffff</color>
                    <colorMode>normal</colorMode>
                    <scale>1</scale>
                    <heading>0</heading>
                    <Icon id="2889">
                        <href>http://maps.google.com/mapfiles/kml/pushpin/ylw-pushpin.png</href>
                    </Icon>
                </IconStyle>
            </Style>
            <Style id="2892">
                <IconStyle id="2893">
                    <color>ff00ffff</color>
                    <colorMode>normal</colorMode>
                    <scale>1</scale>
                    <heading>0</heading>
                    <Icon id="2894">
                        <href>http://maps.google.com/mapfiles/kml/pushpin/ylw-pushpin.png</href>
                    </Icon>
                </IconStyle>
            </Style>
            <Style id="2897">
                <IconStyle id="2898">
                    <color>ff00ffff</color>
                    <colorMode>normal</colorMode>
                    <scale>1</scale>
                    <heading>0</heading>
                    <Icon id="2899">
                        <href>http://maps.google.com/mapfiles/kml/pushpin/ylw-pushpin.png</href>
                    </Icon>
                </IconStyle>
            </Style>
            <Style id="2902">
                <IconStyle id="2903">
                    <color>ff00ffff</color>
                    <colorMode>normal</colorMode>
                    <scale>1</scale>
                    <heading>0</heading>
                    <Icon id="2904">
                        <href>http://maps.google.com/mapfiles/kml/pushpin/ylw-pushpin.png</href>
                    </Icon>
                </IconStyle>
            </Style>
            <Style id="2907">
                <IconStyle id="2908">
                    <color>ff00ffff</color>
                    <colorMode>normal</colorMode>
                    <scale>1</scale>
                    <heading>0</heading>
                    <Icon id="2909">
                        <href>http://maps.google.com/mapfiles/kml/pushpin/ylw-pushpin.png</href>
                    </Icon>
                </IconStyle>
            </Style>
            <Style id="2912">
                <IconStyle id="2913">
                    <color>ff00ffff</color>
                    <colorMode>normal</colorMode>
                    <scale>1</scale>
                    <heading>0</heading>
                    <Icon id="2914">
                        <href>http://maps.google.com/mapfiles/kml/pushpin/ylw-pushpin.png</href>
                    </Icon>
                </IconStyle>
            </Style>
            <Style id="2917">
                <IconStyle id="2918">
                    <color>ff00ffff</color>
                    <colorMode>normal</colorMode>
                    <scale>1</scale>
                    <heading>0</heading>
                    <Icon id="2919">
                        <href>http://maps.google.com/mapfiles/kml/pushpin/ylw-pushpin.png</href>
                    </Icon>
                </IconStyle>
            </Style>
            <Style id="2922">
                <IconStyle id="2923">
                    <color>ff00ffff</color>
                    <colorMode>normal</colorMode>
                    <scale>1</scale>
                    <heading>0</heading>
                    <Icon id="2924">
                        <href>http://maps.google.com/mapfiles/kml/pushpin/ylw-pushpin.png</href>
                    </Icon>
                </IconStyle>
            </Style>
            <Style id="2927">
                <IconStyle id="2928">
                    <color>ff00ffff</color>
                    <colorMode>normal</colorMode>
                    <scale>1</scale>
                    <heading>0</heading>
                    <Icon id="2929">
                        <href>http://maps.google.com/mapfiles/kml/pushpin/ylw-pushpin.png</href>
                    </Icon>
                </IconStyle>
            </Style>
            <Style id="2932">
                <IconStyle id="2933">
                    <color>ff00ffff</color>
                    <colorMode>normal</colorMode>
                    <scale>1</scale>
                    <heading>0</heading>
                    <Icon id="2934">
                        <href>http://maps.google.com/mapfiles/kml/pushpin/ylw-pushpin.png</href>
                    </Icon>
                </IconStyle>
            </Style>
            <Style id="2937">
                <IconStyle id="2938">
                    <color>ff00ffff</color>
                    <colorMode>normal</colorMode>
                    <scale>1</scale>
                    <heading>0</heading>
                    <Icon id="2939">
                        <href>http://maps.google.com/mapfiles/kml/pushpin/ylw-pushpin.png</href>
                    </Icon>
                </IconStyle>
            </Style>
            <Style id="2942">
                <IconStyle id="2943">
                    <color>ff00ffff</color>
                    <colorMode>normal</colorMode>
                    <scale>1</scale>
                    <heading>0</heading>
                    <Icon id="2944">
                        <href>http://maps.google.com/mapfiles/kml/pushpin/ylw-pushpin.png</href>
                    </Icon>
                </IconStyle>
            </Style>
            <name>WILLIAN ALEJANDRO HERRERA MORAN</name>
            <Placemark id="2831">
                <name>CHOZO SANTIAGO MARGARITA E.</name>
                <description>CA.J.HERNANDEZ MZ.A LT.1B 45
Sullana
Sullana
Piura
Perú</description>
                <styleUrl>#2832</styleUrl>
                <Point id="2830">
                    <coordinates>-80.6815775,-4.8964689,0.0</coordinates>
                </Point>
            </Placemark>
            <Placemark id="2836">
                <name>SANTOS JESSICA CASTILLO CORREA</name>
                <description>AV. BUENOS AIRES CUADRA LT 2 MCDO.7
Sullana
Sullana
Piura
Perú</description>
                <styleUrl>#2837</styleUrl>
                <Point id="2835">
                    <coordinates>-80.6823289,-4.8947052,0.0</coordinates>
                </Point>
            </Placemark>
            <Placemark id="2841">
                <name>CHAMBA YANAYACO RUBEN YERSON</name>
                <description>CA.CINCO 130
Sullana
Sullana
Piura
Perú</description>
                <styleUrl>#2842</styleUrl>
                <Point id="2840">
                    <coordinates>-80.6823511,-4.8945964,0.0</coordinates>
                </Point>
            </Placemark>
            <Placemark id="2846">
                <name>CHAMBA YANAYACO RUBEN YERSON</name>
                <description>CA.CINCO 130
Sullana
Sullana
Piura
Perú</description>
                <styleUrl>#2847</styleUrl>
                <Point id="2845">
                    <coordinates>-80.6823511,-4.8945964,0.0</coordinates>
                </Point>
            </Placemark>
            <Placemark id="2851">
                <name>MIRTHA CRISANTO CORDOVA DE MORE</name>
                <description>MIRTHA CRISANTO CORDOVA DE MORE
PSTO 106 MCDO BUENOS AIRES
Sullana
Sullana
Piura
Perú</description>
                <styleUrl>#2852</styleUrl>
                <Point id="2850">
                    <coordinates>-80.6823474,-4.8933505,0.0</coordinates>
                </Point>
            </Placemark>
            <Placemark id="2856">
                <name>JUAREZ INFANTE KIARA</name>
                <description>Transv Huancabamba con calle Puno en la esquina bellavista
Sullana
Sullana
Piura
Perú</description>
                <styleUrl>#2857</styleUrl>
                <Point id="2855">
                    <coordinates>-80.6814579,-4.8907071,0.0</coordinates>
                </Point>
            </Placemark>
            <Placemark id="2861">
                <name>EVELYN CATHERINE SANCHEZ CALLE</name>
                <description>CA PUNO 256 POR LOZADA
Sullana
Sullana
Piura
Perú</description>
                <styleUrl>#2862</styleUrl>
                <Point id="2860">
                    <coordinates>-80.6815815,-4.8909533,0.0</coordinates>
                </Point>
            </Placemark>
            <Placemark id="2866">
                <name>JORGE LUIS JIMENEZ HIDALGO</name>
                <description>Bellavista 240 / al frente de la comisaria
Sullana
Sullana
Piura
Perú</description>
                <styleUrl>#2867</styleUrl>
                <Point id="2865">
                    <coordinates>-80.6817984,-4.8912993,0.0</coordinates>
                </Point>
            </Placemark>
            <Placemark id="2871">
                <name>DEDDVI TORRES CORDOVA</name>
                <description>NÂ°105 PLATAFOR. SECC FRUTAS (INT.M
Sullana
Sullana
Piura
Perú</description>
                <styleUrl>#2872</styleUrl>
                <Point id="2870">
                    <coordinates>-80.6823927,-4.8932649,0.0</coordinates>
                </Point>
            </Placemark>
            <Placemark id="2876">
                <name>WALT DIVERSERV E.I.R.L.</name>
                <description>WALT DIVERSERV E.I.R.L.
CAL.CINCO NRO. 120 OTR.  MERCADILLO DE SULLANA
Sullana
200601Sullana
Piura
Perú</description>
                <styleUrl>#2877</styleUrl>
                <Point id="2875">
                    <coordinates>-80.6824097,-4.8946666,0.0</coordinates>
                </Point>
            </Placemark>
            <Placemark id="2881">
                <name>RAUL EDUARDO PERICHE JUAREZ</name>
                <description>AV BS AIRES N 5 MDO SULLANA
Sullana
Sullana
Piura
Perú</description>
                <styleUrl>#2882</styleUrl>
                <Point id="2880">
                    <coordinates>-80.6823578,-4.8946917,0.0</coordinates>
                </Point>
            </Placemark>
            <Placemark id="2886">
                <name>MARIA ISABEL CASTILLO VALDEZ</name>
                <description>MARIA ISABEL CASTILLO VALDEZ
BUENOS AIRES CDRA.1 S/N MERCADO BEL
Sullana
Sullana
Piura
Perú</description>
                <styleUrl>#2887</styleUrl>
                <Point id="2885">
                    <coordinates>-80.6817587,-4.8951188,0.0</coordinates>
                </Point>
            </Placemark>
            <Placemark id="2891">
                <name>FIORELLA YACQUELINE VALDEZ PEÑA</name>
                <description>AV BUENOS AIRES MERCADO SULLANA
Sullana
Sullana
Piura
Perú</description>
                <styleUrl>#2892</styleUrl>
                <Point id="2890">
                    <coordinates>-80.6817839,-4.8961652,0.0</coordinates>
                </Point>
            </Placemark>
            <Placemark id="2896">
                <name>JOSE LUIS CAMPOS GONZALES</name>
                <description>Av buenos aires con Tarapacá (punta del mercadillo - al costado de Mass)
Sullana
Sullana
Piura
Perú</description>
                <styleUrl>#2897</styleUrl>
                <Point id="2895">
                    <coordinates>-80.6818367,-4.8969742,0.0</coordinates>
                </Point>
            </Placemark>
            <Placemark id="2901">
                <name>JUANA ROSA SILVA CALDERON</name>
                <description>EXTERIOR MERCADO PSTO 30 - SULLANA
Sullana
Sullana
Piura
Perú</description>
                <styleUrl>#2902</styleUrl>
                <Point id="2900">
                    <coordinates>-80.6875492,-4.8980489,0.0</coordinates>
                </Point>
            </Placemark>
            <Placemark id="2906">
                <name>RIOS CLAVIJO EDINSON WALTER</name>
                <description>CA.CARLOS LEIGH 523
Sullana
Sullana
Piura
Perú</description>
                <styleUrl>#2907</styleUrl>
                <Point id="2905">
                    <coordinates>-80.6883241,-4.8989235,0.0</coordinates>
                </Point>
            </Placemark>
            <Placemark id="2911">
                <name>STHEVEN ALBERTO YENQUE VIERA</name>
                <description>Calle 1 N°180
Sullana
Sullana
Piura
Perú</description>
                <styleUrl>#2912</styleUrl>
                <Point id="2910">
                    <coordinates>-80.6845696,-4.8946475,0.0</coordinates>
                </Point>
            </Placemark>
            <Placemark id="2916">
                <name>JORGE LUIS ZAPATA PALACIOS</name>
                <description>Calle Carlos leigh 494
Sullana
Sullana
Piura
Perú</description>
                <styleUrl>#2917</styleUrl>
                <Point id="2915">
                    <coordinates>-80.6880287,-4.8985348,0.0</coordinates>
                </Point>
            </Placemark>
            <Placemark id="2921">
                <name>MIGUEL CRUZ SUAREZ</name>
                <description>Calle Carlos light 516 barrio Leticia
Sullana
Sullana
Piura
Perú</description>
                <styleUrl>#2922</styleUrl>
                <Point id="2920">
                    <coordinates>-80.687362,-4.8978141,0.0</coordinates>
                </Point>
            </Placemark>
            <Placemark id="2926">
                <name>TC NEGOCIOS GENERALES E.I.R.L.</name>
                <description>TC NEGOCIOS GENERALES E.I.R.L.
NRO. 249 URB. SANTA ROSA
Sullana
200601
Piura
Perú</description>
                <styleUrl>#2927</styleUrl>
                <Point id="2925">
                    <coordinates>-80.687379,-4.897587,0.0</coordinates>
                </Point>
            </Placemark>
            <Placemark id="2931">
                <name>MIRIAM MAGDALENA ATO FLORES</name>
                <description>Mercado modelo tienda Vania
Sullana
Sullana
Piura
Perú</description>
                <styleUrl>#2932</styleUrl>
                <Point id="2930">
                    <coordinates>-80.6874441,-4.8980065,0.0</coordinates>
                </Point>
            </Placemark>
            <Placemark id="2936">
                <name>CHAMBA JARAMILLO DEYVI ALDAIR</name>
                <description>CHAMBA JARAMILLO DEYVI ALDAIR
Mercado modelo puesto B 11 (referencia atrás del puesto del señor René)
Sullana
Sullana
Piura
Perú</description>
                <styleUrl>#2937</styleUrl>
                <Point id="2935">
                    <coordinates>-80.6779375,-4.9004028,0.0</coordinates>
                </Point>
            </Placemark>
            <Placemark id="2941">
                <name>CESAR REYMUNDO PALACIOS ALBURQUEQUE</name>
                <description>CESAR REYMUNDO PALACIOS ALBURQUEQUE
MERCADO MODELO PSTO 456 SULLANA
Sullana
Sullana
Piura
Perú</description>
                <styleUrl>#2942</styleUrl>
                <Point id="2940">
                    <coordinates>-80.687638,-4.898251,0.0</coordinates>
                </Point>
            </Placemark>
        </Folder>
        <Folder id="2945">
            <Style id="2948">
                <IconStyle id="2949">
                    <color>ff0000ff</color>
                    <colorMode>normal</colorMode>
                    <scale>1</scale>
                    <heading>0</heading>
                    <Icon id="2950">
                        <href>http://maps.google.com/mapfiles/kml/pushpin/ylw-pushpin.png</href>
                    </Icon>
                </IconStyle>
            </Style>
            <Style id="2953">
                <IconStyle id="2954">
                    <color>ff0000ff</color>
                    <colorMode>normal</colorMode>
                    <scale>1</scale>
                    <heading>0</heading>
                    <Icon id="2955">
                        <href>http://maps.google.com/mapfiles/kml/pushpin/ylw-pushpin.png</href>
                    </Icon>
                </IconStyle>
            </Style>
            <Style id="2958">
                <IconStyle id="2959">
                    <color>ff0000ff</color>
                    <colorMode>normal</colorMode>
                    <scale>1</scale>
                    <heading>0</heading>
                    <Icon id="2960">
                        <href>http://maps.google.com/mapfiles/kml/pushpin/ylw-pushpin.png</href>
                    </Icon>
                </IconStyle>
            </Style>
            <Style id="2963">
                <IconStyle id="2964">
                    <color>ff0000ff</color>
                    <colorMode>normal</colorMode>
                    <scale>1</scale>
                    <heading>0</heading>
                    <Icon id="2965">
                        <href>http://maps.google.com/mapfiles/kml/pushpin/ylw-pushpin.png</href>
                    </Icon>
                </IconStyle>
            </Style>
            <Style id="2968">
                <IconStyle id="2969">
                    <color>ff0000ff</color>
                    <colorMode>normal</colorMode>
                    <scale>1</scale>
                    <heading>0</heading>
                    <Icon id="2970">
                        <href>http://maps.google.com/mapfiles/kml/pushpin/ylw-pushpin.png</href>
                    </Icon>
                </IconStyle>
            </Style>
            <Style id="2973">
                <IconStyle id="2974">
                    <color>ff0000ff</color>
                    <colorMode>normal</colorMode>
                    <scale>1</scale>
                    <heading>0</heading>
                    <Icon id="2975">
                        <href>http://maps.google.com/mapfiles/kml/pushpin/ylw-pushpin.png</href>
                    </Icon>
                </IconStyle>
            </Style>
            <Style id="2978">
                <IconStyle id="2979">
                    <color>ff0000ff</color>
                    <colorMode>normal</colorMode>
                    <scale>1</scale>
                    <heading>0</heading>
                    <Icon id="2980">
                        <href>http://maps.google.com/mapfiles/kml/pushpin/ylw-pushpin.png</href>
                    </Icon>
                </IconStyle>
            </Style>
            <Style id="2983">
                <IconStyle id="2984">
                    <color>ff0000ff</color>
                    <colorMode>normal</colorMode>
                    <scale>1</scale>
                    <heading>0</heading>
                    <Icon id="2985">
                        <href>http://maps.google.com/mapfiles/kml/pushpin/ylw-pushpin.png</href>
                    </Icon>
                </IconStyle>
            </Style>
            <Style id="2988">
                <IconStyle id="2989">
                    <color>ff0000ff</color>
                    <colorMode>normal</colorMode>
                    <scale>1</scale>
                    <heading>0</heading>
                    <Icon id="2990">
                        <href>http://maps.google.com/mapfiles/kml/pushpin/ylw-pushpin.png</href>
                    </Icon>
                </IconStyle>
            </Style>
            <Style id="2993">
                <IconStyle id="2994">
                    <color>ff0000ff</color>
                    <colorMode>normal</colorMode>
                    <scale>1</scale>
                    <heading>0</heading>
                    <Icon id="2995">
                        <href>http://maps.google.com/mapfiles/kml/pushpin/ylw-pushpin.png</href>
                    </Icon>
                </IconStyle>
            </Style>
            <Style id="2998">
                <IconStyle id="2999">
                    <color>ff0000ff</color>
                    <colorMode>normal</colorMode>
                    <scale>1</scale>
                    <heading>0</heading>
                    <Icon id="3000">
                        <href>http://maps.google.com/mapfiles/kml/pushpin/ylw-pushpin.png</href>
                    </Icon>
                </IconStyle>
            </Style>
            <Style id="3003">
                <IconStyle id="3004">
                    <color>ff0000ff</color>
                    <colorMode>normal</colorMode>
                    <scale>1</scale>
                    <heading>0</heading>
                    <Icon id="3005">
                        <href>http://maps.google.com/mapfiles/kml/pushpin/ylw-pushpin.png</href>
                    </Icon>
                </IconStyle>
            </Style>
            <Style id="3008">
                <IconStyle id="3009">
                    <color>ff0000ff</color>
                    <colorMode>normal</colorMode>
                    <scale>1</scale>
                    <heading>0</heading>
                    <Icon id="3010">
                        <href>http://maps.google.com/mapfiles/kml/pushpin/ylw-pushpin.png</href>
                    </Icon>
                </IconStyle>
            </Style>
            <Style id="3013">
                <IconStyle id="3014">
                    <color>ff0000ff</color>
                    <colorMode>normal</colorMode>
                    <scale>1</scale>
                    <heading>0</heading>
                    <Icon id="3015">
                        <href>http://maps.google.com/mapfiles/kml/pushpin/ylw-pushpin.png</href>
                    </Icon>
                </IconStyle>
            </Style>
            <Style id="3018">
                <IconStyle id="3019">
                    <color>ff0000ff</color>
                    <colorMode>normal</colorMode>
                    <scale>1</scale>
                    <heading>0</heading>
                    <Icon id="3020">
                        <href>http://maps.google.com/mapfiles/kml/pushpin/ylw-pushpin.png</href>
                    </Icon>
                </IconStyle>
            </Style>
            <Style id="3023">
                <IconStyle id="3024">
                    <color>ff0000ff</color>
                    <colorMode>normal</colorMode>
                    <scale>1</scale>
                    <heading>0</heading>
                    <Icon id="3025">
                        <href>http://maps.google.com/mapfiles/kml/pushpin/ylw-pushpin.png</href>
                    </Icon>
                </IconStyle>
            </Style>
            <Style id="3028">
                <IconStyle id="3029">
                    <color>ff0000ff</color>
                    <colorMode>normal</colorMode>
                    <scale>1</scale>
                    <heading>0</heading>
                    <Icon id="3030">
                        <href>http://maps.google.com/mapfiles/kml/pushpin/ylw-pushpin.png</href>
                    </Icon>
                </IconStyle>
            </Style>
            <Style id="3033">
                <IconStyle id="3034">
                    <color>ff0000ff</color>
                    <colorMode>normal</colorMode>
                    <scale>1</scale>
                    <heading>0</heading>
                    <Icon id="3035">
                        <href>http://maps.google.com/mapfiles/kml/pushpin/ylw-pushpin.png</href>
                    </Icon>
                </IconStyle>
            </Style>
            <Style id="3038">
                <IconStyle id="3039">
                    <color>ff0000ff</color>
                    <colorMode>normal</colorMode>
                    <scale>1</scale>
                    <heading>0</heading>
                    <Icon id="3040">
                        <href>http://maps.google.com/mapfiles/kml/pushpin/ylw-pushpin.png</href>
                    </Icon>
                </IconStyle>
            </Style>
            <Style id="3043">
                <IconStyle id="3044">
                    <color>ff0000ff</color>
                    <colorMode>normal</colorMode>
                    <scale>1</scale>
                    <heading>0</heading>
                    <Icon id="3045">
                        <href>http://maps.google.com/mapfiles/kml/pushpin/ylw-pushpin.png</href>
                    </Icon>
                </IconStyle>
            </Style>
            <Style id="3048">
                <IconStyle id="3049">
                    <color>ff0000ff</color>
                    <colorMode>normal</colorMode>
                    <scale>1</scale>
                    <heading>0</heading>
                    <Icon id="3050">
                        <href>http://maps.google.com/mapfiles/kml/pushpin/ylw-pushpin.png</href>
                    </Icon>
                </IconStyle>
            </Style>
            <Style id="3053">
                <IconStyle id="3054">
                    <color>ff0000ff</color>
                    <colorMode>normal</colorMode>
                    <scale>1</scale>
                    <heading>0</heading>
                    <Icon id="3055">
                        <href>http://maps.google.com/mapfiles/kml/pushpin/ylw-pushpin.png</href>
                    </Icon>
                </IconStyle>
            </Style>
            <Style id="3058">
                <IconStyle id="3059">
                    <color>ff0000ff</color>
                    <colorMode>normal</colorMode>
                    <scale>1</scale>
                    <heading>0</heading>
                    <Icon id="3060">
                        <href>http://maps.google.com/mapfiles/kml/pushpin/ylw-pushpin.png</href>
                    </Icon>
                </IconStyle>
            </Style>
            <Style id="3063">
                <IconStyle id="3064">
                    <color>ff0000ff</color>
                    <colorMode>normal</colorMode>
                    <scale>1</scale>
                    <heading>0</heading>
                    <Icon id="3065">
                        <href>http://maps.google.com/mapfiles/kml/pushpin/ylw-pushpin.png</href>
                    </Icon>
                </IconStyle>
            </Style>
            <Style id="3068">
                <IconStyle id="3069">
                    <color>ff0000ff</color>
                    <colorMode>normal</colorMode>
                    <scale>1</scale>
                    <heading>0</heading>
                    <Icon id="3070">
                        <href>http://maps.google.com/mapfiles/kml/pushpin/ylw-pushpin.png</href>
                    </Icon>
                </IconStyle>
            </Style>
            <Style id="3073">
                <IconStyle id="3074">
                    <color>ff0000ff</color>
                    <colorMode>normal</colorMode>
                    <scale>1</scale>
                    <heading>0</heading>
                    <Icon id="3075">
                        <href>http://maps.google.com/mapfiles/kml/pushpin/ylw-pushpin.png</href>
                    </Icon>
                </IconStyle>
            </Style>
            <Style id="3078">
                <IconStyle id="3079">
                    <color>ff0000ff</color>
                    <colorMode>normal</colorMode>
                    <scale>1</scale>
                    <heading>0</heading>
                    <Icon id="3080">
                        <href>http://maps.google.com/mapfiles/kml/pushpin/ylw-pushpin.png</href>
                    </Icon>
                </IconStyle>
            </Style>
            <Style id="3083">
                <IconStyle id="3084">
                    <color>ff0000ff</color>
                    <colorMode>normal</colorMode>
                    <scale>1</scale>
                    <heading>0</heading>
                    <Icon id="3085">
                        <href>http://maps.google.com/mapfiles/kml/pushpin/ylw-pushpin.png</href>
                    </Icon>
                </IconStyle>
            </Style>
            <Style id="3088">
                <IconStyle id="3089">
                    <color>ff0000ff</color>
                    <colorMode>normal</colorMode>
                    <scale>1</scale>
                    <heading>0</heading>
                    <Icon id="3090">
                        <href>http://maps.google.com/mapfiles/kml/pushpin/ylw-pushpin.png</href>
                    </Icon>
                </IconStyle>
            </Style>
            <Style id="3093">
                <IconStyle id="3094">
                    <color>ff0000ff</color>
                    <colorMode>normal</colorMode>
                    <scale>1</scale>
                    <heading>0</heading>
                    <Icon id="3095">
                        <href>http://maps.google.com/mapfiles/kml/pushpin/ylw-pushpin.png</href>
                    </Icon>
                </IconStyle>
            </Style>
            <Style id="3098">
                <IconStyle id="3099">
                    <color>ff0000ff</color>
                    <colorMode>normal</colorMode>
                    <scale>1</scale>
                    <heading>0</heading>
                    <Icon id="3100">
                        <href>http://maps.google.com/mapfiles/kml/pushpin/ylw-pushpin.png</href>
                    </Icon>
                </IconStyle>
            </Style>
            <Style id="3103">
                <IconStyle id="3104">
                    <color>ff0000ff</color>
                    <colorMode>normal</colorMode>
                    <scale>1</scale>
                    <heading>0</heading>
                    <Icon id="3105">
                        <href>http://maps.google.com/mapfiles/kml/pushpin/ylw-pushpin.png</href>
                    </Icon>
                </IconStyle>
            </Style>
            <Style id="3108">
                <IconStyle id="3109">
                    <color>ff0000ff</color>
                    <colorMode>normal</colorMode>
                    <scale>1</scale>
                    <heading>0</heading>
                    <Icon id="3110">
                        <href>http://maps.google.com/mapfiles/kml/pushpin/ylw-pushpin.png</href>
                    </Icon>
                </IconStyle>
            </Style>
            <name>ZOILA ALBERTINA DE JESUS MORANTE CARRASCO</name>
            <Placemark id="2947">
                <name>JOSE GERARDO CHIRA RAMIREZ</name>
                <description>CALLE LOBOTOS MZN.H1LOTE 13 ASENTAMIENTO HUMANO NUEVA ESPERANZA SECTOR 1
Veintiséis de Octubre
Veintiséis de Octubre
Piura
Perú</description>
                <styleUrl>#2948</styleUrl>
                <Point id="2946">
                    <coordinates>-80.6617044,-5.1929408,0.0</coordinates>
                </Point>
            </Placemark>
            <Placemark id="2952">
                <name>JENY DEL ROCIO DOMINGUEZ YMAN</name>
                <description>B8-2 AVCHULUC 504 AHSAN MARTIN
Veintiséis de Octubre
Piura
Piura
Perú</description>
                <styleUrl>#2953</styleUrl>
                <Point id="2951">
                    <coordinates>-80.665882,-5.187487,0.0</coordinates>
                </Point>
            </Placemark>
            <Placemark id="2957">
                <name>RINA GABRIELA MARKY OTERO</name>
                <description>BQ.C 101 TORRE C.COND.RESD 2DA
Veintiséis de Octubre
Piura
Piura
Perú</description>
                <styleUrl>#2958</styleUrl>
                <Point id="2956">
                    <coordinates>-80.6768498,-5.1815026,0.0</coordinates>
                </Point>
            </Placemark>
            <Placemark id="2962">
                <name>PAULA YESENIA AGUILERA LOZADA</name>
                <description>AV. JOSE CARLOS MARIATEGUI MZ V1 LT8 AA. HHSAN MARTIN
Veintiséis de Octubre
Piura
Piura
Perú</description>
                <styleUrl>#2963</styleUrl>
                <Point id="2961">
                    <coordinates>-80.6677298,-5.1835318,0.0</coordinates>
                </Point>
            </Placemark>
            <Placemark id="2967">
                <name>JENY DEL ROCIO DOMINGUEZ YMAN</name>
                <description>B8-2 AVCHULUC 504 AHSAN MARTIN
Veintiséis de Octubre
Piura
Piura
Perú</description>
                <styleUrl>#2968</styleUrl>
                <Point id="2966">
                    <coordinates>-80.665882,-5.187487,0.0</coordinates>
                </Point>
            </Placemark>
            <Placemark id="2972">
                <name>GILBERTO ALBERTO LLACSAHUANGA CUNYA</name>
                <description>GILBERTO ALBERTO LLACSAHUANGA CUNYA
AV.SAN MARTIN MZ B9 LTE.4 (112) AA.HH SAN MARTIN
Veintiséis de Octubre
Piura
Piura
Perú</description>
                <styleUrl>#2973</styleUrl>
                <Point id="2971">
                    <coordinates>-80.6658393,-5.1861207,0.0</coordinates>
                </Point>
            </Placemark>
            <Placemark id="2977">
                <name>MILUSKA LISSET QUEZADA MERINO</name>
                <description>MZ B9 LT 9 A.H SN MARTIN      
Veintiséis de Octubre
Veintiséis de Octubre
Piura
Perú</description>
                <styleUrl>#2978</styleUrl>
                <Point id="2976">
                    <coordinates>-80.665838,-5.186146,0.0</coordinates>
                </Point>
            </Placemark>
            <Placemark id="2982">
                <name>NEGOCIOS DIMAR EMPRESA INDIVIDUAL DE RESPONSABILIDAD LIMITADA</name>
                <description>JR. JUNIN NRO. 262 PIURA CERCADO
Piura
200101Piura
Piura
Perú</description>
                <styleUrl>#2983</styleUrl>
                <Point id="2981">
                    <coordinates>-80.6274353,-5.1913207,0.0</coordinates>
                </Point>
            </Placemark>
            <Placemark id="2987">
                <name>MARIA HAYDEE CERVANTES VALLADOLID</name>
                <description>Mz E12 LTE 20 AA.HH SAN MARTIN
Veintiséis de Octubre
Veintiséis de Octubre
Piura
Perú</description>
                <styleUrl>#2988</styleUrl>
                <Point id="2986">
                    <coordinates>-80.6750101,-5.1847457,0.0</coordinates>
                </Point>
            </Placemark>
            <Placemark id="2992">
                <name>YESSICA VANESA TAPIA ANDRADE</name>
                <description>E1 LT 20 MICAELA BASTIDAS
Veintiséis de Octubre
Piura
Piura
Perú</description>
                <styleUrl>#2993</styleUrl>
                <Point id="2991">
                    <coordinates>-80.6739855,-5.1799443,0.0</coordinates>
                </Point>
            </Placemark>
            <Placemark id="2997">
                <name>YOHANY MARIE NORIEGA LLANOS</name>
                <description>BQ R N°303 TORRE R.COND.RES II
Veintiséis de Octubre
Piura
Piura
Perú</description>
                <styleUrl>#2998</styleUrl>
                <Point id="2996">
                    <coordinates>-80.6767626,-5.1814867,0.0</coordinates>
                </Point>
            </Placemark>
            <Placemark id="3002">
                <name>SMITH ANTONIO VILCHEZ MORENO</name>
                <description>Tienda 03 RESD. LOS PARQUES DE Piura 1 ETAPA
Veintiséis de Octubre
Veintiséis de Octubre
Piura
Perú</description>
                <styleUrl>#3003</styleUrl>
                <Point id="3001">
                    <coordinates>-80.6778834,-5.181504,0.0</coordinates>
                </Point>
            </Placemark>
            <Placemark id="3007">
                <name>BALBINA MADRID DE SERRATO</name>
                <description>CA.MIGUEL CORREA MZ E3 LTE.3 MICAELA BASTIDAS
Veintiséis de Octubre
Piura
Piura
Perú</description>
                <styleUrl>#3008</styleUrl>
                <Point id="3006">
                    <coordinates>-80.674767,-5.178183,0.0</coordinates>
                </Point>
            </Placemark>
            <Placemark id="3012">
                <name>MARIA IRENE SOTO CASTILLO</name>
                <description>E3 LOTE 2 A.H MICAELA BASTIDAS
Veintiséis de Octubre
Veintiséis de Octubre
Piura
Perú</description>
                <styleUrl>#3013</styleUrl>
                <Point id="3011">
                    <coordinates>-80.6747976,-5.17816,0.0</coordinates>
                </Point>
            </Placemark>
            <Placemark id="3017">
                <name>DOLARISA SILUPU ARRIOLA</name>
                <description>AA. HH MICAELA BASTIDAS MZ A3 LT 9 PIURA
Veintiséis de Octubre
Piura
Piura
Perú</description>
                <styleUrl>#3018</styleUrl>
                <Point id="3016">
                    <coordinates>-80.672808,-5.1773104,0.0</coordinates>
                </Point>
            </Placemark>
            <Placemark id="3022">
                <name>DOLLY ARMANDA ANGELDONIS FARFAN DE TIMOTEO</name>
                <description>AV. TIMOTEO PUMACAHUA B13 LOTE 19  ASENTAMIENTO HUMANO SAN MARTIN
Veintiséis de Octubre

Piura
Perú</description>
                <styleUrl>#3023</styleUrl>
                <Point id="3021">
                    <coordinates>-80.6742295,-5.1819763,0.0</coordinates>
                </Point>
            </Placemark>
            <Placemark id="3027">
                <name>MARCIA ALEIDA BANCAYAN SARANGO</name>
                <description>mz H15 LOTE 17 ASENTAMIENTO SAN MARTIN
Veintiséis de Octubre
Veintiséis de Octubre
Piura
Perú</description>
                <styleUrl>#3028</styleUrl>
                <Point id="3026">
                    <coordinates>-80.674402,-5.1819383,0.0</coordinates>
                </Point>
            </Placemark>
            <Placemark id="3032">
                <name>REBECA ROSA CAMPOVERDE ANICETO</name>
                <description>01 DE DICIEMBRE 264 SAN MARTIN
Veintiséis de Octubre
Veintiséis de Octubre
Piura
Perú</description>
                <styleUrl>#3033</styleUrl>
                <Point id="3031">
                    <coordinates>-80.6755167,-5.1828535,0.0</coordinates>
                </Point>
            </Placemark>
            <Placemark id="3037">
                <name>ELIZABETH CAMPOVERDE SAAVEDRA</name>
                <description>MZN.C15 LOTE  19 CA.24 SET
Veintiséis de Octubre
Veintiséis de Octubre
Piura
Perú</description>
                <styleUrl>#3038</styleUrl>
                <Point id="3036">
                    <coordinates>-80.675408,-5.184273,0.0</coordinates>
                </Point>
            </Placemark>
            <Placemark id="3042">
                <name>FRANKLIN ANTONIO HUACCHILLO CAMPOS</name>
                <description>CALLE JOSÉ MARTI. MZN D12 LOTE 22 ASENTAMIENTO HUMANO SAN MARTIN
Veintiséis de Octubre
Veintiséis de Octubre
Piura
Perú</description>
                <styleUrl>#3043</styleUrl>
                <Point id="3041">
                    <coordinates>-80.6736198,-5.1858841,0.0</coordinates>
                </Point>
            </Placemark>
            <Placemark id="3047">
                <name>ORALIA ROBLEDO ABAD</name>
                <description>MZ A13 LT 24 AAHH SAN MARTIN  
Veintiséis de Octubre
Veintiséis de Octubre
Piura
Perú</description>
                <styleUrl>#3048</styleUrl>
                <Point id="3046">
                    <coordinates>-80.6731635,-5.1833678,0.0</coordinates>
                </Point>
            </Placemark>
            <Placemark id="3052">
                <name>MARCELA ESTHER SERQUEN OROZCO</name>
                <description>Ca. 1°de DICIEMBRE Mz K15 LTE 3 AA.HH SAN MARTIN
Veintiséis de Octubre
Veintiséis de Octubre
Piura
Perú</description>
                <styleUrl>#3053</styleUrl>
                <Point id="3051">
                    <coordinates>-80.675826,-5.1836191,0.0</coordinates>
                </Point>
            </Placemark>
            <Placemark id="3057">
                <name>VANESSA FIORELLA ALVARADO BURNEO</name>
                <description>MZ D10 lote 28 AAHH San Martin , calle Vicente García
Veintiséis de Octubre
Veintiséis de Octubre
Piura
Perú</description>
                <styleUrl>#3058</styleUrl>
                <Point id="3056">
                    <coordinates>-80.6716653,-5.1867478,0.0</coordinates>
                </Point>
            </Placemark>
            <Placemark id="3062">
                <name>RAQUEL DEL PILAR MORE SOSA</name>
                <description>CA.V.GARCIA H10 20            
Veintiséis de Octubre
Veintiséis de Octubre
Piura
Perú</description>
                <styleUrl>#3063</styleUrl>
                <Point id="3061">
                    <coordinates>-80.6714403,-5.1864133,0.0</coordinates>
                </Point>
            </Placemark>
            <Placemark id="3067">
                <name>JENYFERR PAMELA PAUCAR CHUQUIHUANGA</name>
                <description>Mercado san Martin puesto 21
Veintiséis de Octubre
Veintiséis de Octubre
Piura
Perú</description>
                <styleUrl>#3068</styleUrl>
                <Point id="3066">
                    <coordinates>-80.6716559,-5.1847595,0.0</coordinates>
                </Point>
            </Placemark>
            <Placemark id="3072">
                <name>MILAGROS DEL SERNAQUE CHUQUIHUANGA</name>
                <description>INT MCDO SAN MARTIN PSTO 35-36 26 DE OCTUBRE
Veintiséis de Octubre
Piura
Piura
Perú</description>
                <styleUrl>#3073</styleUrl>
                <Point id="3071">
                    <coordinates>-80.6715639,-5.1847583,0.0</coordinates>
                </Point>
            </Placemark>
            <Placemark id="3077">
                <name>JULIA ANCAJIMA JUAREZ</name>
                <description>MZ.D14-20 AH SAN MARTIN       
Veintiséis de Octubre
Veintiséis de Octubre
Piura
Perú</description>
                <styleUrl>#3078</styleUrl>
                <Point id="3076">
                    <coordinates>-80.6695253,-5.1823922,0.0</coordinates>
                </Point>
            </Placemark>
            <Placemark id="3082">
                <name>DELIA MARILU PASAPERA ACARO</name>
                <description>A.H.SAN MARTIN MZ A11 LOTE 24 
Veintiséis de Octubre
Veintiséis de Octubre
Piura
Perú</description>
                <styleUrl>#3083</styleUrl>
                <Point id="3081">
                    <coordinates>-80.6694081,-5.1835068,0.0</coordinates>
                </Point>
            </Placemark>
            <Placemark id="3087">
                <name>DILMA GUERRERO ALVERCA</name>
                <description>DILMA GUERRERO ALVERCA
CA.B. HUAMAN MZ11-16 S. MARTIN PI
Veintiséis de Octubre
Piura
Piura
Perú</description>
                <styleUrl>#3088</styleUrl>
                <Point id="3086">
                    <coordinates>-80.6693793,-5.1842269,0.0</coordinates>
                </Point>
            </Placemark>
            <Placemark id="3092">
                <name>JOANY RIOS RIMAYCUNA</name>
                <description>AV JOSE CARLOS B11 LT 40 SAN MARTINMARTIN
Veintiséis de Octubre
Piura
Piura
Perú</description>
                <styleUrl>#3093</styleUrl>
                <Point id="3091">
                    <coordinates>-80.6681493,-5.1846151,0.0</coordinates>
                </Point>
            </Placemark>
            <Placemark id="3097">
                <name>MAGDALENA CENTURION YARLEQUE</name>
                <description>MZ S-1 LT-3 SAN MARTIN PIURA
Veintiséis de Octubre
Piura
Piura
Perú</description>
                <styleUrl>#3098</styleUrl>
                <Point id="3096">
                    <coordinates>-80.6668646,-5.1835067,0.0</coordinates>
                </Point>
            </Placemark>
            <Placemark id="3102">
                <name>MARIA DEL SOCORRO CASTRO YOVERA</name>
                <description>Calle Marticorena 136 aahh San Martín
Veintiséis de Octubre
Veintiséis de Octubre
Piura
Perú</description>
                <styleUrl>#3103</styleUrl>
                <Point id="3101">
                    <coordinates>-80.666963,-5.184965,0.0</coordinates>
                </Point>
            </Placemark>
            <Placemark id="3107">
                <name>ESPINOZA CLEMENTINA PINTADO DE</name>
                <description>AV. SAN MARTIN MZ I-15 L-13 PIURA
Veintiséis de Octubre
Piura
Piura
Perú</description>
                <styleUrl>#3108</styleUrl>
                <Point id="3106">
                    <coordinates>-80.6752143,-5.1839894,0.0</coordinates>
                </Point>
            </Placemark>
        </Folder>
    </Document>
</kml>
