<?xml version="1.0" encoding="UTF-8"?>
<kml xmlns="http://www.opengis.net/kml/2.2" xmlns:gx="http://www.google.com/kml/ext/2.2">
    <Document id="531">
        <Folder id="532">
            <Style id="535">
                <IconStyle id="536">
                    <color>ff0000ff</color>
                    <colorMode>normal</colorMode>
                    <scale>1</scale>
                    <heading>0</heading>
                    <Icon id="537">
                        <href>http://maps.google.com/mapfiles/kml/pushpin/ylw-pushpin.png</href>
                    </Icon>
                </IconStyle>
            </Style>
            <Style id="540">
                <IconStyle id="541">
                    <color>ff0000ff</color>
                    <colorMode>normal</colorMode>
                    <scale>1</scale>
                    <heading>0</heading>
                    <Icon id="542">
                        <href>http://maps.google.com/mapfiles/kml/pushpin/ylw-pushpin.png</href>
                    </Icon>
                </IconStyle>
            </Style>
            <Style id="545">
                <IconStyle id="546">
                    <color>ff0000ff</color>
                    <colorMode>normal</colorMode>
                    <scale>1</scale>
                    <heading>0</heading>
                    <Icon id="547">
                        <href>http://maps.google.com/mapfiles/kml/pushpin/ylw-pushpin.png</href>
                    </Icon>
                </IconStyle>
            </Style>
            <Style id="550">
                <IconStyle id="551">
                    <color>ff0000ff</color>
                    <colorMode>normal</colorMode>
                    <scale>1</scale>
                    <heading>0</heading>
                    <Icon id="552">
                        <href>http://maps.google.com/mapfiles/kml/pushpin/ylw-pushpin.png</href>
                    </Icon>
                </IconStyle>
            </Style>
            <Style id="555">
                <IconStyle id="556">
                    <color>ff0000ff</color>
                    <colorMode>normal</colorMode>
                    <scale>1</scale>
                    <heading>0</heading>
                    <Icon id="557">
                        <href>http://maps.google.com/mapfiles/kml/pushpin/ylw-pushpin.png</href>
                    </Icon>
                </IconStyle>
            </Style>
            <Style id="560">
                <IconStyle id="561">
                    <color>ff0000ff</color>
                    <colorMode>normal</colorMode>
                    <scale>1</scale>
                    <heading>0</heading>
                    <Icon id="562">
                        <href>http://maps.google.com/mapfiles/kml/pushpin/ylw-pushpin.png</href>
                    </Icon>
                </IconStyle>
            </Style>
            <Style id="565">
                <IconStyle id="566">
                    <color>ff0000ff</color>
                    <colorMode>normal</colorMode>
                    <scale>1</scale>
                    <heading>0</heading>
                    <Icon id="567">
                        <href>http://maps.google.com/mapfiles/kml/pushpin/ylw-pushpin.png</href>
                    </Icon>
                </IconStyle>
            </Style>
            <Style id="570">
                <IconStyle id="571">
                    <color>ff0000ff</color>
                    <colorMode>normal</colorMode>
                    <scale>1</scale>
                    <heading>0</heading>
                    <Icon id="572">
                        <href>http://maps.google.com/mapfiles/kml/pushpin/ylw-pushpin.png</href>
                    </Icon>
                </IconStyle>
            </Style>
            <Style id="575">
                <IconStyle id="576">
                    <color>ff0000ff</color>
                    <colorMode>normal</colorMode>
                    <scale>1</scale>
                    <heading>0</heading>
                    <Icon id="577">
                        <href>http://maps.google.com/mapfiles/kml/pushpin/ylw-pushpin.png</href>
                    </Icon>
                </IconStyle>
            </Style>
            <Style id="580">
                <IconStyle id="581">
                    <color>ff0000ff</color>
                    <colorMode>normal</colorMode>
                    <scale>1</scale>
                    <heading>0</heading>
                    <Icon id="582">
                        <href>http://maps.google.com/mapfiles/kml/pushpin/ylw-pushpin.png</href>
                    </Icon>
                </IconStyle>
            </Style>
            <Style id="585">
                <IconStyle id="586">
                    <color>ff0000ff</color>
                    <colorMode>normal</colorMode>
                    <scale>1</scale>
                    <heading>0</heading>
                    <Icon id="587">
                        <href>http://maps.google.com/mapfiles/kml/pushpin/ylw-pushpin.png</href>
                    </Icon>
                </IconStyle>
            </Style>
            <Style id="590">
                <IconStyle id="591">
                    <color>ff0000ff</color>
                    <colorMode>normal</colorMode>
                    <scale>1</scale>
                    <heading>0</heading>
                    <Icon id="592">
                        <href>http://maps.google.com/mapfiles/kml/pushpin/ylw-pushpin.png</href>
                    </Icon>
                </IconStyle>
            </Style>
            <Style id="595">
                <IconStyle id="596">
                    <color>ff0000ff</color>
                    <colorMode>normal</colorMode>
                    <scale>1</scale>
                    <heading>0</heading>
                    <Icon id="597">
                        <href>http://maps.google.com/mapfiles/kml/pushpin/ylw-pushpin.png</href>
                    </Icon>
                </IconStyle>
            </Style>
            <Style id="600">
                <IconStyle id="601">
                    <color>ff0000ff</color>
                    <colorMode>normal</colorMode>
                    <scale>1</scale>
                    <heading>0</heading>
                    <Icon id="602">
                        <href>http://maps.google.com/mapfiles/kml/pushpin/ylw-pushpin.png</href>
                    </Icon>
                </IconStyle>
            </Style>
            <Style id="605">
                <IconStyle id="606">
                    <color>ff0000ff</color>
                    <colorMode>normal</colorMode>
                    <scale>1</scale>
                    <heading>0</heading>
                    <Icon id="607">
                        <href>http://maps.google.com/mapfiles/kml/pushpin/ylw-pushpin.png</href>
                    </Icon>
                </IconStyle>
            </Style>
            <Style id="610">
                <IconStyle id="611">
                    <color>ff0000ff</color>
                    <colorMode>normal</colorMode>
                    <scale>1</scale>
                    <heading>0</heading>
                    <Icon id="612">
                        <href>http://maps.google.com/mapfiles/kml/pushpin/ylw-pushpin.png</href>
                    </Icon>
                </IconStyle>
            </Style>
            <Style id="615">
                <IconStyle id="616">
                    <color>ff0000ff</color>
                    <colorMode>normal</colorMode>
                    <scale>1</scale>
                    <heading>0</heading>
                    <Icon id="617">
                        <href>http://maps.google.com/mapfiles/kml/pushpin/ylw-pushpin.png</href>
                    </Icon>
                </IconStyle>
            </Style>
            <Style id="620">
                <IconStyle id="621">
                    <color>ff0000ff</color>
                    <colorMode>normal</colorMode>
                    <scale>1</scale>
                    <heading>0</heading>
                    <Icon id="622">
                        <href>http://maps.google.com/mapfiles/kml/pushpin/ylw-pushpin.png</href>
                    </Icon>
                </IconStyle>
            </Style>
            <Style id="625">
                <IconStyle id="626">
                    <color>ff0000ff</color>
                    <colorMode>normal</colorMode>
                    <scale>1</scale>
                    <heading>0</heading>
                    <Icon id="627">
                        <href>http://maps.google.com/mapfiles/kml/pushpin/ylw-pushpin.png</href>
                    </Icon>
                </IconStyle>
            </Style>
            <Style id="630">
                <IconStyle id="631">
                    <color>ff0000ff</color>
                    <colorMode>normal</colorMode>
                    <scale>1</scale>
                    <heading>0</heading>
                    <Icon id="632">
                        <href>http://maps.google.com/mapfiles/kml/pushpin/ylw-pushpin.png</href>
                    </Icon>
                </IconStyle>
            </Style>
            <Style id="635">
                <IconStyle id="636">
                    <color>ff0000ff</color>
                    <colorMode>normal</colorMode>
                    <scale>1</scale>
                    <heading>0</heading>
                    <Icon id="637">
                        <href>http://maps.google.com/mapfiles/kml/pushpin/ylw-pushpin.png</href>
                    </Icon>
                </IconStyle>
            </Style>
            <Style id="640">
                <IconStyle id="641">
                    <color>ff0000ff</color>
                    <colorMode>normal</colorMode>
                    <scale>1</scale>
                    <heading>0</heading>
                    <Icon id="642">
                        <href>http://maps.google.com/mapfiles/kml/pushpin/ylw-pushpin.png</href>
                    </Icon>
                </IconStyle>
            </Style>
            <Style id="645">
                <IconStyle id="646">
                    <color>ff0000ff</color>
                    <colorMode>normal</colorMode>
                    <scale>1</scale>
                    <heading>0</heading>
                    <Icon id="647">
                        <href>http://maps.google.com/mapfiles/kml/pushpin/ylw-pushpin.png</href>
                    </Icon>
                </IconStyle>
            </Style>
            <Style id="650">
                <IconStyle id="651">
                    <color>ff0000ff</color>
                    <colorMode>normal</colorMode>
                    <scale>1</scale>
                    <heading>0</heading>
                    <Icon id="652">
                        <href>http://maps.google.com/mapfiles/kml/pushpin/ylw-pushpin.png</href>
                    </Icon>
                </IconStyle>
            </Style>
            <Style id="655">
                <IconStyle id="656">
                    <color>ff0000ff</color>
                    <colorMode>normal</colorMode>
                    <scale>1</scale>
                    <heading>0</heading>
                    <Icon id="657">
                        <href>http://maps.google.com/mapfiles/kml/pushpin/ylw-pushpin.png</href>
                    </Icon>
                </IconStyle>
            </Style>
            <Style id="660">
                <IconStyle id="661">
                    <color>ff0000ff</color>
                    <colorMode>normal</colorMode>
                    <scale>1</scale>
                    <heading>0</heading>
                    <Icon id="662">
                        <href>http://maps.google.com/mapfiles/kml/pushpin/ylw-pushpin.png</href>
                    </Icon>
                </IconStyle>
            </Style>
            <Style id="665">
                <IconStyle id="666">
                    <color>ff0000ff</color>
                    <colorMode>normal</colorMode>
                    <scale>1</scale>
                    <heading>0</heading>
                    <Icon id="667">
                        <href>http://maps.google.com/mapfiles/kml/pushpin/ylw-pushpin.png</href>
                    </Icon>
                </IconStyle>
            </Style>
            <Style id="670">
                <IconStyle id="671">
                    <color>ff0000ff</color>
                    <colorMode>normal</colorMode>
                    <scale>1</scale>
                    <heading>0</heading>
                    <Icon id="672">
                        <href>http://maps.google.com/mapfiles/kml/pushpin/ylw-pushpin.png</href>
                    </Icon>
                </IconStyle>
            </Style>
            <Style id="675">
                <IconStyle id="676">
                    <color>ff0000ff</color>
                    <colorMode>normal</colorMode>
                    <scale>1</scale>
                    <heading>0</heading>
                    <Icon id="677">
                        <href>http://maps.google.com/mapfiles/kml/pushpin/ylw-pushpin.png</href>
                    </Icon>
                </IconStyle>
            </Style>
            <Style id="680">
                <IconStyle id="681">
                    <color>ff0000ff</color>
                    <colorMode>normal</colorMode>
                    <scale>1</scale>
                    <heading>0</heading>
                    <Icon id="682">
                        <href>http://maps.google.com/mapfiles/kml/pushpin/ylw-pushpin.png</href>
                    </Icon>
                </IconStyle>
            </Style>
            <Style id="685">
                <IconStyle id="686">
                    <color>ff0000ff</color>
                    <colorMode>normal</colorMode>
                    <scale>1</scale>
                    <heading>0</heading>
                    <Icon id="687">
                        <href>http://maps.google.com/mapfiles/kml/pushpin/ylw-pushpin.png</href>
                    </Icon>
                </IconStyle>
            </Style>
            <Style id="690">
                <IconStyle id="691">
                    <color>ff0000ff</color>
                    <colorMode>normal</colorMode>
                    <scale>1</scale>
                    <heading>0</heading>
                    <Icon id="692">
                        <href>http://maps.google.com/mapfiles/kml/pushpin/ylw-pushpin.png</href>
                    </Icon>
                </IconStyle>
            </Style>
            <Style id="695">
                <IconStyle id="696">
                    <color>ff0000ff</color>
                    <colorMode>normal</colorMode>
                    <scale>1</scale>
                    <heading>0</heading>
                    <Icon id="697">
                        <href>http://maps.google.com/mapfiles/kml/pushpin/ylw-pushpin.png</href>
                    </Icon>
                </IconStyle>
            </Style>
            <Style id="700">
                <IconStyle id="701">
                    <color>ff0000ff</color>
                    <colorMode>normal</colorMode>
                    <scale>1</scale>
                    <heading>0</heading>
                    <Icon id="702">
                        <href>http://maps.google.com/mapfiles/kml/pushpin/ylw-pushpin.png</href>
                    </Icon>
                </IconStyle>
            </Style>
            <name>CRISTHIAN ALEXANDER ALVARADO GONZALES</name>
            <Placemark id="534">
                <name>DE ZAPATA AURORA LLOCLLA</name>
                <description>DE ZAPATA AURORA LLOCLLA
CA.LORETO N320 - BELLAVISTA - SULLANA
Bellavista
Bellavista
Piura
Perú</description>
                <styleUrl>#535</styleUrl>
                <Point id="533">
                    <coordinates>-80.6803466,-4.8911939,0.0</coordinates>
                </Point>
            </Placemark>
            <Placemark id="539">
                <name>CLARIBEL JUDITH SANCHEZ CANDELA</name>
                <description>Calle Cuzco 532 Bellavista
Bellavista
Bellavista
Piura
Perú</description>
                <styleUrl>#540</styleUrl>
                <Point id="538">
                    <coordinates>-80.67844,-4.8896232,0.0</coordinates>
                </Point>
            </Placemark>
            <Placemark id="544">
                <name>DE ZAPATA AURORA LLOCLLA</name>
                <description>DE ZAPATA AURORA LLOCLLA
CA.LORETO N320 - BELLAVISTA - SULLANA
Bellavista
Bellavista
Piura
Perú</description>
                <styleUrl>#545</styleUrl>
                <Point id="543">
                    <coordinates>-80.6803466,-4.8911939,0.0</coordinates>
                </Point>
            </Placemark>
            <Placemark id="549">
                <name>IRINA GORETTY HINSBI GONZALES</name>
                <description>Calle la Arena 203 Bellavista
Bellavista
Bellavista
Piura
Perú</description>
                <styleUrl>#550</styleUrl>
                <Point id="548">
                    <coordinates>-80.6739057,-4.8924116,0.0</coordinates>
                </Point>
            </Placemark>
            <Placemark id="554">
                <name>ROSA ELENA REYES DE CRISANTO</name>
                <description>CA.CUZCO 290 Bellavista
Bellavista
Bellavista
Piura
Perú</description>
                <styleUrl>#555</styleUrl>
                <Point id="553">
                    <coordinates>-80.6793321,-4.8915596,0.0</coordinates>
                </Point>
            </Placemark>
            <Placemark id="559">
                <name>MARCOS ANTONIO ABRAMONTE GIRON</name>
                <description>CASTILLA 228-BELLAVISTA-SULLANA
Bellavista
Bellavista
Piura
Perú</description>
                <styleUrl>#560</styleUrl>
                <Point id="558">
                    <coordinates>-80.6756865,-4.892554,0.0</coordinates>
                </Point>
            </Placemark>
            <Placemark id="564">
                <name>AGUILERA VIERA YESSICA</name>
                <description>TRANSV. LUCIANE MZ C LT 47 - BELLAVISTA
Bellavista
Bellavista
Piura
Perú</description>
                <styleUrl>#565</styleUrl>
                <Point id="563">
                    <coordinates>-80.670867,-4.8850287,0.0</coordinates>
                </Point>
            </Placemark>
            <Placemark id="569">
                <name>CAMILA SUGEY JUAREZ MEDINA</name>
                <description>Trans. Los laureles - Bellavista
Bellavista
Bellavista
Piura
Perú</description>
                <styleUrl>#570</styleUrl>
                <Point id="568">
                    <coordinates>-80.6723158,-4.8809577,0.0</coordinates>
                </Point>
            </Placemark>
            <Placemark id="574">
                <name>MARIA ELENA CALVAS CASTILLO</name>
                <description>CALLE JOVINO ARAMBULO 3 ETAPA MZ E LOTE 49
Bellavista
Bellavista
Piura
Perú</description>
                <styleUrl>#575</styleUrl>
                <Point id="573">
                    <coordinates>-80.6723131,-4.8814623,0.0</coordinates>
                </Point>
            </Placemark>
            <Placemark id="579">
                <name>LAZO GUERRERO DE HERRERA MAGALI</name>
                <description>LAZO GUERRERO DE HERRERA MAGALI
Calle Moquegua #319 Bellavista
Bellavista

Piura
Perú</description>
                <styleUrl>#580</styleUrl>
                <Point id="578">
                    <coordinates>-80.67934,-4.891709,0.0</coordinates>
                </Point>
            </Placemark>
            <Placemark id="584">
                <name>GIRON RUMICHE MARITZA DEL PILAR</name>
                <description>GIRON RUMICHE MARITZA DEL PILAR
TRANSV AMAZONAS 708
Bellavista
Bellavista
Piura
Perú</description>
                <styleUrl>#585</styleUrl>
                <Point id="583">
                    <coordinates>-80.6776384,-4.890131,0.0</coordinates>
                </Point>
            </Placemark>
            <Placemark id="589">
                <name>JUANA ROSA OLIVA LOPEZ</name>
                <description>HUANCAVELICA 494 Bellavista
Bellavista
Bellavista
Piura
Perú</description>
                <styleUrl>#590</styleUrl>
                <Point id="588">
                    <coordinates>-80.6757466,-4.889258,0.0</coordinates>
                </Point>
            </Placemark>
            <Placemark id="594">
                <name>ROSA MARCELA SEMINARIO PACHERREZ</name>
                <description>ROSA MARCELA SEMINARIO PACHERREZ
CA.MADRE DE DIOS 407 BELLAVISTA SULLANA
Bellavista
Bellavista
Piura
Perú</description>
                <styleUrl>#595</styleUrl>
                <Point id="593">
                    <coordinates>-80.6763458,-4.8906293,0.0</coordinates>
                </Point>
            </Placemark>
            <Placemark id="599">
                <name>ANALI PAOLA CARREÑO SANCHEZ</name>
                <description>CALLE CASTILLA 307
Bellavista
Bellavista
Piura
Perú</description>
                <styleUrl>#600</styleUrl>
                <Point id="598">
                    <coordinates>-80.6749107,-4.8916331,0.0</coordinates>
                </Point>
            </Placemark>
            <Placemark id="604">
                <name>JUDITH LISBETH YABAR MENDOZA</name>
                <description>Calle Arena 137_B El Porvenir Bellavista
Bellavista
Bellavista
Piura
Perú</description>
                <styleUrl>#605</styleUrl>
                <Point id="603">
                    <coordinates>-80.6746101,-4.8927809,0.0</coordinates>
                </Point>
            </Placemark>
            <Placemark id="609">
                <name>MAGDALENA CORDOVA RUESTA DE ORTIZ</name>
                <description>Miraflores 210 - Bellavista
Bellavista
Bellavista
Piura
Perú</description>
                <styleUrl>#610</styleUrl>
                <Point id="608">
                    <coordinates>-80.672147,-4.8928486,0.0</coordinates>
                </Point>
            </Placemark>
            <Placemark id="614">
                <name>ELIZABETH SANCHEZ GENNELL</name>
                <description>ELIZABETH SANCHEZ GENNELL
CA. SAN ISIDRO N 470 BAR. PORVENIR-BELLAVISTA
Bellavista
Bellavista
Piura
Perú</description>
                <styleUrl>#615</styleUrl>
                <Point id="613">
                    <coordinates>-80.6711911,-4.8902549,0.0</coordinates>
                </Point>
            </Placemark>
            <Placemark id="619">
                <name>NANCY TATIANA VILLASECA AGURTO</name>
                <description>CALLE LAMBAYEQUE 235 / SULLANA
Sullana
Sullana
Piura
Perú</description>
                <styleUrl>#620</styleUrl>
                <Point id="618">
                    <coordinates>-80.681479,-4.8903295,0.0</coordinates>
                </Point>
            </Placemark>
            <Placemark id="624">
                <name>JOSE ONOFRE ATOCHE HEREDIA</name>
                <description>CA.SAN ISIDRO 494 AH PORVEN
Bellavista
Bellavista
Piura
Perú</description>
                <styleUrl>#625</styleUrl>
                <Point id="623">
                    <coordinates>-80.6709839,-4.8900306,0.0</coordinates>
                </Point>
            </Placemark>
            <Placemark id="629">
                <name>LEIDY JAZMIN CISNEROS VIERA</name>
                <description>LUCIANO CASTILLO C 35 -SULLANA
Sullana
Sullana
Piura
Perú</description>
                <styleUrl>#630</styleUrl>
                <Point id="628">
                    <coordinates>-80.6704402,-4.8853895,0.0</coordinates>
                </Point>
            </Placemark>
            <Placemark id="634">
                <name>GLADYS ATOCHE ALBURQUEQUE</name>
                <description>GLADYS ATOCHE ALBURQUEQUE
AA. HH PAREDES MACEDA MZ E-04 BELLA
Sullana
Sullana
Piura
Perú</description>
                <styleUrl>#635</styleUrl>
                <Point id="633">
                    <coordinates>-80.6710943,-4.8841456,0.0</coordinates>
                </Point>
            </Placemark>
            <Placemark id="639">
                <name>MARIA ISABEL ARIZOLA SALES</name>
                <description>Calle Huancavelica 528 Bellavista
Bellavista
Bellavista
Piura
Perú</description>
                <styleUrl>#640</styleUrl>
                <Point id="638">
                    <coordinates>-80.6752532,-4.888485,0.0</coordinates>
                </Point>
            </Placemark>
            <Placemark id="644">
                <name>ROSA ELVIRA CRUZ NUNJAR</name>
                <description>CA.HUANCAVELICA 520 BELLAVISTA
Bellavista
Bellavista
Piura
Perú</description>
                <styleUrl>#645</styleUrl>
                <Point id="643">
                    <coordinates>-80.675549,-4.8885792,0.0</coordinates>
                </Point>
            </Placemark>
            <Placemark id="649">
                <name>CABRERA DE PULACHE CONSUELO</name>
                <description>CA.ANCASH 534 BELLAVISTA
Bellavista
Bellavista
Piura
Perú</description>
                <styleUrl>#650</styleUrl>
                <Point id="648">
                    <coordinates>-80.6757948,-4.8880765,0.0</coordinates>
                </Point>
            </Placemark>
            <Placemark id="654">
                <name>FABIOLA PATRICIA MORE SEMINARIO</name>
                <description>CA.ANCASH 572 Bellavista
Bellavista
Bellavista
Piura
Perú</description>
                <styleUrl>#655</styleUrl>
                <Point id="653">
                    <coordinates>-80.6752491,-4.8874711,0.0</coordinates>
                </Point>
            </Placemark>
            <Placemark id="659">
                <name>MARIA CONSUELO GIRON OJEDA</name>
                <description>Calle Áncash 593
Bellavista
Bellavista
Piura
Perú</description>
                <styleUrl>#660</styleUrl>
                <Point id="658">
                    <coordinates>-80.6749307,-4.8868399,0.0</coordinates>
                </Point>
            </Placemark>
            <Placemark id="664">
                <name>JIMENEZ PETRONILA GIRON DE</name>
                <description>CA.ANCASOCH 641
Bellavista
Bellavista
Piura
Perú</description>
                <styleUrl>#665</styleUrl>
                <Point id="663">
                    <coordinates>-80.6742326,-4.8858374,0.0</coordinates>
                </Point>
            </Placemark>
            <Placemark id="669">
                <name>DIOSES NUNJAR AURORA</name>
                <description>Moquegua 866 - Bellavista
Bellavista
Bellavista
Piura
Perú</description>
                <styleUrl>#670</styleUrl>
                <Point id="668">
                    <coordinates>-80.6736067,-4.8841262,0.0</coordinates>
                </Point>
            </Placemark>
            <Placemark id="674">
                <name>MARIA VIOLETA VILLALTA SIANCAS</name>
                <description>CA.MOQUEGUA MZ E LT 16
Bellavista
Bellavista
Piura
Perú</description>
                <styleUrl>#675</styleUrl>
                <Point id="673">
                    <coordinates>-80.673185,-4.8834074,0.0</coordinates>
                </Point>
            </Placemark>
            <Placemark id="679">
                <name>ADITA ELIZABETH ORDINOLA GIRON</name>
                <description>Moquegua 713 - Bellavista
Bellavista
Bellavista
Piura
Perú</description>
                <styleUrl>#680</styleUrl>
                <Point id="678">
                    <coordinates>-80.6752099,-4.8861082,0.0</coordinates>
                </Point>
            </Placemark>
            <Placemark id="684">
                <name>SANTOS HUANCA ESCOBAR</name>
                <description>CA.CUZCO 711 BELLAVISTA
Bellavista
Bellavista
Piura
Perú</description>
                <styleUrl>#685</styleUrl>
                <Point id="683">
                    <coordinates>-80.6774747,-4.8876953,0.0</coordinates>
                </Point>
            </Placemark>
            <Placemark id="689">
                <name>FRANCISCA LUCRECIA CORDOVA CELI</name>
                <description>FRANCISCA LUCRECIA CORDOVA CELI
LORETO Nº 708,BELLA
Bellavista
Bellavista
Piura
Perú</description>
                <styleUrl>#690</styleUrl>
                <Point id="688">
                    <coordinates>-80.6782709,-4.8872552,0.0</coordinates>
                </Point>
            </Placemark>
            <Placemark id="694">
                <name>YOLANDA MENA MIÑAN</name>
                <description>CA.LAMBAYEQUE 223 Bellavista
Sullana
Sullana
Piura
Perú</description>
                <styleUrl>#695</styleUrl>
                <Point id="693">
                    <coordinates>-80.6815074,-4.8903615,0.0</coordinates>
                </Point>
            </Placemark>
            <Placemark id="699">
                <name>ELSA RODRIGUEZ ROSALES</name>
                <description>CA.GRAU
Sullana
Sullana
Piura
Perú</description>
                <styleUrl>#700</styleUrl>
                <Point id="698">
                    <coordinates>-80.6843467,-4.8896087,0.0</coordinates>
                </Point>
            </Placemark>
        </Folder>
        <Folder id="703">
            <Style id="706">
                <IconStyle id="707">
                    <color>ffff0000</color>
                    <colorMode>normal</colorMode>
                    <scale>1</scale>
                    <heading>0</heading>
                    <Icon id="708">
                        <href>http://maps.google.com/mapfiles/kml/pushpin/ylw-pushpin.png</href>
                    </Icon>
                </IconStyle>
            </Style>
            <Style id="711">
                <IconStyle id="712">
                    <color>ffff0000</color>
                    <colorMode>normal</colorMode>
                    <scale>1</scale>
                    <heading>0</heading>
                    <Icon id="713">
                        <href>http://maps.google.com/mapfiles/kml/pushpin/ylw-pushpin.png</href>
                    </Icon>
                </IconStyle>
            </Style>
            <Style id="716">
                <IconStyle id="717">
                    <color>ffff0000</color>
                    <colorMode>normal</colorMode>
                    <scale>1</scale>
                    <heading>0</heading>
                    <Icon id="718">
                        <href>http://maps.google.com/mapfiles/kml/pushpin/ylw-pushpin.png</href>
                    </Icon>
                </IconStyle>
            </Style>
            <Style id="721">
                <IconStyle id="722">
                    <color>ffff0000</color>
                    <colorMode>normal</colorMode>
                    <scale>1</scale>
                    <heading>0</heading>
                    <Icon id="723">
                        <href>http://maps.google.com/mapfiles/kml/pushpin/ylw-pushpin.png</href>
                    </Icon>
                </IconStyle>
            </Style>
            <Style id="726">
                <IconStyle id="727">
                    <color>ffff0000</color>
                    <colorMode>normal</colorMode>
                    <scale>1</scale>
                    <heading>0</heading>
                    <Icon id="728">
                        <href>http://maps.google.com/mapfiles/kml/pushpin/ylw-pushpin.png</href>
                    </Icon>
                </IconStyle>
            </Style>
            <Style id="731">
                <IconStyle id="732">
                    <color>ffff0000</color>
                    <colorMode>normal</colorMode>
                    <scale>1</scale>
                    <heading>0</heading>
                    <Icon id="733">
                        <href>http://maps.google.com/mapfiles/kml/pushpin/ylw-pushpin.png</href>
                    </Icon>
                </IconStyle>
            </Style>
            <Style id="736">
                <IconStyle id="737">
                    <color>ffff0000</color>
                    <colorMode>normal</colorMode>
                    <scale>1</scale>
                    <heading>0</heading>
                    <Icon id="738">
                        <href>http://maps.google.com/mapfiles/kml/pushpin/ylw-pushpin.png</href>
                    </Icon>
                </IconStyle>
            </Style>
            <Style id="741">
                <IconStyle id="742">
                    <color>ffff0000</color>
                    <colorMode>normal</colorMode>
                    <scale>1</scale>
                    <heading>0</heading>
                    <Icon id="743">
                        <href>http://maps.google.com/mapfiles/kml/pushpin/ylw-pushpin.png</href>
                    </Icon>
                </IconStyle>
            </Style>
            <Style id="746">
                <IconStyle id="747">
                    <color>ffff0000</color>
                    <colorMode>normal</colorMode>
                    <scale>1</scale>
                    <heading>0</heading>
                    <Icon id="748">
                        <href>http://maps.google.com/mapfiles/kml/pushpin/ylw-pushpin.png</href>
                    </Icon>
                </IconStyle>
            </Style>
            <Style id="751">
                <IconStyle id="752">
                    <color>ffff0000</color>
                    <colorMode>normal</colorMode>
                    <scale>1</scale>
                    <heading>0</heading>
                    <Icon id="753">
                        <href>http://maps.google.com/mapfiles/kml/pushpin/ylw-pushpin.png</href>
                    </Icon>
                </IconStyle>
            </Style>
            <Style id="756">
                <IconStyle id="757">
                    <color>ffff0000</color>
                    <colorMode>normal</colorMode>
                    <scale>1</scale>
                    <heading>0</heading>
                    <Icon id="758">
                        <href>http://maps.google.com/mapfiles/kml/pushpin/ylw-pushpin.png</href>
                    </Icon>
                </IconStyle>
            </Style>
            <Style id="761">
                <IconStyle id="762">
                    <color>ffff0000</color>
                    <colorMode>normal</colorMode>
                    <scale>1</scale>
                    <heading>0</heading>
                    <Icon id="763">
                        <href>http://maps.google.com/mapfiles/kml/pushpin/ylw-pushpin.png</href>
                    </Icon>
                </IconStyle>
            </Style>
            <Style id="766">
                <IconStyle id="767">
                    <color>ffff0000</color>
                    <colorMode>normal</colorMode>
                    <scale>1</scale>
                    <heading>0</heading>
                    <Icon id="768">
                        <href>http://maps.google.com/mapfiles/kml/pushpin/ylw-pushpin.png</href>
                    </Icon>
                </IconStyle>
            </Style>
            <Style id="771">
                <IconStyle id="772">
                    <color>ffff0000</color>
                    <colorMode>normal</colorMode>
                    <scale>1</scale>
                    <heading>0</heading>
                    <Icon id="773">
                        <href>http://maps.google.com/mapfiles/kml/pushpin/ylw-pushpin.png</href>
                    </Icon>
                </IconStyle>
            </Style>
            <Style id="776">
                <IconStyle id="777">
                    <color>ffff0000</color>
                    <colorMode>normal</colorMode>
                    <scale>1</scale>
                    <heading>0</heading>
                    <Icon id="778">
                        <href>http://maps.google.com/mapfiles/kml/pushpin/ylw-pushpin.png</href>
                    </Icon>
                </IconStyle>
            </Style>
            <Style id="781">
                <IconStyle id="782">
                    <color>ffff0000</color>
                    <colorMode>normal</colorMode>
                    <scale>1</scale>
                    <heading>0</heading>
                    <Icon id="783">
                        <href>http://maps.google.com/mapfiles/kml/pushpin/ylw-pushpin.png</href>
                    </Icon>
                </IconStyle>
            </Style>
            <Style id="786">
                <IconStyle id="787">
                    <color>ffff0000</color>
                    <colorMode>normal</colorMode>
                    <scale>1</scale>
                    <heading>0</heading>
                    <Icon id="788">
                        <href>http://maps.google.com/mapfiles/kml/pushpin/ylw-pushpin.png</href>
                    </Icon>
                </IconStyle>
            </Style>
            <Style id="791">
                <IconStyle id="792">
                    <color>ffff0000</color>
                    <colorMode>normal</colorMode>
                    <scale>1</scale>
                    <heading>0</heading>
                    <Icon id="793">
                        <href>http://maps.google.com/mapfiles/kml/pushpin/ylw-pushpin.png</href>
                    </Icon>
                </IconStyle>
            </Style>
            <Style id="796">
                <IconStyle id="797">
                    <color>ffff0000</color>
                    <colorMode>normal</colorMode>
                    <scale>1</scale>
                    <heading>0</heading>
                    <Icon id="798">
                        <href>http://maps.google.com/mapfiles/kml/pushpin/ylw-pushpin.png</href>
                    </Icon>
                </IconStyle>
            </Style>
            <Style id="801">
                <IconStyle id="802">
                    <color>ffff0000</color>
                    <colorMode>normal</colorMode>
                    <scale>1</scale>
                    <heading>0</heading>
                    <Icon id="803">
                        <href>http://maps.google.com/mapfiles/kml/pushpin/ylw-pushpin.png</href>
                    </Icon>
                </IconStyle>
            </Style>
            <Style id="806">
                <IconStyle id="807">
                    <color>ffff0000</color>
                    <colorMode>normal</colorMode>
                    <scale>1</scale>
                    <heading>0</heading>
                    <Icon id="808">
                        <href>http://maps.google.com/mapfiles/kml/pushpin/ylw-pushpin.png</href>
                    </Icon>
                </IconStyle>
            </Style>
            <Style id="811">
                <IconStyle id="812">
                    <color>ffff0000</color>
                    <colorMode>normal</colorMode>
                    <scale>1</scale>
                    <heading>0</heading>
                    <Icon id="813">
                        <href>http://maps.google.com/mapfiles/kml/pushpin/ylw-pushpin.png</href>
                    </Icon>
                </IconStyle>
            </Style>
            <Style id="816">
                <IconStyle id="817">
                    <color>ffff0000</color>
                    <colorMode>normal</colorMode>
                    <scale>1</scale>
                    <heading>0</heading>
                    <Icon id="818">
                        <href>http://maps.google.com/mapfiles/kml/pushpin/ylw-pushpin.png</href>
                    </Icon>
                </IconStyle>
            </Style>
            <Style id="821">
                <IconStyle id="822">
                    <color>ffff0000</color>
                    <colorMode>normal</colorMode>
                    <scale>1</scale>
                    <heading>0</heading>
                    <Icon id="823">
                        <href>http://maps.google.com/mapfiles/kml/pushpin/ylw-pushpin.png</href>
                    </Icon>
                </IconStyle>
            </Style>
            <Style id="826">
                <IconStyle id="827">
                    <color>ffff0000</color>
                    <colorMode>normal</colorMode>
                    <scale>1</scale>
                    <heading>0</heading>
                    <Icon id="828">
                        <href>http://maps.google.com/mapfiles/kml/pushpin/ylw-pushpin.png</href>
                    </Icon>
                </IconStyle>
            </Style>
            <Style id="831">
                <IconStyle id="832">
                    <color>ffff0000</color>
                    <colorMode>normal</colorMode>
                    <scale>1</scale>
                    <heading>0</heading>
                    <Icon id="833">
                        <href>http://maps.google.com/mapfiles/kml/pushpin/ylw-pushpin.png</href>
                    </Icon>
                </IconStyle>
            </Style>
            <Style id="836">
                <IconStyle id="837">
                    <color>ffff0000</color>
                    <colorMode>normal</colorMode>
                    <scale>1</scale>
                    <heading>0</heading>
                    <Icon id="838">
                        <href>http://maps.google.com/mapfiles/kml/pushpin/ylw-pushpin.png</href>
                    </Icon>
                </IconStyle>
            </Style>
            <Style id="841">
                <IconStyle id="842">
                    <color>ffff0000</color>
                    <colorMode>normal</colorMode>
                    <scale>1</scale>
                    <heading>0</heading>
                    <Icon id="843">
                        <href>http://maps.google.com/mapfiles/kml/pushpin/ylw-pushpin.png</href>
                    </Icon>
                </IconStyle>
            </Style>
            <Style id="846">
                <IconStyle id="847">
                    <color>ffff0000</color>
                    <colorMode>normal</colorMode>
                    <scale>1</scale>
                    <heading>0</heading>
                    <Icon id="848">
                        <href>http://maps.google.com/mapfiles/kml/pushpin/ylw-pushpin.png</href>
                    </Icon>
                </IconStyle>
            </Style>
            <Style id="851">
                <IconStyle id="852">
                    <color>ffff0000</color>
                    <colorMode>normal</colorMode>
                    <scale>1</scale>
                    <heading>0</heading>
                    <Icon id="853">
                        <href>http://maps.google.com/mapfiles/kml/pushpin/ylw-pushpin.png</href>
                    </Icon>
                </IconStyle>
            </Style>
            <Style id="856">
                <IconStyle id="857">
                    <color>ffff0000</color>
                    <colorMode>normal</colorMode>
                    <scale>1</scale>
                    <heading>0</heading>
                    <Icon id="858">
                        <href>http://maps.google.com/mapfiles/kml/pushpin/ylw-pushpin.png</href>
                    </Icon>
                </IconStyle>
            </Style>
            <Style id="861">
                <IconStyle id="862">
                    <color>ffff0000</color>
                    <colorMode>normal</colorMode>
                    <scale>1</scale>
                    <heading>0</heading>
                    <Icon id="863">
                        <href>http://maps.google.com/mapfiles/kml/pushpin/ylw-pushpin.png</href>
                    </Icon>
                </IconStyle>
            </Style>
            <Style id="866">
                <IconStyle id="867">
                    <color>ffff0000</color>
                    <colorMode>normal</colorMode>
                    <scale>1</scale>
                    <heading>0</heading>
                    <Icon id="868">
                        <href>http://maps.google.com/mapfiles/kml/pushpin/ylw-pushpin.png</href>
                    </Icon>
                </IconStyle>
            </Style>
            <Style id="871">
                <IconStyle id="872">
                    <color>ffff0000</color>
                    <colorMode>normal</colorMode>
                    <scale>1</scale>
                    <heading>0</heading>
                    <Icon id="873">
                        <href>http://maps.google.com/mapfiles/kml/pushpin/ylw-pushpin.png</href>
                    </Icon>
                </IconStyle>
            </Style>
            <Style id="876">
                <IconStyle id="877">
                    <color>ffff0000</color>
                    <colorMode>normal</colorMode>
                    <scale>1</scale>
                    <heading>0</heading>
                    <Icon id="878">
                        <href>http://maps.google.com/mapfiles/kml/pushpin/ylw-pushpin.png</href>
                    </Icon>
                </IconStyle>
            </Style>
            <Style id="881">
                <IconStyle id="882">
                    <color>ffff0000</color>
                    <colorMode>normal</colorMode>
                    <scale>1</scale>
                    <heading>0</heading>
                    <Icon id="883">
                        <href>http://maps.google.com/mapfiles/kml/pushpin/ylw-pushpin.png</href>
                    </Icon>
                </IconStyle>
            </Style>
            <Style id="886">
                <IconStyle id="887">
                    <color>ffff0000</color>
                    <colorMode>normal</colorMode>
                    <scale>1</scale>
                    <heading>0</heading>
                    <Icon id="888">
                        <href>http://maps.google.com/mapfiles/kml/pushpin/ylw-pushpin.png</href>
                    </Icon>
                </IconStyle>
            </Style>
            <Style id="891">
                <IconStyle id="892">
                    <color>ffff0000</color>
                    <colorMode>normal</colorMode>
                    <scale>1</scale>
                    <heading>0</heading>
                    <Icon id="893">
                        <href>http://maps.google.com/mapfiles/kml/pushpin/ylw-pushpin.png</href>
                    </Icon>
                </IconStyle>
            </Style>
            <Style id="896">
                <IconStyle id="897">
                    <color>ffff0000</color>
                    <colorMode>normal</colorMode>
                    <scale>1</scale>
                    <heading>0</heading>
                    <Icon id="898">
                        <href>http://maps.google.com/mapfiles/kml/pushpin/ylw-pushpin.png</href>
                    </Icon>
                </IconStyle>
            </Style>
            <name>JACIEL MOGOLLON ALVARADO</name>
            <Placemark id="705">
                <name>JOSE MANUEL CHUNGA PAICO</name>
                <description>SECT LA PUNTA S/N MCDO BELLAVISTA frente al pescado
Sullana
Sullana
Piura
Perú</description>
                <styleUrl>#706</styleUrl>
                <Point id="704">
                    <coordinates>-80.682319,-4.8934019,0.0</coordinates>
                </Point>
            </Placemark>
            <Placemark id="710">
                <name>VASQUEZ REYES YESSICA PATRICIA</name>
                <description>VASQUEZ REYES YESSICA PATRICIA
MZA. DLOTE 01 PARQUE INDUSTRIAL ( EX TERMINAL PESQUERO ) PIURA - SULLANA 
Sullana
-Sullana
Piura
Perú</description>
                <styleUrl>#711</styleUrl>
                <Point id="709">
                    <coordinates>-80.678827,-4.9152949,0.0</coordinates>
                </Point>
            </Placemark>
            <Placemark id="715">
                <name>NIÑO ABAD LAURENTINA</name>
                <description>NIÑO ABAD LAURENTINA
PRO AV BUENOS AIRES / ZONA INDUSTRIAL FRENTE AL CEBOLLERO
Sullana
Sullana
Piura
Perú</description>
                <styleUrl>#716</styleUrl>
                <Point id="714">
                    <coordinates>-80.6786219,-4.9155829,0.0</coordinates>
                </Point>
            </Placemark>
            <Placemark id="720">
                <name>JESUS FELIPE PLASENCIA REGALADO</name>
                <description>MERCADO MAYORISTA CEBOLLERO
Sullana
Sullana
Piura
Perú</description>
                <styleUrl>#721</styleUrl>
                <Point id="719">
                    <coordinates>-80.6794409,-4.9130793,0.0</coordinates>
                </Point>
            </Placemark>
            <Placemark id="725">
                <name>JOSE PORFIRIO ANDRADE ESPINOZA</name>
                <description>Calle Bernardo alcedo 250
Sullana
Sullana
Piura
Perú</description>
                <styleUrl>#726</styleUrl>
                <Point id="724">
                    <coordinates>-80.6831591,-4.8920828,0.0</coordinates>
                </Point>
            </Placemark>
            <Placemark id="730">
                <name>VASQUEZ REYES YESSICA PATRICIA</name>
                <description>VASQUEZ REYES YESSICA PATRICIA
MZA. DLOTE 01 PARQUE INDUSTRIAL ( EX TERMINAL PESQUERO ) PIURA - SULLANA 
Sullana
-Sullana
Piura
Perú</description>
                <styleUrl>#731</styleUrl>
                <Point id="729">
                    <coordinates>-80.678827,-4.9152949,0.0</coordinates>
                </Point>
            </Placemark>
            <Placemark id="735">
                <name>MARIA J GODOS ARMESTAR DE VILLALTA</name>
                <description>MARIA J GODOS ARMESTAR DE VILLALTA
CA.JOSE MARIA RAYGADA 129
Sullana
Sullana
Piura
Perú</description>
                <styleUrl>#736</styleUrl>
                <Point id="734">
                    <coordinates>-80.6803083,-4.9032168,0.0</coordinates>
                </Point>
            </Placemark>
            <Placemark id="740">
                <name>ASCENCIO NAVELIZA ROJAS VDA.DE</name>
                <description>ASCENCIO NAVELIZA ROJAS VDA.DE
JOSE M. RAYGADA 368-9 DE OCTUBRE
Sullana
Sullana
Piura
Perú</description>
                <styleUrl>#741</styleUrl>
                <Point id="739">
                    <coordinates>-80.6783791,-4.9028581,0.0</coordinates>
                </Point>
            </Placemark>
            <Placemark id="745">
                <name>LUISA RAMIREZ FLORES</name>
                <description>CA.JOSE MARIA RAYGADA 497 SULLANA
Sullana
Sullana
Piura
Perú</description>
                <styleUrl>#746</styleUrl>
                <Point id="744">
                    <coordinates>-80.6773505,-4.9026756,0.0</coordinates>
                </Point>
            </Placemark>
            <Placemark id="750">
                <name>NANCY CONCEPCION GALVEZ SAAVEDRA</name>
                <description>Calle San Pedro 289 9 de octubre sullana
Sullana
Sullana
Piura
Perú</description>
                <styleUrl>#751</styleUrl>
                <Point id="749">
                    <coordinates>-80.6741185,-4.9026606,0.0</coordinates>
                </Point>
            </Placemark>
            <Placemark id="755">
                <name>SANTOS HUMBERTO REYES AVALOS</name>
                <description>SANTOS HUMBERTO REYES AVALOS
CA. SAN PEDRO 302 AA. HH9 DE OCTUBRE - SULLANA
Sullana
Sullana
Piura
Perú</description>
                <styleUrl>#756</styleUrl>
                <Point id="754">
                    <coordinates>-80.674088,-4.903124,0.0</coordinates>
                </Point>
            </Placemark>
            <Placemark id="760">
                <name>ADELAIDA CASTILLO CRUZ</name>
                <description>CA.SAN JUAN N269 AA. HH 09 DE OCTUB
Sullana
Sullana
Piura
Perú</description>
                <styleUrl>#761</styleUrl>
                <Point id="759">
                    <coordinates>-80.6751431,-4.9029557,0.0</coordinates>
                </Point>
            </Placemark>
            <Placemark id="765">
                <name>ROSA YSABEL SIANCAS GUZMAN</name>
                <description>ROSA YSABEL SIANCAS GUZMAN
CA.SAN JOSE 381 9 DE OCTUBRE SULLAN
Sullana
Sullana
Piura
Perú</description>
                <styleUrl>#766</styleUrl>
                <Point id="764">
                    <coordinates>-80.6753957,-4.9038171,0.0</coordinates>
                </Point>
            </Placemark>
            <Placemark id="770">
                <name>MARY FIDELIA BALCAZAR AGUILAR</name>
                <description>CA.VICHAYAL N498 AA. HH 09 DE OCTUB
Sullana
Sullana
Piura
Perú</description>
                <styleUrl>#771</styleUrl>
                <Point id="769">
                    <coordinates>-80.6762281,-4.9047494,0.0</coordinates>
                </Point>
            </Placemark>
            <Placemark id="775">
                <name>MARY FIDELIA BALCAZAR AGUILAR</name>
                <description>CA.VICHAYAL N498 AA. HH 09 DE OCTUB
Sullana
Sullana
Piura
Perú</description>
                <styleUrl>#776</styleUrl>
                <Point id="774">
                    <coordinates>-80.6762281,-4.9047494,0.0</coordinates>
                </Point>
            </Placemark>
            <Placemark id="780">
                <name>JUAN MANUEL GIRON CARMEN</name>
                <description>JUAN MANUEL GIRON CARMEN
CA.AUGUSTO B LEGUIA 445
Sullana
Sullana
Piura
Perú</description>
                <styleUrl>#781</styleUrl>
                <Point id="779">
                    <coordinates>-80.6773783,-4.904575,0.0</coordinates>
                </Point>
            </Placemark>
            <Placemark id="785">
                <name>NANCY URBINA YACILA</name>
                <description>NANCY URBINA YACILA
CA.A.B. LEGUIA 333 9 DE OCTUBRE S
Sullana
Sullana
Piura
Perú</description>
                <styleUrl>#786</styleUrl>
                <Point id="784">
                    <coordinates>-80.6782644,-4.9046767,0.0</coordinates>
                </Point>
            </Placemark>
            <Placemark id="790">
                <name>REINA ROSSANA PULACHE PULACHE</name>
                <description>CA.VICHAYAL 844 AA. HH 9 DE OCTUBRE-SULLANA
Sullana
Sullana
Piura
Perú</description>
                <styleUrl>#791</styleUrl>
                <Point id="789">
                    <coordinates>-80.6758287,-4.9068468,0.0</coordinates>
                </Point>
            </Placemark>
            <Placemark id="795">
                <name>MARCHENA TACURE CRISTINO</name>
                <description>MARCHENA TACURE CRISTINO
Calle amotape 1093 9 de octubre
Sullana
Sullana
Piura
Perú</description>
                <styleUrl>#796</styleUrl>
                <Point id="794">
                    <coordinates>-80.678857,-4.9088799,0.0</coordinates>
                </Point>
            </Placemark>
            <Placemark id="800">
                <name>MARCHENA TACURE CRISTINO</name>
                <description>MARCHENA TACURE CRISTINO
Calle amotape 1093 9 de octubre
Sullana
Sullana
Piura
Perú</description>
                <styleUrl>#801</styleUrl>
                <Point id="799">
                    <coordinates>-80.678857,-4.9088799,0.0</coordinates>
                </Point>
            </Placemark>
            <Placemark id="805">
                <name>MELISA DEL ROCIO CASQUERO CARMEN</name>
                <description>TRANSV.13 DICIEMBRE 425 9 DE OCTUBRE
Sullana
Sullana
Piura
Perú</description>
                <styleUrl>#806</styleUrl>
                <Point id="804">
                    <coordinates>-80.6771363,-4.9098495,0.0</coordinates>
                </Point>
            </Placemark>
            <Placemark id="810">
                <name>MELISA DEL ROCIO CASQUERO CARMEN</name>
                <description>TRANSV.13 DICIEMBRE 425 9 DE OCTUBRE
Sullana
Sullana
Piura
Perú</description>
                <styleUrl>#811</styleUrl>
                <Point id="809">
                    <coordinates>-80.6771363,-4.9098495,0.0</coordinates>
                </Point>
            </Placemark>
            <Placemark id="815">
                <name>ANDREA SANCHEZ SARANGO</name>
                <description>ANDREA SANCHEZ SARANGO
CA.SAENZ PEÑA 584 AA. HH 9 DE OCTUB
Sullana
Sullana
Piura
Perú</description>
                <styleUrl>#816</styleUrl>
                <Point id="814">
                    <coordinates>-80.6759235,-4.9102055,0.0</coordinates>
                </Point>
            </Placemark>
            <Placemark id="820">
                <name>JUANITA MAZA NIMA</name>
                <description>CA.SAN PEDRO 920 AA. HH9 DE OCTUBRE
Sullana
Sullana
Piura
Perú</description>
                <styleUrl>#821</styleUrl>
                <Point id="819">
                    <coordinates>-80.6731826,-4.9073513,0.0</coordinates>
                </Point>
            </Placemark>
            <Placemark id="825">
                <name>RUBEN MESTANZA TAPIA</name>
                <description>CA.RICARDO PALMA N909 AA. HH JESUSMARIA - SULLANA
Sullana
Sullana
Piura
Perú</description>
                <styleUrl>#826</styleUrl>
                <Point id="824">
                    <coordinates>-80.6726599,-4.9069218,0.0</coordinates>
                </Point>
            </Placemark>
            <Placemark id="830">
                <name>RUBEN MESTANZA TAPIA</name>
                <description>CA.RICARDO PALMA N909 AA. HH JESUSMARIA - SULLANA
Sullana
Sullana
Piura
Perú</description>
                <styleUrl>#831</styleUrl>
                <Point id="829">
                    <coordinates>-80.6726599,-4.9069218,0.0</coordinates>
                </Point>
            </Placemark>
            <Placemark id="835">
                <name>OLEOFE CULQUICONDOR CASTILLO</name>
                <description>TRANSV EMILIO ESPINOZA MZ F LT 16 JESUS MARIA
Sullana
Sullana
Piura
Perú</description>
                <styleUrl>#836</styleUrl>
                <Point id="834">
                    <coordinates>-80.6726037,-4.9079194,0.0</coordinates>
                </Point>
            </Placemark>
            <Placemark id="840">
                <name>SILVIA JANET VALDIVIESO GARCIA</name>
                <description>CA.SAN ISIDRO MZ D LT 1 AAA. HHH
Sullana
Sullana
Piura
Perú</description>
                <styleUrl>#841</styleUrl>
                <Point id="839">
                    <coordinates>-80.6730716,-4.9092628,0.0</coordinates>
                </Point>
            </Placemark>
            <Placemark id="845">
                <name>LEYSI ALVARADO CALLE</name>
                <description>CALLE SAN PEDRO MZ B2 LOTE 28
Sullana
Sullana
Piura
Perú</description>
                <styleUrl>#846</styleUrl>
                <Point id="844">
                    <coordinates>-80.6723977,-4.9105973,0.0</coordinates>
                </Point>
            </Placemark>
            <Placemark id="850">
                <name>LEYSI ALVARADO CALLE</name>
                <description>CALLE SAN PEDRO MZ B2 LOTE 28
Sullana
Sullana
Piura
Perú</description>
                <styleUrl>#851</styleUrl>
                <Point id="849">
                    <coordinates>-80.6723977,-4.9105973,0.0</coordinates>
                </Point>
            </Placemark>
            <Placemark id="855">
                <name>GLADIS MULATILLO ABAD</name>
                <description>CA.LOS PINOS MZ 0E LT 02
Sullana

Piura
Perú</description>
                <styleUrl>#856</styleUrl>
                <Point id="854">
                    <coordinates>-80.668401,-4.912024,0.0</coordinates>
                </Point>
            </Placemark>
            <Placemark id="860">
                <name>GLADIS MULATILLO ABAD</name>
                <description>CA.LOS PINOS MZ 0E LT 02
Sullana

Piura
Perú</description>
                <styleUrl>#861</styleUrl>
                <Point id="859">
                    <coordinates>-80.668401,-4.912024,0.0</coordinates>
                </Point>
            </Placemark>
            <Placemark id="865">
                <name>ODALIS ALVARADO CALLE</name>
                <description>CA.TRES 59 U.P. VILA LA PAZ
Sullana

Piura
Perú</description>
                <styleUrl>#866</styleUrl>
                <Point id="864">
                    <coordinates>-80.668464,-4.912038,0.0</coordinates>
                </Point>
            </Placemark>
            <Placemark id="870">
                <name>ODALIS ALVARADO CALLE</name>
                <description>CA.TRES 59 U.P. VILA LA PAZ
Sullana

Piura
Perú</description>
                <styleUrl>#871</styleUrl>
                <Point id="869">
                    <coordinates>-80.668464,-4.912038,0.0</coordinates>
                </Point>
            </Placemark>
            <Placemark id="875">
                <name>SANTOS ELIZABETH GONZALES HIDALGO</name>
                <description>SANTOS ELIZABETH GONZALES HIDALGO
CA.SAN JOSE 1519 AA. HH 9 DE OCTUBRE-SULLANA
Sullana
Sullana
Piura
Perú</description>
                <styleUrl>#876</styleUrl>
                <Point id="874">
                    <coordinates>-80.6738774,-4.911261,0.0</coordinates>
                </Point>
            </Placemark>
            <Placemark id="880">
                <name>JESUS FELIPE PLASENCIA REGALADO</name>
                <description>MERCADO MAYORISTA CEBOLLERO
Sullana
Sullana
Piura
Perú</description>
                <styleUrl>#881</styleUrl>
                <Point id="879">
                    <coordinates>-80.6794409,-4.9130793,0.0</coordinates>
                </Point>
            </Placemark>
            <Placemark id="885">
                <name>SANTOS ELIZABETH GONZALES HIDALGO</name>
                <description>SANTOS ELIZABETH GONZALES HIDALGO
CA.SAN JOSE 1519 AA. HH 9 DE OCTUBRE-SULLANA
Sullana
Sullana
Piura
Perú</description>
                <styleUrl>#886</styleUrl>
                <Point id="884">
                    <coordinates>-80.6738774,-4.911261,0.0</coordinates>
                </Point>
            </Placemark>
            <Placemark id="890">
                <name>NIÑO ABAD LAURENTINA</name>
                <description>NIÑO ABAD LAURENTINA
PRO AV BUENOS AIRES / ZONA INDUSTRIAL FRENTE AL CEBOLLERO
Sullana
Sullana
Piura
Perú</description>
                <styleUrl>#891</styleUrl>
                <Point id="889">
                    <coordinates>-80.6786219,-4.9155829,0.0</coordinates>
                </Point>
            </Placemark>
            <Placemark id="895">
                <name>COMERCIAL F &amp; S DEL NORTE E.I.R.L.</name>
                <description>COMERCIAL F &amp; S DEL NORTE E.I.R.L.
MCDO B.AIRES 13 CEBOLLERO
Sullana
200601Sullana
Piura
Perú</description>
                <styleUrl>#896</styleUrl>
                <Point id="894">
                    <coordinates>-80.6774123,-4.9156459,0.0</coordinates>
                </Point>
            </Placemark>
        </Folder>
        <Folder id="899">
            <Style id="902">
                <IconStyle id="903">
                    <color>ff008000</color>
                    <colorMode>normal</colorMode>
                    <scale>1</scale>
                    <heading>0</heading>
                    <Icon id="904">
                        <href>http://maps.google.com/mapfiles/kml/pushpin/ylw-pushpin.png</href>
                    </Icon>
                </IconStyle>
            </Style>
            <Style id="907">
                <IconStyle id="908">
                    <color>ff008000</color>
                    <colorMode>normal</colorMode>
                    <scale>1</scale>
                    <heading>0</heading>
                    <Icon id="909">
                        <href>http://maps.google.com/mapfiles/kml/pushpin/ylw-pushpin.png</href>
                    </Icon>
                </IconStyle>
            </Style>
            <Style id="912">
                <IconStyle id="913">
                    <color>ff008000</color>
                    <colorMode>normal</colorMode>
                    <scale>1</scale>
                    <heading>0</heading>
                    <Icon id="914">
                        <href>http://maps.google.com/mapfiles/kml/pushpin/ylw-pushpin.png</href>
                    </Icon>
                </IconStyle>
            </Style>
            <Style id="917">
                <IconStyle id="918">
                    <color>ff008000</color>
                    <colorMode>normal</colorMode>
                    <scale>1</scale>
                    <heading>0</heading>
                    <Icon id="919">
                        <href>http://maps.google.com/mapfiles/kml/pushpin/ylw-pushpin.png</href>
                    </Icon>
                </IconStyle>
            </Style>
            <Style id="922">
                <IconStyle id="923">
                    <color>ff008000</color>
                    <colorMode>normal</colorMode>
                    <scale>1</scale>
                    <heading>0</heading>
                    <Icon id="924">
                        <href>http://maps.google.com/mapfiles/kml/pushpin/ylw-pushpin.png</href>
                    </Icon>
                </IconStyle>
            </Style>
            <Style id="927">
                <IconStyle id="928">
                    <color>ff008000</color>
                    <colorMode>normal</colorMode>
                    <scale>1</scale>
                    <heading>0</heading>
                    <Icon id="929">
                        <href>http://maps.google.com/mapfiles/kml/pushpin/ylw-pushpin.png</href>
                    </Icon>
                </IconStyle>
            </Style>
            <Style id="932">
                <IconStyle id="933">
                    <color>ff008000</color>
                    <colorMode>normal</colorMode>
                    <scale>1</scale>
                    <heading>0</heading>
                    <Icon id="934">
                        <href>http://maps.google.com/mapfiles/kml/pushpin/ylw-pushpin.png</href>
                    </Icon>
                </IconStyle>
            </Style>
            <Style id="937">
                <IconStyle id="938">
                    <color>ff008000</color>
                    <colorMode>normal</colorMode>
                    <scale>1</scale>
                    <heading>0</heading>
                    <Icon id="939">
                        <href>http://maps.google.com/mapfiles/kml/pushpin/ylw-pushpin.png</href>
                    </Icon>
                </IconStyle>
            </Style>
            <Style id="942">
                <IconStyle id="943">
                    <color>ff008000</color>
                    <colorMode>normal</colorMode>
                    <scale>1</scale>
                    <heading>0</heading>
                    <Icon id="944">
                        <href>http://maps.google.com/mapfiles/kml/pushpin/ylw-pushpin.png</href>
                    </Icon>
                </IconStyle>
            </Style>
            <Style id="947">
                <IconStyle id="948">
                    <color>ff008000</color>
                    <colorMode>normal</colorMode>
                    <scale>1</scale>
                    <heading>0</heading>
                    <Icon id="949">
                        <href>http://maps.google.com/mapfiles/kml/pushpin/ylw-pushpin.png</href>
                    </Icon>
                </IconStyle>
            </Style>
            <Style id="952">
                <IconStyle id="953">
                    <color>ff008000</color>
                    <colorMode>normal</colorMode>
                    <scale>1</scale>
                    <heading>0</heading>
                    <Icon id="954">
                        <href>http://maps.google.com/mapfiles/kml/pushpin/ylw-pushpin.png</href>
                    </Icon>
                </IconStyle>
            </Style>
            <Style id="957">
                <IconStyle id="958">
                    <color>ff008000</color>
                    <colorMode>normal</colorMode>
                    <scale>1</scale>
                    <heading>0</heading>
                    <Icon id="959">
                        <href>http://maps.google.com/mapfiles/kml/pushpin/ylw-pushpin.png</href>
                    </Icon>
                </IconStyle>
            </Style>
            <Style id="962">
                <IconStyle id="963">
                    <color>ff008000</color>
                    <colorMode>normal</colorMode>
                    <scale>1</scale>
                    <heading>0</heading>
                    <Icon id="964">
                        <href>http://maps.google.com/mapfiles/kml/pushpin/ylw-pushpin.png</href>
                    </Icon>
                </IconStyle>
            </Style>
            <Style id="967">
                <IconStyle id="968">
                    <color>ff008000</color>
                    <colorMode>normal</colorMode>
                    <scale>1</scale>
                    <heading>0</heading>
                    <Icon id="969">
                        <href>http://maps.google.com/mapfiles/kml/pushpin/ylw-pushpin.png</href>
                    </Icon>
                </IconStyle>
            </Style>
            <Style id="972">
                <IconStyle id="973">
                    <color>ff008000</color>
                    <colorMode>normal</colorMode>
                    <scale>1</scale>
                    <heading>0</heading>
                    <Icon id="974">
                        <href>http://maps.google.com/mapfiles/kml/pushpin/ylw-pushpin.png</href>
                    </Icon>
                </IconStyle>
            </Style>
            <Style id="977">
                <IconStyle id="978">
                    <color>ff008000</color>
                    <colorMode>normal</colorMode>
                    <scale>1</scale>
                    <heading>0</heading>
                    <Icon id="979">
                        <href>http://maps.google.com/mapfiles/kml/pushpin/ylw-pushpin.png</href>
                    </Icon>
                </IconStyle>
            </Style>
            <Style id="982">
                <IconStyle id="983">
                    <color>ff008000</color>
                    <colorMode>normal</colorMode>
                    <scale>1</scale>
                    <heading>0</heading>
                    <Icon id="984">
                        <href>http://maps.google.com/mapfiles/kml/pushpin/ylw-pushpin.png</href>
                    </Icon>
                </IconStyle>
            </Style>
            <Style id="987">
                <IconStyle id="988">
                    <color>ff008000</color>
                    <colorMode>normal</colorMode>
                    <scale>1</scale>
                    <heading>0</heading>
                    <Icon id="989">
                        <href>http://maps.google.com/mapfiles/kml/pushpin/ylw-pushpin.png</href>
                    </Icon>
                </IconStyle>
            </Style>
            <Style id="992">
                <IconStyle id="993">
                    <color>ff008000</color>
                    <colorMode>normal</colorMode>
                    <scale>1</scale>
                    <heading>0</heading>
                    <Icon id="994">
                        <href>http://maps.google.com/mapfiles/kml/pushpin/ylw-pushpin.png</href>
                    </Icon>
                </IconStyle>
            </Style>
            <Style id="997">
                <IconStyle id="998">
                    <color>ff008000</color>
                    <colorMode>normal</colorMode>
                    <scale>1</scale>
                    <heading>0</heading>
                    <Icon id="999">
                        <href>http://maps.google.com/mapfiles/kml/pushpin/ylw-pushpin.png</href>
                    </Icon>
                </IconStyle>
            </Style>
            <Style id="1002">
                <IconStyle id="1003">
                    <color>ff008000</color>
                    <colorMode>normal</colorMode>
                    <scale>1</scale>
                    <heading>0</heading>
                    <Icon id="1004">
                        <href>http://maps.google.com/mapfiles/kml/pushpin/ylw-pushpin.png</href>
                    </Icon>
                </IconStyle>
            </Style>
            <Style id="1007">
                <IconStyle id="1008">
                    <color>ff008000</color>
                    <colorMode>normal</colorMode>
                    <scale>1</scale>
                    <heading>0</heading>
                    <Icon id="1009">
                        <href>http://maps.google.com/mapfiles/kml/pushpin/ylw-pushpin.png</href>
                    </Icon>
                </IconStyle>
            </Style>
            <Style id="1012">
                <IconStyle id="1013">
                    <color>ff008000</color>
                    <colorMode>normal</colorMode>
                    <scale>1</scale>
                    <heading>0</heading>
                    <Icon id="1014">
                        <href>http://maps.google.com/mapfiles/kml/pushpin/ylw-pushpin.png</href>
                    </Icon>
                </IconStyle>
            </Style>
            <Style id="1017">
                <IconStyle id="1018">
                    <color>ff008000</color>
                    <colorMode>normal</colorMode>
                    <scale>1</scale>
                    <heading>0</heading>
                    <Icon id="1019">
                        <href>http://maps.google.com/mapfiles/kml/pushpin/ylw-pushpin.png</href>
                    </Icon>
                </IconStyle>
            </Style>
            <Style id="1022">
                <IconStyle id="1023">
                    <color>ff008000</color>
                    <colorMode>normal</colorMode>
                    <scale>1</scale>
                    <heading>0</heading>
                    <Icon id="1024">
                        <href>http://maps.google.com/mapfiles/kml/pushpin/ylw-pushpin.png</href>
                    </Icon>
                </IconStyle>
            </Style>
            <Style id="1027">
                <IconStyle id="1028">
                    <color>ff008000</color>
                    <colorMode>normal</colorMode>
                    <scale>1</scale>
                    <heading>0</heading>
                    <Icon id="1029">
                        <href>http://maps.google.com/mapfiles/kml/pushpin/ylw-pushpin.png</href>
                    </Icon>
                </IconStyle>
            </Style>
            <Style id="1032">
                <IconStyle id="1033">
                    <color>ff008000</color>
                    <colorMode>normal</colorMode>
                    <scale>1</scale>
                    <heading>0</heading>
                    <Icon id="1034">
                        <href>http://maps.google.com/mapfiles/kml/pushpin/ylw-pushpin.png</href>
                    </Icon>
                </IconStyle>
            </Style>
            <Style id="1037">
                <IconStyle id="1038">
                    <color>ff008000</color>
                    <colorMode>normal</colorMode>
                    <scale>1</scale>
                    <heading>0</heading>
                    <Icon id="1039">
                        <href>http://maps.google.com/mapfiles/kml/pushpin/ylw-pushpin.png</href>
                    </Icon>
                </IconStyle>
            </Style>
            <Style id="1042">
                <IconStyle id="1043">
                    <color>ff008000</color>
                    <colorMode>normal</colorMode>
                    <scale>1</scale>
                    <heading>0</heading>
                    <Icon id="1044">
                        <href>http://maps.google.com/mapfiles/kml/pushpin/ylw-pushpin.png</href>
                    </Icon>
                </IconStyle>
            </Style>
            <Style id="1047">
                <IconStyle id="1048">
                    <color>ff008000</color>
                    <colorMode>normal</colorMode>
                    <scale>1</scale>
                    <heading>0</heading>
                    <Icon id="1049">
                        <href>http://maps.google.com/mapfiles/kml/pushpin/ylw-pushpin.png</href>
                    </Icon>
                </IconStyle>
            </Style>
            <Style id="1052">
                <IconStyle id="1053">
                    <color>ff008000</color>
                    <colorMode>normal</colorMode>
                    <scale>1</scale>
                    <heading>0</heading>
                    <Icon id="1054">
                        <href>http://maps.google.com/mapfiles/kml/pushpin/ylw-pushpin.png</href>
                    </Icon>
                </IconStyle>
            </Style>
            <Style id="1057">
                <IconStyle id="1058">
                    <color>ff008000</color>
                    <colorMode>normal</colorMode>
                    <scale>1</scale>
                    <heading>0</heading>
                    <Icon id="1059">
                        <href>http://maps.google.com/mapfiles/kml/pushpin/ylw-pushpin.png</href>
                    </Icon>
                </IconStyle>
            </Style>
            <Style id="1062">
                <IconStyle id="1063">
                    <color>ff008000</color>
                    <colorMode>normal</colorMode>
                    <scale>1</scale>
                    <heading>0</heading>
                    <Icon id="1064">
                        <href>http://maps.google.com/mapfiles/kml/pushpin/ylw-pushpin.png</href>
                    </Icon>
                </IconStyle>
            </Style>
            <Style id="1067">
                <IconStyle id="1068">
                    <color>ff008000</color>
                    <colorMode>normal</colorMode>
                    <scale>1</scale>
                    <heading>0</heading>
                    <Icon id="1069">
                        <href>http://maps.google.com/mapfiles/kml/pushpin/ylw-pushpin.png</href>
                    </Icon>
                </IconStyle>
            </Style>
            <Style id="1072">
                <IconStyle id="1073">
                    <color>ff008000</color>
                    <colorMode>normal</colorMode>
                    <scale>1</scale>
                    <heading>0</heading>
                    <Icon id="1074">
                        <href>http://maps.google.com/mapfiles/kml/pushpin/ylw-pushpin.png</href>
                    </Icon>
                </IconStyle>
            </Style>
            <Style id="1077">
                <IconStyle id="1078">
                    <color>ff008000</color>
                    <colorMode>normal</colorMode>
                    <scale>1</scale>
                    <heading>0</heading>
                    <Icon id="1079">
                        <href>http://maps.google.com/mapfiles/kml/pushpin/ylw-pushpin.png</href>
                    </Icon>
                </IconStyle>
            </Style>
            <Style id="1082">
                <IconStyle id="1083">
                    <color>ff008000</color>
                    <colorMode>normal</colorMode>
                    <scale>1</scale>
                    <heading>0</heading>
                    <Icon id="1084">
                        <href>http://maps.google.com/mapfiles/kml/pushpin/ylw-pushpin.png</href>
                    </Icon>
                </IconStyle>
            </Style>
            <Style id="1087">
                <IconStyle id="1088">
                    <color>ff008000</color>
                    <colorMode>normal</colorMode>
                    <scale>1</scale>
                    <heading>0</heading>
                    <Icon id="1089">
                        <href>http://maps.google.com/mapfiles/kml/pushpin/ylw-pushpin.png</href>
                    </Icon>
                </IconStyle>
            </Style>
            <Style id="1092">
                <IconStyle id="1093">
                    <color>ff008000</color>
                    <colorMode>normal</colorMode>
                    <scale>1</scale>
                    <heading>0</heading>
                    <Icon id="1094">
                        <href>http://maps.google.com/mapfiles/kml/pushpin/ylw-pushpin.png</href>
                    </Icon>
                </IconStyle>
            </Style>
            <Style id="1097">
                <IconStyle id="1098">
                    <color>ff008000</color>
                    <colorMode>normal</colorMode>
                    <scale>1</scale>
                    <heading>0</heading>
                    <Icon id="1099">
                        <href>http://maps.google.com/mapfiles/kml/pushpin/ylw-pushpin.png</href>
                    </Icon>
                </IconStyle>
            </Style>
            <Style id="1102">
                <IconStyle id="1103">
                    <color>ff008000</color>
                    <colorMode>normal</colorMode>
                    <scale>1</scale>
                    <heading>0</heading>
                    <Icon id="1104">
                        <href>http://maps.google.com/mapfiles/kml/pushpin/ylw-pushpin.png</href>
                    </Icon>
                </IconStyle>
            </Style>
            <Style id="1107">
                <IconStyle id="1108">
                    <color>ff008000</color>
                    <colorMode>normal</colorMode>
                    <scale>1</scale>
                    <heading>0</heading>
                    <Icon id="1109">
                        <href>http://maps.google.com/mapfiles/kml/pushpin/ylw-pushpin.png</href>
                    </Icon>
                </IconStyle>
            </Style>
            <Style id="1112">
                <IconStyle id="1113">
                    <color>ff008000</color>
                    <colorMode>normal</colorMode>
                    <scale>1</scale>
                    <heading>0</heading>
                    <Icon id="1114">
                        <href>http://maps.google.com/mapfiles/kml/pushpin/ylw-pushpin.png</href>
                    </Icon>
                </IconStyle>
            </Style>
            <Style id="1117">
                <IconStyle id="1118">
                    <color>ff008000</color>
                    <colorMode>normal</colorMode>
                    <scale>1</scale>
                    <heading>0</heading>
                    <Icon id="1119">
                        <href>http://maps.google.com/mapfiles/kml/pushpin/ylw-pushpin.png</href>
                    </Icon>
                </IconStyle>
            </Style>
            <Style id="1122">
                <IconStyle id="1123">
                    <color>ff008000</color>
                    <colorMode>normal</colorMode>
                    <scale>1</scale>
                    <heading>0</heading>
                    <Icon id="1124">
                        <href>http://maps.google.com/mapfiles/kml/pushpin/ylw-pushpin.png</href>
                    </Icon>
                </IconStyle>
            </Style>
            <Style id="1127">
                <IconStyle id="1128">
                    <color>ff008000</color>
                    <colorMode>normal</colorMode>
                    <scale>1</scale>
                    <heading>0</heading>
                    <Icon id="1129">
                        <href>http://maps.google.com/mapfiles/kml/pushpin/ylw-pushpin.png</href>
                    </Icon>
                </IconStyle>
            </Style>
            <name>WILLIAN ALEJANDRO HERRERA MORAN</name>
            <Placemark id="901">
                <name>MARIA VICTORIA RIVAS VARGAS</name>
                <description>MERCADO SULLANA
Sullana
Sullana
Piura
Perú</description>
                <styleUrl>#902</styleUrl>
                <Point id="900">
                    <coordinates>-80.682041,-4.8961139,0.0</coordinates>
                </Point>
            </Placemark>
            <Placemark id="906">
                <name>GINA ROXANA PALOMINO ADANAQUE</name>
                <description>Calle 3 Mayo #100 Barrio Fe y Alegría
Marcavelica
Marcavelica
Piura
Perú</description>
                <styleUrl>#907</styleUrl>
                <Point id="905">
                    <coordinates>-80.7721587,-4.8616441,0.0</coordinates>
                </Point>
            </Placemark>
            <Placemark id="911">
                <name>CORREA OJEDA ANYELA VERONICA</name>
                <description>AV.PANAMERICANA MZ.G3-15
Marcavelica
Marcavelica
Piura
Perú</description>
                <styleUrl>#912</styleUrl>
                <Point id="910">
                    <coordinates>-80.7191811,-4.8686128,0.0</coordinates>
                </Point>
            </Placemark>
            <Placemark id="916">
                <name>ISABEL DIOSES CORREA DE VITE</name>
                <description>AV SAN MARTIN S/N SANTA SOFIA SULLANA-SULLANA
Ignacio Escudero
Ignacio Escudero
Piura
Perú</description>
                <styleUrl>#917</styleUrl>
                <Point id="915">
                    <coordinates>-80.8397712,-4.8858645,0.0</coordinates>
                </Point>
            </Placemark>
            <Placemark id="921">
                <name>ZAIDA DIOSES ROA</name>
                <description>Av.Grau#03 santa Sofía
Ignacio Escudero

Piura
Perú</description>
                <styleUrl>#922</styleUrl>
                <Point id="920">
                    <coordinates>-80.839996,-4.885523,0.0</coordinates>
                </Point>
            </Placemark>
            <Placemark id="926">
                <name>MONICA DEL PILAR ARCA FERNANDEZ</name>
                <description>Pasaje estadio S/N santa Sofía
Ignacio Escudero
Sullana
Piura
Perú</description>
                <styleUrl>#927</styleUrl>
                <Point id="925">
                    <coordinates>-80.8374966,-4.8830347,0.0</coordinates>
                </Point>
            </Placemark>
            <Placemark id="931">
                <name>ETELVINA JAQUELINE NAVARRO GIRON</name>
                <description>Psje Estadio NRO 4 CP Santa Sofía
Ignacio Escudero
Sullana
Piura
Perú</description>
                <styleUrl>#932</styleUrl>
                <Point id="930">
                    <coordinates>-80.8369589,-4.8831308,0.0</coordinates>
                </Point>
            </Placemark>
            <Placemark id="936">
                <name>NELLY FREDELINDA ZAPATA CARRANZA</name>
                <description>CALLE GRAU 81 - Santa Sofía
Ignacio Escudero
Ignacio Escudero
Piura
Perú</description>
                <styleUrl>#937</styleUrl>
                <Point id="935">
                    <coordinates>-80.8369019,-4.8835701,0.0</coordinates>
                </Point>
            </Placemark>
            <Placemark id="941">
                <name>MARIA REYNA PEÑA LEJABO</name>
                <description>SANCHE SERRO 09 - Santa Sofía
Ignacio Escudero
Ignacio Escudero
Piura
Perú</description>
                <styleUrl>#942</styleUrl>
                <Point id="940">
                    <coordinates>-80.8389668,-4.8856372,0.0</coordinates>
                </Point>
            </Placemark>
            <Placemark id="946">
                <name>MARIA MAGDALENA ZAPATA CHERO</name>
                <description>Av Sánchez Cerro 46 - Santa Sofía
Ignacio Escudero
Ignacio Escudero
Piura
Perú</description>
                <styleUrl>#947</styleUrl>
                <Point id="945">
                    <coordinates>-80.8372494,-4.8843136,0.0</coordinates>
                </Point>
            </Placemark>
            <Placemark id="951">
                <name>CRISTINA VALDIVIEZO CORREA</name>
                <description>Calle Sanchez cerro s/n - Santa Sofía
Ignacio Escudero
Ignacio Escudero
Piura
Perú</description>
                <styleUrl>#952</styleUrl>
                <Point id="950">
                    <coordinates>-80.8363913,-4.8838448,0.0</coordinates>
                </Point>
            </Placemark>
            <Placemark id="956">
                <name>LEYLA ANGELINA PEÑA SANDOVAL</name>
                <description>CALLE SANCHEZ CERRO S/N SANTA SOFIA
Ignacio Escudero
Ignacio Escudero
Piura
Perú</description>
                <styleUrl>#957</styleUrl>
                <Point id="955">
                    <coordinates>-80.8351649,-4.8834283,0.0</coordinates>
                </Point>
            </Placemark>
            <Placemark id="961">
                <name>RITA YOSELITH CORREA ROJAS</name>
                <description>Pampa nueva S/N Caserío Santa Sofía
Ignacio Escudero
Ignacio Escudero
Piura
Perú</description>
                <styleUrl>#962</styleUrl>
                <Point id="960">
                    <coordinates>-80.8345403,-4.8834128,0.0</coordinates>
                </Point>
            </Placemark>
            <Placemark id="966">
                <name>LUZ EMERITA CASTILLO LEJABO</name>
                <description>Av La Conquista 179 Caserío Tangarara
Marcavelica
Marcavelica
Piura
Perú</description>
                <styleUrl>#967</styleUrl>
                <Point id="965">
                    <coordinates>-80.8242491,-4.8861926,0.0</coordinates>
                </Point>
            </Placemark>
            <Placemark id="971">
                <name>SANTOS ALICIA ZAPATA ELIZALDE</name>
                <description>Calle Francisco Pizarro S/N - Tangarara
Marcavelica
Marcavelica
Piura
Perú</description>
                <styleUrl>#972</styleUrl>
                <Point id="970">
                    <coordinates>-80.8242346,-4.8870411,0.0</coordinates>
                </Point>
            </Placemark>
            <Placemark id="976">
                <name>JOSE SANTOS RUIZ CRUZ</name>
                <description>Av Pizarro MZ A LT 49 caserío Tangarara
Marcavelica
Marcavelica
Piura
Perú</description>
                <styleUrl>#977</styleUrl>
                <Point id="975">
                    <coordinates>-80.8231212,-4.8861478,0.0</coordinates>
                </Point>
            </Placemark>
            <Placemark id="981">
                <name>DIANA MARIELA GUTIERREZ LLOCLLA</name>
                <description>PEAJE RICARDO PALMA  01-SULLANA-Monteron
Marcavelica
Marcavelica
Piura
Perú</description>
                <styleUrl>#982</styleUrl>
                <Point id="980">
                    <coordinates>-80.7990048,-4.8767106,0.0</coordinates>
                </Point>
            </Placemark>
            <Placemark id="986">
                <name>KIARA CELINA SALAZAR GONZALES</name>
                <description>CALLE MIGUEL GRAU 029 - Monteron
Marcavelica
Marcavelica
Piura
Perú</description>
                <styleUrl>#987</styleUrl>
                <Point id="985">
                    <coordinates>-80.7996508,-4.8781383,0.0</coordinates>
                </Point>
            </Placemark>
            <Placemark id="991">
                <name>MIRTHA ALICIA SAAVEDRA GONZALES</name>
                <description>AVELARDO QUIÑONES S/N CASERÍO MONTERON SULLANA-SULLANA
Marcavelica
Marcavelica
Piura
Perú</description>
                <styleUrl>#992</styleUrl>
                <Point id="990">
                    <coordinates>-80.8009905,-4.8789191,0.0</coordinates>
                </Point>
            </Placemark>
            <Placemark id="996">
                <name>ELISA SALDARRIAGA MEJIAS</name>
                <description>Calle Miguel Grau 07-B Caserío Monteron
Marcavelica
Marcavelica
Piura
Perú</description>
                <styleUrl>#997</styleUrl>
                <Point id="995">
                    <coordinates>-80.8019473,-4.8793056,0.0</coordinates>
                </Point>
            </Placemark>
            <Placemark id="1001">
                <name>LAURA CANOVA DE CHAVEZ</name>
                <description>Av Miguel Grau 057 Caserío Monteron
Marcavelica
Marcavelica
Piura
Perú</description>
                <styleUrl>#1002</styleUrl>
                <Point id="1000">
                    <coordinates>-80.7985066,-4.8749384,0.0</coordinates>
                </Point>
            </Placemark>
            <Placemark id="1006">
                <name>LOURDES ATOCHE SANDOVAL</name>
                <description>Av Miguel Grau 066 Monteron
Marcavelica
Marcavelica
Piura
Perú</description>
                <styleUrl>#1007</styleUrl>
                <Point id="1005">
                    <coordinates>-80.7985862,-4.8748585,0.0</coordinates>
                </Point>
            </Placemark>
            <Placemark id="1011">
                <name>TAVARA SANCHEZ LEYLI</name>
                <description>Psj colon s/n
Marcavelica
Marcavelica
Piura
Perú</description>
                <styleUrl>#1012</styleUrl>
                <Point id="1010">
                    <coordinates>-80.775215,-4.8631046,0.0</coordinates>
                </Point>
            </Placemark>
            <Placemark id="1016">
                <name>PAULA IPANAQUE PRIETO DE RODRIGUEZ</name>
                <description>PLAZA SAN MARTIN 126 MALLARES
Marcavelica
Marcavelica
Piura
Perú</description>
                <styleUrl>#1017</styleUrl>
                <Point id="1015">
                    <coordinates>-80.7728067,-4.8647737,0.0</coordinates>
                </Point>
            </Placemark>
            <Placemark id="1021">
                <name>JUANA ALBERCA CARRASCO</name>
                <description>Psj colon plaza San Martín
Mallaritos
Sullana
Piura
Perú</description>
                <styleUrl>#1022</styleUrl>
                <Point id="1020">
                    <coordinates>-80.7727296,-4.8647411,0.0</coordinates>
                </Point>
            </Placemark>
            <Placemark id="1026">
                <name>JUANA ELIZABET VILELA REYES DE LUNA</name>
                <description>PSJE JOSE OLAYA 120 CP.MALLARES - Q
Mallaritos
Sullana
Piura
Perú</description>
                <styleUrl>#1027</styleUrl>
                <Point id="1025">
                    <coordinates>-80.7722677,-4.8651829,0.0</coordinates>
                </Point>
            </Placemark>
            <Placemark id="1031">
                <name>CLARA TEODORA PAULINI HUANCA</name>
                <description>BARRIO LA VICTORIA SULLANA-SULLANA
Marcavelica
Marcavelica
Piura
Perú</description>
                <styleUrl>#1032</styleUrl>
                <Point id="1030">
                    <coordinates>-80.7260881,-4.8514098,0.0</coordinates>
                </Point>
            </Placemark>
            <Placemark id="1036">
                <name>ESTEFANY BRICHELLY PEÑA SOSA</name>
                <description>Cqllebel rosal 104 - mallares
Marcavelica

Piura
Perú</description>
                <styleUrl>#1037</styleUrl>
                <Point id="1035">
                    <coordinates>-80.7690667,-4.8596921,0.0</coordinates>
                </Point>
            </Placemark>
            <Placemark id="1041">
                <name>ROSA ELVIRA CASTILLO ENCALADA</name>
                <description>ROSA ELVIRA CASTILLO ENCALADA
AV EL PUENTE SN
Marcavelica
Marcavelica
Piura
Perú</description>
                <styleUrl>#1042</styleUrl>
                <Point id="1040">
                    <coordinates>-80.7259245,-4.8575504,0.0</coordinates>
                </Point>
            </Placemark>
            <Placemark id="1046">
                <name>ROXANA OLIVARES CARRASCO</name>
                <description>Barrio el puente al costado del colegio san Francisco - la quinta
Sullana

Piura
Perú</description>
                <styleUrl>#1047</styleUrl>
                <Point id="1045">
                    <coordinates>-80.7249216,-4.8558966,0.0</coordinates>
                </Point>
            </Placemark>
            <Placemark id="1051">
                <name>CARMEN DEL PILAR SILVA SANDOVAL DE CARRASCO</name>
                <description>BARRIO EL CENTRO S/N SULLANA-SULLANA
Sullana

Piura
Perú</description>
                <styleUrl>#1052</styleUrl>
                <Point id="1050">
                    <coordinates>-80.686844,-4.890093,0.0</coordinates>
                </Point>
            </Placemark>
            <Placemark id="1056">
                <name>PAULINI HUANCA JOSE</name>
                <description>AV.LA PERUANIDAD S/N CAS LA QU
Marcavelica
Marcavelica
Piura
Perú</description>
                <styleUrl>#1057</styleUrl>
                <Point id="1055">
                    <coordinates>-80.7261127,-4.8514369,0.0</coordinates>
                </Point>
            </Placemark>
            <Placemark id="1061">
                <name>CLARA TEODORA PAULINI HUANCA</name>
                <description>BARRIO LA VICTORIA SULLANA-SULLANA
Marcavelica
Marcavelica
Piura
Perú</description>
                <styleUrl>#1062</styleUrl>
                <Point id="1060">
                    <coordinates>-80.7260881,-4.8514098,0.0</coordinates>
                </Point>
            </Placemark>
            <Placemark id="1066">
                <name>MARIA ELENA SANDOVAL CASTRO</name>
                <description>BARRIO LA VICTOTIA S/N CAS. LA QUIN
Marcavelica
Marcavelica
Piura
Perú</description>
                <styleUrl>#1067</styleUrl>
                <Point id="1065">
                    <coordinates>-80.7260733,-4.8514247,0.0</coordinates>
                </Point>
            </Placemark>
            <Placemark id="1071">
                <name>VICTORIA GARCIA CORDOVA</name>
                <description>CA. PIURA 105 - QUERECOTILLO
Marcavelica
Marcavelica
Piura
Perú</description>
                <styleUrl>#1072</styleUrl>
                <Point id="1070">
                    <coordinates>-80.7196993,-4.8672129,0.0</coordinates>
                </Point>
            </Placemark>
            <Placemark id="1076">
                <name>ACUÑA GOYCOCHEA   BREMILDA</name>
                <description>PSJ.CHAVEZ 203 MALLARITO
Marcavelica
Marcavelica
Piura
Perú</description>
                <styleUrl>#1077</styleUrl>
                <Point id="1075">
                    <coordinates>-80.7177189,-4.8670875,0.0</coordinates>
                </Point>
            </Placemark>
            <Placemark id="1081">
                <name>VICTORIA PAZ ORTIZ AGURTO</name>
                <description>VICTORIA PAZ ORTIZ AGURTO
CAL.LIBERTAD NRO. 129 CAS. MALLARIT
Marcavelica
Marcavelica
Piura
Perú</description>
                <styleUrl>#1082</styleUrl>
                <Point id="1080">
                    <coordinates>-80.7170847,-4.8683335,0.0</coordinates>
                </Point>
            </Placemark>
            <Placemark id="1086">
                <name>CESPEDES OLAYA ELIDA</name>
                <description>SALAVERRY 161 MALLARITOS
Marcavelica
Marcavelica
Piura
Perú</description>
                <styleUrl>#1087</styleUrl>
                <Point id="1085">
                    <coordinates>-80.7175564,-4.8663399,0.0</coordinates>
                </Point>
            </Placemark>
            <Placemark id="1091">
                <name>KERLY YARITZA PALOMINO ESPINOZA</name>
                <description>Calle Grau tercera cuadra Por la plataforma de mayaritos
Marcavelica
Marcavelica
Piura
Perú</description>
                <styleUrl>#1092</styleUrl>
                <Point id="1090">
                    <coordinates>-80.7171431,-4.8653439,0.0</coordinates>
                </Point>
            </Placemark>
            <Placemark id="1096">
                <name>DIANA ROXANA VILLARREAL YARLEQUE</name>
                <description>LIBERTAD 168 MALLARITOS-SULLANA
Marcavelica
Marcavelica
Piura
Perú</description>
                <styleUrl>#1097</styleUrl>
                <Point id="1095">
                    <coordinates>-80.7168771,-4.8690379,0.0</coordinates>
                </Point>
            </Placemark>
            <Placemark id="1101">
                <name>REYES TORRES SILVIA</name>
                <description>JUAN VELASCO S/N VISTA FLORIDA
Marcavelica
Sullana vista floridaMarcavelica
Piura
Perú</description>
                <styleUrl>#1102</styleUrl>
                <Point id="1100">
                    <coordinates>-80.7379035,-4.877174,0.0</coordinates>
                </Point>
            </Placemark>
            <Placemark id="1106">
                <name>SERNAQUE PAULINI KARINA</name>
                <description>CA.VISTA FLORIDA M-37
Marcavelica
Marcavelica
Piura
Perú</description>
                <styleUrl>#1107</styleUrl>
                <Point id="1105">
                    <coordinates>-80.7382231,-4.8781103,0.0</coordinates>
                </Point>
            </Placemark>
            <Placemark id="1111">
                <name>MELIZA ISABEL CORREA CIEZA</name>
                <description>Calle 10 de marzo
Marcavelica

Piura
Perú</description>
                <styleUrl>#1112</styleUrl>
                <Point id="1110">
                    <coordinates>-80.7372784,-4.8764006,0.0</coordinates>
                </Point>
            </Placemark>
            <Placemark id="1116">
                <name>MAURICIO CASTRO SOFIA M.</name>
                <description>CA.SAN MIGUEL 123 MALLARITOS
Marcavelica
Marcavelica
Piura
Perú</description>
                <styleUrl>#1117</styleUrl>
                <Point id="1115">
                    <coordinates>-80.7181154,-4.8713635,0.0</coordinates>
                </Point>
            </Placemark>
            <Placemark id="1121">
                <name>ATOCHE INGA CAROL ESTEFANY</name>
                <description>SAN MIGUEL 109 MALLARITOS
Marcavelica
Marcavelica
Piura
Perú</description>
                <styleUrl>#1122</styleUrl>
                <Point id="1120">
                    <coordinates>-80.718183,-4.867719,0.0</coordinates>
                </Point>
            </Placemark>
            <Placemark id="1126">
                <name>LUZMARINA SANCHEZ SANCHEZ</name>
                <description>PANAMERIC NÂ¬117 MALLARITOS
Marcavelica
Marcavelica
Piura
Perú</description>
                <styleUrl>#1127</styleUrl>
                <Point id="1125">
                    <coordinates>-80.7160441,-4.8709385,0.0</coordinates>
                </Point>
            </Placemark>
        </Folder>
    </Document>
</kml>
