<?xml version="1.0" encoding="UTF-8"?>
<kml xmlns="http://www.opengis.net/kml/2.2" xmlns:gx="http://www.google.com/kml/ext/2.2">
    <Document id="2785">
        <Folder id="2786">
            <Style id="2789">
                <IconStyle id="2790">
                    <color>ff0000ff</color>
                    <colorMode>normal</colorMode>
                    <scale>1</scale>
                    <heading>0</heading>
                    <Icon id="2791">
                        <href>http://maps.google.com/mapfiles/kml/pushpin/ylw-pushpin.png</href>
                    </Icon>
                </IconStyle>
            </Style>
            <Style id="2794">
                <IconStyle id="2795">
                    <color>ff0000ff</color>
                    <colorMode>normal</colorMode>
                    <scale>1</scale>
                    <heading>0</heading>
                    <Icon id="2796">
                        <href>http://maps.google.com/mapfiles/kml/pushpin/ylw-pushpin.png</href>
                    </Icon>
                </IconStyle>
            </Style>
            <Style id="2799">
                <IconStyle id="2800">
                    <color>ff0000ff</color>
                    <colorMode>normal</colorMode>
                    <scale>1</scale>
                    <heading>0</heading>
                    <Icon id="2801">
                        <href>http://maps.google.com/mapfiles/kml/pushpin/ylw-pushpin.png</href>
                    </Icon>
                </IconStyle>
            </Style>
            <Style id="2804">
                <IconStyle id="2805">
                    <color>ff0000ff</color>
                    <colorMode>normal</colorMode>
                    <scale>1</scale>
                    <heading>0</heading>
                    <Icon id="2806">
                        <href>http://maps.google.com/mapfiles/kml/pushpin/ylw-pushpin.png</href>
                    </Icon>
                </IconStyle>
            </Style>
            <Style id="2809">
                <IconStyle id="2810">
                    <color>ff0000ff</color>
                    <colorMode>normal</colorMode>
                    <scale>1</scale>
                    <heading>0</heading>
                    <Icon id="2811">
                        <href>http://maps.google.com/mapfiles/kml/pushpin/ylw-pushpin.png</href>
                    </Icon>
                </IconStyle>
            </Style>
            <Style id="2814">
                <IconStyle id="2815">
                    <color>ff0000ff</color>
                    <colorMode>normal</colorMode>
                    <scale>1</scale>
                    <heading>0</heading>
                    <Icon id="2816">
                        <href>http://maps.google.com/mapfiles/kml/pushpin/ylw-pushpin.png</href>
                    </Icon>
                </IconStyle>
            </Style>
            <Style id="2819">
                <IconStyle id="2820">
                    <color>ff0000ff</color>
                    <colorMode>normal</colorMode>
                    <scale>1</scale>
                    <heading>0</heading>
                    <Icon id="2821">
                        <href>http://maps.google.com/mapfiles/kml/pushpin/ylw-pushpin.png</href>
                    </Icon>
                </IconStyle>
            </Style>
            <Style id="2824">
                <IconStyle id="2825">
                    <color>ff0000ff</color>
                    <colorMode>normal</colorMode>
                    <scale>1</scale>
                    <heading>0</heading>
                    <Icon id="2826">
                        <href>http://maps.google.com/mapfiles/kml/pushpin/ylw-pushpin.png</href>
                    </Icon>
                </IconStyle>
            </Style>
            <Style id="2829">
                <IconStyle id="2830">
                    <color>ff0000ff</color>
                    <colorMode>normal</colorMode>
                    <scale>1</scale>
                    <heading>0</heading>
                    <Icon id="2831">
                        <href>http://maps.google.com/mapfiles/kml/pushpin/ylw-pushpin.png</href>
                    </Icon>
                </IconStyle>
            </Style>
            <Style id="2834">
                <IconStyle id="2835">
                    <color>ff0000ff</color>
                    <colorMode>normal</colorMode>
                    <scale>1</scale>
                    <heading>0</heading>
                    <Icon id="2836">
                        <href>http://maps.google.com/mapfiles/kml/pushpin/ylw-pushpin.png</href>
                    </Icon>
                </IconStyle>
            </Style>
            <Style id="2839">
                <IconStyle id="2840">
                    <color>ff0000ff</color>
                    <colorMode>normal</colorMode>
                    <scale>1</scale>
                    <heading>0</heading>
                    <Icon id="2841">
                        <href>http://maps.google.com/mapfiles/kml/pushpin/ylw-pushpin.png</href>
                    </Icon>
                </IconStyle>
            </Style>
            <Style id="2844">
                <IconStyle id="2845">
                    <color>ff0000ff</color>
                    <colorMode>normal</colorMode>
                    <scale>1</scale>
                    <heading>0</heading>
                    <Icon id="2846">
                        <href>http://maps.google.com/mapfiles/kml/pushpin/ylw-pushpin.png</href>
                    </Icon>
                </IconStyle>
            </Style>
            <Style id="2849">
                <IconStyle id="2850">
                    <color>ff0000ff</color>
                    <colorMode>normal</colorMode>
                    <scale>1</scale>
                    <heading>0</heading>
                    <Icon id="2851">
                        <href>http://maps.google.com/mapfiles/kml/pushpin/ylw-pushpin.png</href>
                    </Icon>
                </IconStyle>
            </Style>
            <Style id="2854">
                <IconStyle id="2855">
                    <color>ff0000ff</color>
                    <colorMode>normal</colorMode>
                    <scale>1</scale>
                    <heading>0</heading>
                    <Icon id="2856">
                        <href>http://maps.google.com/mapfiles/kml/pushpin/ylw-pushpin.png</href>
                    </Icon>
                </IconStyle>
            </Style>
            <Style id="2859">
                <IconStyle id="2860">
                    <color>ff0000ff</color>
                    <colorMode>normal</colorMode>
                    <scale>1</scale>
                    <heading>0</heading>
                    <Icon id="2861">
                        <href>http://maps.google.com/mapfiles/kml/pushpin/ylw-pushpin.png</href>
                    </Icon>
                </IconStyle>
            </Style>
            <Style id="2864">
                <IconStyle id="2865">
                    <color>ff0000ff</color>
                    <colorMode>normal</colorMode>
                    <scale>1</scale>
                    <heading>0</heading>
                    <Icon id="2866">
                        <href>http://maps.google.com/mapfiles/kml/pushpin/ylw-pushpin.png</href>
                    </Icon>
                </IconStyle>
            </Style>
            <Style id="2869">
                <IconStyle id="2870">
                    <color>ff0000ff</color>
                    <colorMode>normal</colorMode>
                    <scale>1</scale>
                    <heading>0</heading>
                    <Icon id="2871">
                        <href>http://maps.google.com/mapfiles/kml/pushpin/ylw-pushpin.png</href>
                    </Icon>
                </IconStyle>
            </Style>
            <Style id="2874">
                <IconStyle id="2875">
                    <color>ff0000ff</color>
                    <colorMode>normal</colorMode>
                    <scale>1</scale>
                    <heading>0</heading>
                    <Icon id="2876">
                        <href>http://maps.google.com/mapfiles/kml/pushpin/ylw-pushpin.png</href>
                    </Icon>
                </IconStyle>
            </Style>
            <Style id="2879">
                <IconStyle id="2880">
                    <color>ff0000ff</color>
                    <colorMode>normal</colorMode>
                    <scale>1</scale>
                    <heading>0</heading>
                    <Icon id="2881">
                        <href>http://maps.google.com/mapfiles/kml/pushpin/ylw-pushpin.png</href>
                    </Icon>
                </IconStyle>
            </Style>
            <Style id="2884">
                <IconStyle id="2885">
                    <color>ff0000ff</color>
                    <colorMode>normal</colorMode>
                    <scale>1</scale>
                    <heading>0</heading>
                    <Icon id="2886">
                        <href>http://maps.google.com/mapfiles/kml/pushpin/ylw-pushpin.png</href>
                    </Icon>
                </IconStyle>
            </Style>
            <Style id="2889">
                <IconStyle id="2890">
                    <color>ff0000ff</color>
                    <colorMode>normal</colorMode>
                    <scale>1</scale>
                    <heading>0</heading>
                    <Icon id="2891">
                        <href>http://maps.google.com/mapfiles/kml/pushpin/ylw-pushpin.png</href>
                    </Icon>
                </IconStyle>
            </Style>
            <Style id="2894">
                <IconStyle id="2895">
                    <color>ff0000ff</color>
                    <colorMode>normal</colorMode>
                    <scale>1</scale>
                    <heading>0</heading>
                    <Icon id="2896">
                        <href>http://maps.google.com/mapfiles/kml/pushpin/ylw-pushpin.png</href>
                    </Icon>
                </IconStyle>
            </Style>
            <Style id="2899">
                <IconStyle id="2900">
                    <color>ff0000ff</color>
                    <colorMode>normal</colorMode>
                    <scale>1</scale>
                    <heading>0</heading>
                    <Icon id="2901">
                        <href>http://maps.google.com/mapfiles/kml/pushpin/ylw-pushpin.png</href>
                    </Icon>
                </IconStyle>
            </Style>
            <Style id="2904">
                <IconStyle id="2905">
                    <color>ff0000ff</color>
                    <colorMode>normal</colorMode>
                    <scale>1</scale>
                    <heading>0</heading>
                    <Icon id="2906">
                        <href>http://maps.google.com/mapfiles/kml/pushpin/ylw-pushpin.png</href>
                    </Icon>
                </IconStyle>
            </Style>
            <Style id="2909">
                <IconStyle id="2910">
                    <color>ff0000ff</color>
                    <colorMode>normal</colorMode>
                    <scale>1</scale>
                    <heading>0</heading>
                    <Icon id="2911">
                        <href>http://maps.google.com/mapfiles/kml/pushpin/ylw-pushpin.png</href>
                    </Icon>
                </IconStyle>
            </Style>
            <Style id="2914">
                <IconStyle id="2915">
                    <color>ff0000ff</color>
                    <colorMode>normal</colorMode>
                    <scale>1</scale>
                    <heading>0</heading>
                    <Icon id="2916">
                        <href>http://maps.google.com/mapfiles/kml/pushpin/ylw-pushpin.png</href>
                    </Icon>
                </IconStyle>
            </Style>
            <Style id="2919">
                <IconStyle id="2920">
                    <color>ff0000ff</color>
                    <colorMode>normal</colorMode>
                    <scale>1</scale>
                    <heading>0</heading>
                    <Icon id="2921">
                        <href>http://maps.google.com/mapfiles/kml/pushpin/ylw-pushpin.png</href>
                    </Icon>
                </IconStyle>
            </Style>
            <Style id="2924">
                <IconStyle id="2925">
                    <color>ff0000ff</color>
                    <colorMode>normal</colorMode>
                    <scale>1</scale>
                    <heading>0</heading>
                    <Icon id="2926">
                        <href>http://maps.google.com/mapfiles/kml/pushpin/ylw-pushpin.png</href>
                    </Icon>
                </IconStyle>
            </Style>
            <Style id="2929">
                <IconStyle id="2930">
                    <color>ff0000ff</color>
                    <colorMode>normal</colorMode>
                    <scale>1</scale>
                    <heading>0</heading>
                    <Icon id="2931">
                        <href>http://maps.google.com/mapfiles/kml/pushpin/ylw-pushpin.png</href>
                    </Icon>
                </IconStyle>
            </Style>
            <Style id="2934">
                <IconStyle id="2935">
                    <color>ff0000ff</color>
                    <colorMode>normal</colorMode>
                    <scale>1</scale>
                    <heading>0</heading>
                    <Icon id="2936">
                        <href>http://maps.google.com/mapfiles/kml/pushpin/ylw-pushpin.png</href>
                    </Icon>
                </IconStyle>
            </Style>
            <Style id="2939">
                <IconStyle id="2940">
                    <color>ff0000ff</color>
                    <colorMode>normal</colorMode>
                    <scale>1</scale>
                    <heading>0</heading>
                    <Icon id="2941">
                        <href>http://maps.google.com/mapfiles/kml/pushpin/ylw-pushpin.png</href>
                    </Icon>
                </IconStyle>
            </Style>
            <Style id="2944">
                <IconStyle id="2945">
                    <color>ff0000ff</color>
                    <colorMode>normal</colorMode>
                    <scale>1</scale>
                    <heading>0</heading>
                    <Icon id="2946">
                        <href>http://maps.google.com/mapfiles/kml/pushpin/ylw-pushpin.png</href>
                    </Icon>
                </IconStyle>
            </Style>
            <Style id="2949">
                <IconStyle id="2950">
                    <color>ff0000ff</color>
                    <colorMode>normal</colorMode>
                    <scale>1</scale>
                    <heading>0</heading>
                    <Icon id="2951">
                        <href>http://maps.google.com/mapfiles/kml/pushpin/ylw-pushpin.png</href>
                    </Icon>
                </IconStyle>
            </Style>
            <Style id="2954">
                <IconStyle id="2955">
                    <color>ff0000ff</color>
                    <colorMode>normal</colorMode>
                    <scale>1</scale>
                    <heading>0</heading>
                    <Icon id="2956">
                        <href>http://maps.google.com/mapfiles/kml/pushpin/ylw-pushpin.png</href>
                    </Icon>
                </IconStyle>
            </Style>
            <Style id="2959">
                <IconStyle id="2960">
                    <color>ff0000ff</color>
                    <colorMode>normal</colorMode>
                    <scale>1</scale>
                    <heading>0</heading>
                    <Icon id="2961">
                        <href>http://maps.google.com/mapfiles/kml/pushpin/ylw-pushpin.png</href>
                    </Icon>
                </IconStyle>
            </Style>
            <Style id="2964">
                <IconStyle id="2965">
                    <color>ff0000ff</color>
                    <colorMode>normal</colorMode>
                    <scale>1</scale>
                    <heading>0</heading>
                    <Icon id="2966">
                        <href>http://maps.google.com/mapfiles/kml/pushpin/ylw-pushpin.png</href>
                    </Icon>
                </IconStyle>
            </Style>
            <Style id="2969">
                <IconStyle id="2970">
                    <color>ff0000ff</color>
                    <colorMode>normal</colorMode>
                    <scale>1</scale>
                    <heading>0</heading>
                    <Icon id="2971">
                        <href>http://maps.google.com/mapfiles/kml/pushpin/ylw-pushpin.png</href>
                    </Icon>
                </IconStyle>
            </Style>
            <Style id="2974">
                <IconStyle id="2975">
                    <color>ff0000ff</color>
                    <colorMode>normal</colorMode>
                    <scale>1</scale>
                    <heading>0</heading>
                    <Icon id="2976">
                        <href>http://maps.google.com/mapfiles/kml/pushpin/ylw-pushpin.png</href>
                    </Icon>
                </IconStyle>
            </Style>
            <Style id="2979">
                <IconStyle id="2980">
                    <color>ff0000ff</color>
                    <colorMode>normal</colorMode>
                    <scale>1</scale>
                    <heading>0</heading>
                    <Icon id="2981">
                        <href>http://maps.google.com/mapfiles/kml/pushpin/ylw-pushpin.png</href>
                    </Icon>
                </IconStyle>
            </Style>
            <name>JAIRO JOSUE GONZALES GUERRERO</name>
            <Placemark id="2788">
                <name>ERIKA JULIANA ESCOBAR PALACIOS</name>
                <description>Av Nicaragua  Panamericana Norte kilómetro 1666 Referencia referencia por el arco Nicaragua
Mancora
Talara
Piura
Perú</description>
                <styleUrl>#2789</styleUrl>
                <Point id="2787">
                    <coordinates>-81.0413796,-4.1048499,0.0</coordinates>
                </Point>
            </Placemark>
            <Placemark id="2793">
                <name>MARIA AURORA PORTERO PEÑA</name>
                <description>Av principal barrio Nicaragua 117 mancora
Mancora

Piura
Perú</description>
                <styleUrl>#2794</styleUrl>
                <Point id="2792">
                    <coordinates>-81.0317507,-4.1027219,0.0</coordinates>
                </Point>
            </Placemark>
            <Placemark id="2798">
                <name>CARE ABIGAIL MIRANDA CASTILLO</name>
                <description>Las pocitas sn Mancora, ref.entrada al balneario costado del arco mancora
Mancora


Perú</description>
                <styleUrl>#2799</styleUrl>
                <Point id="2797">
                    <coordinates>-81.0644012,-4.1101171,0.0</coordinates>
                </Point>
            </Placemark>
            <Placemark id="2803">
                <name>MELVA DIGNA MASIAS HERRERA</name>
                <description>Calle Diego Ferrer 105 - carpitas - mancora Referencia antes del cartel azul puesto aduanero de control quebrada de carpitas
Mancora
Sullana
Piura
Perú</description>
                <styleUrl>#2804</styleUrl>
                <Point id="2802">
                    <coordinates>-80.9629,-4.026148,0.0</coordinates>
                </Point>
            </Placemark>
            <Placemark id="2808">
                <name>GLORIA STEFFANY CUEVA JUAREZ</name>
                <description>Calle los manglares mz f lote 04 - AAHH los laureles - mancora
Tumbes
Tumbes
Tumbes
Perú</description>
                <styleUrl>#2809</styleUrl>
                <Point id="2807">
                    <coordinates>-81.0527217,-4.1066709,0.0</coordinates>
                </Point>
            </Placemark>
            <Placemark id="2813">
                <name>SANDOVAL INGA LIZBETH FABIOLA</name>
                <description>SANDOVAL INGA LIZBETH FABIOLA
CAR ANT 1200 - BAL VICHAYITO LOS ORGANOS
Mancora

Piura
Perú</description>
                <styleUrl>#2814</styleUrl>
                <Point id="2812">
                    <coordinates>-81.107233,-4.142655,0.0</coordinates>
                </Point>
            </Placemark>
            <Placemark id="2818">
                <name>JOHANNA KARMINA CHAPA OLIVOS</name>
                <description>Calle buena vista 104- referencia ingresando por el paradero de órgano a tres cuadras hacia delante ala mano izquierda pasando 3 casas
Mancora

Piura
Perú</description>
                <styleUrl>#2819</styleUrl>
                <Point id="2817">
                    <coordinates>-81.0491604,-4.1055094,0.0</coordinates>
                </Point>
            </Placemark>
            <Placemark id="2823">
                <name>MALDONADO ALVAREZ HILDA TERESA</name>
                <description>Las Pocitas sn Mancora, ref. Pasando el puerto, market los michis
Mancora


Perú</description>
                <styleUrl>#2824</styleUrl>
                <Point id="2822">
                    <coordinates>-81.0785364,-4.1144977,0.0</coordinates>
                </Point>
            </Placemark>
            <Placemark id="2828">
                <name>ELADIO MORALES BRAVO</name>
                <description>Las pocitas sn mancora, ref. Costado de market michis
Mancora
Talara
Piura
Perú</description>
                <styleUrl>#2829</styleUrl>
                <Point id="2827">
                    <coordinates>-81.0786429,-4.1142704,0.0</coordinates>
                </Point>
            </Placemark>
            <Placemark id="2833">
                <name>Marisol Balladares Lazo</name>
                <description>Panamericana 532



Perú</description>
                <styleUrl>#2834</styleUrl>
                <Point id="2832">
                    <coordinates>-81.063879,-4.110336,0.0</coordinates>
                </Point>
            </Placemark>
            <Placemark id="2838">
                <name>ADELA SOLEDAD SANCHEZ CARLIN</name>
                <description>Av. Piura 551. Mancora Talara Piura
Mancora
Talara
Piura
Perú</description>
                <styleUrl>#2839</styleUrl>
                <Point id="2837">
                    <coordinates>-81.0539696,-4.1070305,0.0</coordinates>
                </Point>
            </Placemark>
            <Placemark id="2843">
                <name>TAVARA PARDO ROXANA IRENE</name>
                <description>CALLE TALARA 333 MANCORA      AL COSTADO DEL COLEGIO NUESTRA SEÑORA DE GUADALUPE
Mancora

Piura
Perú</description>
                <styleUrl>#2844</styleUrl>
                <Point id="2842">
                    <coordinates>-81.046287,-4.105101,0.0</coordinates>
                </Point>
            </Placemark>
            <Placemark id="2848">
                <name>ARACELI CARMELINA BELUPU QUEREVALU</name>
                <description>Calle buena vista 160 mancora referencia costado del colegio san Pablo
Mancora
Talara
Piura
Perú</description>
                <styleUrl>#2849</styleUrl>
                <Point id="2847">
                    <coordinates>-81.0515311,-4.1057933,0.0</coordinates>
                </Point>
            </Placemark>
            <Placemark id="2853">
                <name>CINTHIA ELIZABETH PACHERREZ SUAREZ</name>
                <description>Santa Elena 228 Mancora
Mancora
Talara
Piura
Perú</description>
                <styleUrl>#2854</styleUrl>
                <Point id="2852">
                    <coordinates>-81.0510558,-4.1050033,0.0</coordinates>
                </Point>
            </Placemark>
            <Placemark id="2858">
                <name>SUSANA YESENIA ESCOBAR PEÑA DE SERNA</name>
                <description>calle Martín wuays 649 referencia detrás d la tienda Ruth Bayona
Mancora
20851Talara
Piura
Perú</description>
                <styleUrl>#2859</styleUrl>
                <Point id="2857">
                    <coordinates>-81.0469298,-4.1057685,0.0</coordinates>
                </Point>
            </Placemark>
            <Placemark id="2863">
                <name>ADRIEL IMANOL HUAMAN VALLADARES</name>
                <description>calle buena vista 260 
Mancora
20851Talara
Piura
Perú</description>
                <styleUrl>#2864</styleUrl>
                <Point id="2862">
                    <coordinates>-81.0504357,-4.1058763,0.0</coordinates>
                </Point>
            </Placemark>
            <Placemark id="2868">
                <name>ADRIEL IMANOL HUAMAN VALLADARES</name>
                <description>calle buena vista 260 
Mancora
20851Talara
Piura
Perú</description>
                <styleUrl>#2869</styleUrl>
                <Point id="2867">
                    <coordinates>-81.0504357,-4.1058763,0.0</coordinates>
                </Point>
            </Placemark>
            <Placemark id="2873">
                <name>CINTHIA ELIZABETH PACHERREZ SUAREZ</name>
                <description>Santa Elena 228 Mancora
Mancora
Talara
Piura
Perú</description>
                <styleUrl>#2874</styleUrl>
                <Point id="2872">
                    <coordinates>-81.0510558,-4.1050033,0.0</coordinates>
                </Point>
            </Placemark>
            <Placemark id="2878">
                <name>ALEGANDRINA FANNY PEÑA DE RONCAL</name>
                <description>calle tumbes contraversal lima 301
Mancora
20851Talara
Piura
Perú</description>
                <styleUrl>#2879</styleUrl>
                <Point id="2877">
                    <coordinates>-81.0472077,-4.1049403,0.0</coordinates>
                </Point>
            </Placemark>
            <Placemark id="2883">
                <name>MARIA VICTORIA PAIVA VITE</name>
                <description>Calle miramar 208
Mancora
Talara
Piura
Perú</description>
                <styleUrl>#2884</styleUrl>
                <Point id="2882">
                    <coordinates>-81.051379,-4.10535,0.0</coordinates>
                </Point>
            </Placemark>
            <Placemark id="2888">
                <name>PAIVA FIESTAS ROSA BEATRIZ</name>
                <description>PAIVA FIESTAS ROSA BEATRIZ
Los girasoles sn referencia hosdaje anais
Mancora
Talara
Piura
Perú</description>
                <styleUrl>#2889</styleUrl>
                <Point id="2887">
                    <coordinates>-81.0519796,-4.1038715,0.0</coordinates>
                </Point>
            </Placemark>
            <Placemark id="2893">
                <name>TERESA ESTHER RAMIREZ HUAMANYAURI</name>
                <description>Prolongación arequipa, hotel las cabañitas
Mancora
Talara
Piura
Perú</description>
                <styleUrl>#2894</styleUrl>
                <Point id="2892">
                    <coordinates>-81.0521122,-4.1040576,0.0</coordinates>
                </Point>
            </Placemark>
            <Placemark id="2898">
                <name>DE ECCA ROSENDA PINDAY AMAYA</name>
                <description>Buena vista 120 22da cuadra del eppo para a ttras
Mancora
Talara
Piura
Perú</description>
                <styleUrl>#2899</styleUrl>
                <Point id="2897">
                    <coordinates>-81.052168,-4.1058513,0.0</coordinates>
                </Point>
            </Placemark>
            <Placemark id="2903">
                <name>VALLADARES CARRASCO ALEX WILLIAM</name>
                <description>VALLADARES CARRASCO ALEX WILLIAM
Calle Santa Elena #10 - centro mancora - referencia tienda William papas
Mancora

Piura
Perú</description>
                <styleUrl>#2904</styleUrl>
                <Point id="2902">
                    <coordinates>-81.0487533,-4.10426,0.0</coordinates>
                </Point>
            </Placemark>
            <Placemark id="2908">
                <name>VALLADARES CARRASCO ALEX WILLIAM</name>
                <description>VALLADARES CARRASCO ALEX WILLIAM
Calle Santa Elena #10 - centro mancora - referencia tienda William papas
Mancora

Piura
Perú</description>
                <styleUrl>#2909</styleUrl>
                <Point id="2907">
                    <coordinates>-81.0487533,-4.10426,0.0</coordinates>
                </Point>
            </Placemark>
            <Placemark id="2913">
                <name>LUCY NOELIA FLORES VALENCIA</name>
                <description>calle virgen del mar nuevo mancora referencia la plataforma 
Mancora
20851Talara
Piura
Perú</description>
                <styleUrl>#2914</styleUrl>
                <Point id="2912">
                    <coordinates>-81.0482535,-4.1042014,0.0</coordinates>
                </Point>
            </Placemark>
            <Placemark id="2918">
                <name>FANI PINEDO HOYOS</name>
                <description>Calle Las Palmeras al costado de la Sra María Paz
Mancora

Piura
Perú</description>
                <styleUrl>#2919</styleUrl>
                <Point id="2917">
                    <coordinates>-81.047276,-4.101719,0.0</coordinates>
                </Point>
            </Placemark>
            <Placemark id="2923">
                <name>MARIA VICTORIA CASTILLO FIESTAS</name>
                <description>Calle 10 abril Mz d lt 09- mancora atrás del estadio
Mancora
Talara
Piura
Perú</description>
                <styleUrl>#2924</styleUrl>
                <Point id="2922">
                    <coordinates>-81.0463513,-4.1017809,0.0</coordinates>
                </Point>
            </Placemark>
            <Placemark id="2928">
                <name>CAROLINA SALDARRIAGA GUERRERO</name>
                <description>AAHH 10 abril MZ A lote 7 primera etapa - mancora Ref. Atrás del estadio o costado del restaurante mancora
Mancora
Talara
Piura
Perú</description>
                <styleUrl>#2929</styleUrl>
                <Point id="2927">
                    <coordinates>-81.0466488,-4.1026198,0.0</coordinates>
                </Point>
            </Placemark>
            <Placemark id="2933">
                <name>Sánchez quevedo greisy gianella</name>
                <description>Aa. Hh 15 de enero Mz A 12 Mancora referencia atrás del estadio en la misma calle de la señora García elizalde
Mancora

Piura
Perú</description>
                <styleUrl>#2934</styleUrl>
                <Point id="2932">
                    <coordinates>-81.045929,-4.1022145,0.0</coordinates>
                </Point>
            </Placemark>
            <Placemark id="2938">
                <name>BLANCA ESPERANZA GARCIA ELIZALDE</name>
                <description>asentamiento humano 10 de abril  Mz A lote 1 3
Mancora
20851Talara
Piura
Perú</description>
                <styleUrl>#2939</styleUrl>
                <Point id="2937">
                    <coordinates>-81.0450539,-4.1019922,0.0</coordinates>
                </Point>
            </Placemark>
            <Placemark id="2943">
                <name>NIXER DEMETRIO MUNDACA SANDOVAL</name>
                <description>las Flores mz A lote 15 - aahh las américas Mancora Ref. En la entrada del colegio pallete
Mancora
Talara
Piura
Perú</description>
                <styleUrl>#2944</styleUrl>
                <Point id="2942">
                    <coordinates>-81.0444098,-4.1038236,0.0</coordinates>
                </Point>
            </Placemark>
            <Placemark id="2948">
                <name>MARIA DEL PILAR CHAVEZ FIESTAS</name>
                <description>Av. Piura 671 Mancora referencia frente al chifa
Mancora
Talara
Piura
Perú</description>
                <styleUrl>#2949</styleUrl>
                <Point id="2947">
                    <coordinates>-81.0527051,-4.1066434,0.0</coordinates>
                </Point>
            </Placemark>
            <Placemark id="2953">
                <name>EFILDA SILVA TERRONES</name>
                <description>Calle la primera barrio Nicaragua frente a la plataforma deportiva
Mancora
Talara
Piura
Perú</description>
                <styleUrl>#2954</styleUrl>
                <Point id="2952">
                    <coordinates>-81.0372666,-4.1030771,0.0</coordinates>
                </Point>
            </Placemark>
            <Placemark id="2958">
                <name>CARLOS ALBERTO GAONA CRUZ</name>
                <description>Calle las azucenas s/n - AAHH los laureles - mancora
Mancora
Talara
Piura
Perú</description>
                <styleUrl>#2959</styleUrl>
                <Point id="2957">
                    <coordinates>-81.0371826,-4.1023572,0.0</coordinates>
                </Point>
            </Placemark>
            <Placemark id="2963">
                <name>MARIA YANET SILVA SANDOVAL</name>
                <description>Calle los geranios con manglares s/n - AAHH los laureles - mancora Ref.  Por la carpintería Cristian
Mancora
Talara
Piura
Perú</description>
                <styleUrl>#2964</styleUrl>
                <Point id="2962">
                    <coordinates>-81.0367436,-4.1013993,0.0</coordinates>
                </Point>
            </Placemark>
            <Placemark id="2968">
                <name>FELICITA JANNET SALDARRIAGA PEÑA</name>
                <description>Calle primavera s/n - barrio Leticia - mancora Ref. Por la loza deportiva / después del colegio carrasco  mauricio
Mancora
Talara
Piura
Perú</description>
                <styleUrl>#2969</styleUrl>
                <Point id="2967">
                    <coordinates>-81.035659,-4.1025024,0.0</coordinates>
                </Point>
            </Placemark>
            <Placemark id="2973">
                <name>FELICITA JANNET SALDARRIAGA PEÑA</name>
                <description>Calle primavera s/n - barrio Leticia - mancora Ref. Por la loza deportiva / después del colegio carrasco  mauricio
Mancora
Talara
Piura
Perú</description>
                <styleUrl>#2974</styleUrl>
                <Point id="2972">
                    <coordinates>-81.035659,-4.1025024,0.0</coordinates>
                </Point>
            </Placemark>
            <Placemark id="2978">
                <name>ELIZABETH CHACCARA POCCO</name>
                <description>Av principal mz g lt 03 mancora
Mancora


Perú</description>
                <styleUrl>#2979</styleUrl>
                <Point id="2977">
                    <coordinates>-80.964931,-4.023838,0.0</coordinates>
                </Point>
            </Placemark>
        </Folder>
        <Folder id="2982">
            <Style id="2985">
                <IconStyle id="2986">
                    <color>ffff0000</color>
                    <colorMode>normal</colorMode>
                    <scale>1</scale>
                    <heading>0</heading>
                    <Icon id="2987">
                        <href>http://maps.google.com/mapfiles/kml/pushpin/ylw-pushpin.png</href>
                    </Icon>
                </IconStyle>
            </Style>
            <Style id="2990">
                <IconStyle id="2991">
                    <color>ffff0000</color>
                    <colorMode>normal</colorMode>
                    <scale>1</scale>
                    <heading>0</heading>
                    <Icon id="2992">
                        <href>http://maps.google.com/mapfiles/kml/pushpin/ylw-pushpin.png</href>
                    </Icon>
                </IconStyle>
            </Style>
            <Style id="2995">
                <IconStyle id="2996">
                    <color>ffff0000</color>
                    <colorMode>normal</colorMode>
                    <scale>1</scale>
                    <heading>0</heading>
                    <Icon id="2997">
                        <href>http://maps.google.com/mapfiles/kml/pushpin/ylw-pushpin.png</href>
                    </Icon>
                </IconStyle>
            </Style>
            <Style id="3000">
                <IconStyle id="3001">
                    <color>ffff0000</color>
                    <colorMode>normal</colorMode>
                    <scale>1</scale>
                    <heading>0</heading>
                    <Icon id="3002">
                        <href>http://maps.google.com/mapfiles/kml/pushpin/ylw-pushpin.png</href>
                    </Icon>
                </IconStyle>
            </Style>
            <Style id="3005">
                <IconStyle id="3006">
                    <color>ffff0000</color>
                    <colorMode>normal</colorMode>
                    <scale>1</scale>
                    <heading>0</heading>
                    <Icon id="3007">
                        <href>http://maps.google.com/mapfiles/kml/pushpin/ylw-pushpin.png</href>
                    </Icon>
                </IconStyle>
            </Style>
            <Style id="3010">
                <IconStyle id="3011">
                    <color>ffff0000</color>
                    <colorMode>normal</colorMode>
                    <scale>1</scale>
                    <heading>0</heading>
                    <Icon id="3012">
                        <href>http://maps.google.com/mapfiles/kml/pushpin/ylw-pushpin.png</href>
                    </Icon>
                </IconStyle>
            </Style>
            <Style id="3015">
                <IconStyle id="3016">
                    <color>ffff0000</color>
                    <colorMode>normal</colorMode>
                    <scale>1</scale>
                    <heading>0</heading>
                    <Icon id="3017">
                        <href>http://maps.google.com/mapfiles/kml/pushpin/ylw-pushpin.png</href>
                    </Icon>
                </IconStyle>
            </Style>
            <Style id="3020">
                <IconStyle id="3021">
                    <color>ffff0000</color>
                    <colorMode>normal</colorMode>
                    <scale>1</scale>
                    <heading>0</heading>
                    <Icon id="3022">
                        <href>http://maps.google.com/mapfiles/kml/pushpin/ylw-pushpin.png</href>
                    </Icon>
                </IconStyle>
            </Style>
            <Style id="3025">
                <IconStyle id="3026">
                    <color>ffff0000</color>
                    <colorMode>normal</colorMode>
                    <scale>1</scale>
                    <heading>0</heading>
                    <Icon id="3027">
                        <href>http://maps.google.com/mapfiles/kml/pushpin/ylw-pushpin.png</href>
                    </Icon>
                </IconStyle>
            </Style>
            <Style id="3030">
                <IconStyle id="3031">
                    <color>ffff0000</color>
                    <colorMode>normal</colorMode>
                    <scale>1</scale>
                    <heading>0</heading>
                    <Icon id="3032">
                        <href>http://maps.google.com/mapfiles/kml/pushpin/ylw-pushpin.png</href>
                    </Icon>
                </IconStyle>
            </Style>
            <Style id="3035">
                <IconStyle id="3036">
                    <color>ffff0000</color>
                    <colorMode>normal</colorMode>
                    <scale>1</scale>
                    <heading>0</heading>
                    <Icon id="3037">
                        <href>http://maps.google.com/mapfiles/kml/pushpin/ylw-pushpin.png</href>
                    </Icon>
                </IconStyle>
            </Style>
            <Style id="3040">
                <IconStyle id="3041">
                    <color>ffff0000</color>
                    <colorMode>normal</colorMode>
                    <scale>1</scale>
                    <heading>0</heading>
                    <Icon id="3042">
                        <href>http://maps.google.com/mapfiles/kml/pushpin/ylw-pushpin.png</href>
                    </Icon>
                </IconStyle>
            </Style>
            <Style id="3045">
                <IconStyle id="3046">
                    <color>ffff0000</color>
                    <colorMode>normal</colorMode>
                    <scale>1</scale>
                    <heading>0</heading>
                    <Icon id="3047">
                        <href>http://maps.google.com/mapfiles/kml/pushpin/ylw-pushpin.png</href>
                    </Icon>
                </IconStyle>
            </Style>
            <Style id="3050">
                <IconStyle id="3051">
                    <color>ffff0000</color>
                    <colorMode>normal</colorMode>
                    <scale>1</scale>
                    <heading>0</heading>
                    <Icon id="3052">
                        <href>http://maps.google.com/mapfiles/kml/pushpin/ylw-pushpin.png</href>
                    </Icon>
                </IconStyle>
            </Style>
            <Style id="3055">
                <IconStyle id="3056">
                    <color>ffff0000</color>
                    <colorMode>normal</colorMode>
                    <scale>1</scale>
                    <heading>0</heading>
                    <Icon id="3057">
                        <href>http://maps.google.com/mapfiles/kml/pushpin/ylw-pushpin.png</href>
                    </Icon>
                </IconStyle>
            </Style>
            <Style id="3060">
                <IconStyle id="3061">
                    <color>ffff0000</color>
                    <colorMode>normal</colorMode>
                    <scale>1</scale>
                    <heading>0</heading>
                    <Icon id="3062">
                        <href>http://maps.google.com/mapfiles/kml/pushpin/ylw-pushpin.png</href>
                    </Icon>
                </IconStyle>
            </Style>
            <Style id="3065">
                <IconStyle id="3066">
                    <color>ffff0000</color>
                    <colorMode>normal</colorMode>
                    <scale>1</scale>
                    <heading>0</heading>
                    <Icon id="3067">
                        <href>http://maps.google.com/mapfiles/kml/pushpin/ylw-pushpin.png</href>
                    </Icon>
                </IconStyle>
            </Style>
            <Style id="3070">
                <IconStyle id="3071">
                    <color>ffff0000</color>
                    <colorMode>normal</colorMode>
                    <scale>1</scale>
                    <heading>0</heading>
                    <Icon id="3072">
                        <href>http://maps.google.com/mapfiles/kml/pushpin/ylw-pushpin.png</href>
                    </Icon>
                </IconStyle>
            </Style>
            <Style id="3075">
                <IconStyle id="3076">
                    <color>ffff0000</color>
                    <colorMode>normal</colorMode>
                    <scale>1</scale>
                    <heading>0</heading>
                    <Icon id="3077">
                        <href>http://maps.google.com/mapfiles/kml/pushpin/ylw-pushpin.png</href>
                    </Icon>
                </IconStyle>
            </Style>
            <Style id="3080">
                <IconStyle id="3081">
                    <color>ffff0000</color>
                    <colorMode>normal</colorMode>
                    <scale>1</scale>
                    <heading>0</heading>
                    <Icon id="3082">
                        <href>http://maps.google.com/mapfiles/kml/pushpin/ylw-pushpin.png</href>
                    </Icon>
                </IconStyle>
            </Style>
            <Style id="3085">
                <IconStyle id="3086">
                    <color>ffff0000</color>
                    <colorMode>normal</colorMode>
                    <scale>1</scale>
                    <heading>0</heading>
                    <Icon id="3087">
                        <href>http://maps.google.com/mapfiles/kml/pushpin/ylw-pushpin.png</href>
                    </Icon>
                </IconStyle>
            </Style>
            <Style id="3090">
                <IconStyle id="3091">
                    <color>ffff0000</color>
                    <colorMode>normal</colorMode>
                    <scale>1</scale>
                    <heading>0</heading>
                    <Icon id="3092">
                        <href>http://maps.google.com/mapfiles/kml/pushpin/ylw-pushpin.png</href>
                    </Icon>
                </IconStyle>
            </Style>
            <Style id="3095">
                <IconStyle id="3096">
                    <color>ffff0000</color>
                    <colorMode>normal</colorMode>
                    <scale>1</scale>
                    <heading>0</heading>
                    <Icon id="3097">
                        <href>http://maps.google.com/mapfiles/kml/pushpin/ylw-pushpin.png</href>
                    </Icon>
                </IconStyle>
            </Style>
            <Style id="3100">
                <IconStyle id="3101">
                    <color>ffff0000</color>
                    <colorMode>normal</colorMode>
                    <scale>1</scale>
                    <heading>0</heading>
                    <Icon id="3102">
                        <href>http://maps.google.com/mapfiles/kml/pushpin/ylw-pushpin.png</href>
                    </Icon>
                </IconStyle>
            </Style>
            <Style id="3105">
                <IconStyle id="3106">
                    <color>ffff0000</color>
                    <colorMode>normal</colorMode>
                    <scale>1</scale>
                    <heading>0</heading>
                    <Icon id="3107">
                        <href>http://maps.google.com/mapfiles/kml/pushpin/ylw-pushpin.png</href>
                    </Icon>
                </IconStyle>
            </Style>
            <Style id="3110">
                <IconStyle id="3111">
                    <color>ffff0000</color>
                    <colorMode>normal</colorMode>
                    <scale>1</scale>
                    <heading>0</heading>
                    <Icon id="3112">
                        <href>http://maps.google.com/mapfiles/kml/pushpin/ylw-pushpin.png</href>
                    </Icon>
                </IconStyle>
            </Style>
            <Style id="3115">
                <IconStyle id="3116">
                    <color>ffff0000</color>
                    <colorMode>normal</colorMode>
                    <scale>1</scale>
                    <heading>0</heading>
                    <Icon id="3117">
                        <href>http://maps.google.com/mapfiles/kml/pushpin/ylw-pushpin.png</href>
                    </Icon>
                </IconStyle>
            </Style>
            <Style id="3120">
                <IconStyle id="3121">
                    <color>ffff0000</color>
                    <colorMode>normal</colorMode>
                    <scale>1</scale>
                    <heading>0</heading>
                    <Icon id="3122">
                        <href>http://maps.google.com/mapfiles/kml/pushpin/ylw-pushpin.png</href>
                    </Icon>
                </IconStyle>
            </Style>
            <Style id="3125">
                <IconStyle id="3126">
                    <color>ffff0000</color>
                    <colorMode>normal</colorMode>
                    <scale>1</scale>
                    <heading>0</heading>
                    <Icon id="3127">
                        <href>http://maps.google.com/mapfiles/kml/pushpin/ylw-pushpin.png</href>
                    </Icon>
                </IconStyle>
            </Style>
            <Style id="3130">
                <IconStyle id="3131">
                    <color>ffff0000</color>
                    <colorMode>normal</colorMode>
                    <scale>1</scale>
                    <heading>0</heading>
                    <Icon id="3132">
                        <href>http://maps.google.com/mapfiles/kml/pushpin/ylw-pushpin.png</href>
                    </Icon>
                </IconStyle>
            </Style>
            <Style id="3135">
                <IconStyle id="3136">
                    <color>ffff0000</color>
                    <colorMode>normal</colorMode>
                    <scale>1</scale>
                    <heading>0</heading>
                    <Icon id="3137">
                        <href>http://maps.google.com/mapfiles/kml/pushpin/ylw-pushpin.png</href>
                    </Icon>
                </IconStyle>
            </Style>
            <Style id="3140">
                <IconStyle id="3141">
                    <color>ffff0000</color>
                    <colorMode>normal</colorMode>
                    <scale>1</scale>
                    <heading>0</heading>
                    <Icon id="3142">
                        <href>http://maps.google.com/mapfiles/kml/pushpin/ylw-pushpin.png</href>
                    </Icon>
                </IconStyle>
            </Style>
            <Style id="3145">
                <IconStyle id="3146">
                    <color>ffff0000</color>
                    <colorMode>normal</colorMode>
                    <scale>1</scale>
                    <heading>0</heading>
                    <Icon id="3147">
                        <href>http://maps.google.com/mapfiles/kml/pushpin/ylw-pushpin.png</href>
                    </Icon>
                </IconStyle>
            </Style>
            <Style id="3150">
                <IconStyle id="3151">
                    <color>ffff0000</color>
                    <colorMode>normal</colorMode>
                    <scale>1</scale>
                    <heading>0</heading>
                    <Icon id="3152">
                        <href>http://maps.google.com/mapfiles/kml/pushpin/ylw-pushpin.png</href>
                    </Icon>
                </IconStyle>
            </Style>
            <Style id="3155">
                <IconStyle id="3156">
                    <color>ffff0000</color>
                    <colorMode>normal</colorMode>
                    <scale>1</scale>
                    <heading>0</heading>
                    <Icon id="3157">
                        <href>http://maps.google.com/mapfiles/kml/pushpin/ylw-pushpin.png</href>
                    </Icon>
                </IconStyle>
            </Style>
            <Style id="3160">
                <IconStyle id="3161">
                    <color>ffff0000</color>
                    <colorMode>normal</colorMode>
                    <scale>1</scale>
                    <heading>0</heading>
                    <Icon id="3162">
                        <href>http://maps.google.com/mapfiles/kml/pushpin/ylw-pushpin.png</href>
                    </Icon>
                </IconStyle>
            </Style>
            <Style id="3165">
                <IconStyle id="3166">
                    <color>ffff0000</color>
                    <colorMode>normal</colorMode>
                    <scale>1</scale>
                    <heading>0</heading>
                    <Icon id="3167">
                        <href>http://maps.google.com/mapfiles/kml/pushpin/ylw-pushpin.png</href>
                    </Icon>
                </IconStyle>
            </Style>
            <Style id="3170">
                <IconStyle id="3171">
                    <color>ffff0000</color>
                    <colorMode>normal</colorMode>
                    <scale>1</scale>
                    <heading>0</heading>
                    <Icon id="3172">
                        <href>http://maps.google.com/mapfiles/kml/pushpin/ylw-pushpin.png</href>
                    </Icon>
                </IconStyle>
            </Style>
            <Style id="3175">
                <IconStyle id="3176">
                    <color>ffff0000</color>
                    <colorMode>normal</colorMode>
                    <scale>1</scale>
                    <heading>0</heading>
                    <Icon id="3177">
                        <href>http://maps.google.com/mapfiles/kml/pushpin/ylw-pushpin.png</href>
                    </Icon>
                </IconStyle>
            </Style>
            <Style id="3180">
                <IconStyle id="3181">
                    <color>ffff0000</color>
                    <colorMode>normal</colorMode>
                    <scale>1</scale>
                    <heading>0</heading>
                    <Icon id="3182">
                        <href>http://maps.google.com/mapfiles/kml/pushpin/ylw-pushpin.png</href>
                    </Icon>
                </IconStyle>
            </Style>
            <Style id="3185">
                <IconStyle id="3186">
                    <color>ffff0000</color>
                    <colorMode>normal</colorMode>
                    <scale>1</scale>
                    <heading>0</heading>
                    <Icon id="3187">
                        <href>http://maps.google.com/mapfiles/kml/pushpin/ylw-pushpin.png</href>
                    </Icon>
                </IconStyle>
            </Style>
            <name>MARIO ALBERTO QUINTANA SANDOVAL</name>
            <Placemark id="2984">
                <name>CHAVEZ VITE ROSA ELVIRA</name>
                <description>CHAVEZ VITE ROSA ELVIRA
Barrio Miraflores 403 Ref.al frente del parque
Los Órganos
Talara
Piura
Perú</description>
                <styleUrl>#2985</styleUrl>
                <Point id="2983">
                    <coordinates>-81.1288456,-4.1800395,0.0</coordinates>
                </Point>
            </Placemark>
            <Placemark id="2989">
                <name>GUSTITOS MARKET E.I.R.L</name>
                <description>GUSTITOS MARKET E.I.R.L
CA. 1 NRO. 502 BAR.MIRAFLORES LOS ORGANOS
Los Órganos
200705Talara
Piura
Perú</description>
                <styleUrl>#2990</styleUrl>
                <Point id="2988">
                    <coordinates>-81.1288447,-4.1791848,0.0</coordinates>
                </Point>
            </Placemark>
            <Placemark id="2994">
                <name>MUNDACA GONZALES ELIO JHOEL</name>
                <description>MUNDACA GONZALES ELIO JHOEL
Calle 32 S/N Los Órganos mercado exterior organos
Los Órganos
Talara
Piura
Perú</description>
                <styleUrl>#2995</styleUrl>
                <Point id="2993">
                    <coordinates>-81.1280493,-4.1809031,0.0</coordinates>
                </Point>
            </Placemark>
            <Placemark id="2999">
                <name>MUNDACA GONZALES ELIO JHOEL</name>
                <description>MUNDACA GONZALES ELIO JHOEL
Calle 32 S/N Los Órganos mercado exterior organos
Los Órganos
Talara
Piura
Perú</description>
                <styleUrl>#3000</styleUrl>
                <Point id="2998">
                    <coordinates>-81.1280493,-4.1809031,0.0</coordinates>
                </Point>
            </Placemark>
            <Placemark id="3004">
                <name>MUNDACA GONZALES ELIO JHOEL</name>
                <description>MUNDACA GONZALES ELIO JHOEL
Calle 32 S/N Los Órganos mercado exterior organos
Los Órganos
Talara
Piura
Perú</description>
                <styleUrl>#3005</styleUrl>
                <Point id="3003">
                    <coordinates>-81.1280493,-4.1809031,0.0</coordinates>
                </Point>
            </Placemark>
            <Placemark id="3009">
                <name>MARKET AND BEACH E.I.R.L.</name>
                <description>MARKET AND BEACH E.I.R.L.
CAL.4 NRO. 410 BARRIO MIRAFLORES EXTERIOR MERCADO ORGANOS FRENTE A PLAZA DE ARMAS
Los Órganos
200705Talara
Piura
Perú</description>
                <styleUrl>#3010</styleUrl>
                <Point id="3008">
                    <coordinates>-81.128362,-4.1797756,0.0</coordinates>
                </Point>
            </Placemark>
            <Placemark id="3014">
                <name>PLAYA &amp; MERCADO E.I.R.L</name>
                <description>PLAYA &amp; MERCADO E.I.R.L
CAL.MIRAFLORES 04 -1ER PISO NRO. 504 mercado exterior organos
Los Órganos
200705Talara
Piura
Perú</description>
                <styleUrl>#3015</styleUrl>
                <Point id="3013">
                    <coordinates>-81.1283229,-4.1798819,0.0</coordinates>
                </Point>
            </Placemark>
            <Placemark id="3019">
                <name>JOSUE ISMAEL CASTRO CASTRO</name>
                <description>calle Amazonas 105 pueblo nuevo rf por coliseo las mercedes
Los Órganos
20841Talara
Piura
Perú</description>
                <styleUrl>#3020</styleUrl>
                <Point id="3018">
                    <coordinates>-81.1240317,-4.1815439,0.0</coordinates>
                </Point>
            </Placemark>
            <Placemark id="3024">
                <name>GLORIA PASICHE ALAMA</name>
                <description>Calle Fátima # 344 Ref. Frente al parque virgen de las Mercedes los organos
Los Órganos
Talara
Piura
Perú</description>
                <styleUrl>#3025</styleUrl>
                <Point id="3023">
                    <coordinates>-81.1224114,-4.1802984,0.0</coordinates>
                </Point>
            </Placemark>
            <Placemark id="3029">
                <name>GLADYS MARIA LAMA DE PAKER</name>
                <description>Calle San Miguel mzd lt 13 espaldas de la sra Susan hidalgo vite
Los Órganos
Talara
Piura
Perú</description>
                <styleUrl>#3030</styleUrl>
                <Point id="3028">
                    <coordinates>-81.1233113,-4.1798037,0.0</coordinates>
                </Point>
            </Placemark>
            <Placemark id="3034">
                <name>ANNIE KATHERINE ALEMAN HERRERA</name>
                <description>San Miguel D 10 Las Mercedes los organos contado de taller espaldas de la sra susan hidalgo chulle
Los Órganos
Talara
Piura
Perú</description>
                <styleUrl>#3035</styleUrl>
                <Point id="3033">
                    <coordinates>-81.1234223,-4.1798999,0.0</coordinates>
                </Point>
            </Placemark>
            <Placemark id="3039">
                <name>ISABEL LEON MEDINA</name>
                <description>Calle Salaverry pueblo Nuevo los organos por vaden
Los Órganos
Talara
Piura
Perú</description>
                <styleUrl>#3040</styleUrl>
                <Point id="3038">
                    <coordinates>-81.1246758,-4.1802194,0.0</coordinates>
                </Point>
            </Placemark>
            <Placemark id="3044">
                <name>JUANA PALACIOS CORDOVA</name>
                <description>Calle 16 de febrero a-12 frente a plataforma deportiva espaldas de ittsa
Los Órganos
Talara
Piura
Perú</description>
                <styleUrl>#3045</styleUrl>
                <Point id="3043">
                    <coordinates>-81.1243955,-4.1769499,0.0</coordinates>
                </Point>
            </Placemark>
            <Placemark id="3049">
                <name>HENRY SEGUNDO PEÑA FIESTAS</name>
                <description>Barrio san isidro por la plataforma los organos cerca a comedor 16 de srptiembre
Los Órganos
Los organos
Piura
Perú</description>
                <styleUrl>#3050</styleUrl>
                <Point id="3048">
                    <coordinates>-81.1238727,-4.1777094,0.0</coordinates>
                </Point>
            </Placemark>
            <Placemark id="3054">
                <name>ZARATE MOGOLLON NANCY</name>
                <description>16  DE FEBRERO B-7 ORGANOS    frente al sr henry
Los Órganos

Piura
Perú</description>
                <styleUrl>#3055</styleUrl>
                <Point id="3053">
                    <coordinates>-81.123722,-4.177806,0.0</coordinates>
                </Point>
            </Placemark>
            <Placemark id="3059">
                <name>YESSICA KARINA PERALTA MORQUENCHO</name>
                <description>16 de febrero mz g lot3 vaden espaldas del comedor mano izquierda casa de cañas en esquina  organos
Los Órganos
Talara
Piura
Perú</description>
                <styleUrl>#3060</styleUrl>
                <Point id="3058">
                    <coordinates>-81.1229556,-4.1784297,0.0</coordinates>
                </Point>
            </Placemark>
            <Placemark id="3064">
                <name>MARIA LINA CORNEJO LUNA</name>
                <description>AA.HH las Mercedes calle Salaverry A-3 las mercedes  organos
Los Órganos
20841Talara
Piura
Perú</description>
                <styleUrl>#3065</styleUrl>
                <Point id="3063">
                    <coordinates>-81.1230098,-4.1790095,0.0</coordinates>
                </Point>
            </Placemark>
            <Placemark id="3069">
                <name>MARY DEL PILAR HUIMAN ORTIZ</name>
                <description>AA HH las Mercedes calle salaverry B - 30 pasando el.vaden
Los Órganos
20841Talara
Piura
Perú</description>
                <styleUrl>#3070</styleUrl>
                <Point id="3068">
                    <coordinates>-81.122655,-4.1788504,0.0</coordinates>
                </Point>
            </Placemark>
            <Placemark id="3074">
                <name>PILAR MELGAR ORDINOLA</name>
                <description>Barrio José Carlos Mariátegui conocido como hungaritos.
Los Órganos
Talara
Piura
Perú</description>
                <styleUrl>#3075</styleUrl>
                <Point id="3073">
                    <coordinates>-81.1221151,-4.1782044,0.0</coordinates>
                </Point>
            </Placemark>
            <Placemark id="3079">
                <name>MARIA VANESSA VIERA CARREÑO</name>
                <description>Espaldas de la sra susan chulle rst antes de taller de bicicletas los organos
Los Órganos

Piura
Perú</description>
                <styleUrl>#3080</styleUrl>
                <Point id="3078">
                    <coordinates>-81.1282203,-4.1806182,0.0</coordinates>
                </Point>
            </Placemark>
            <Placemark id="3084">
                <name>ISABEL SILVA ANCAJIMA</name>
                <description>Calle lobitos mz a lt 16 organos Costado de baden antes de entrar a ungaritos
Los Órganos
Talara
Piura
Perú</description>
                <styleUrl>#3085</styleUrl>
                <Point id="3083">
                    <coordinates>-81.1216362,-4.1773253,0.0</coordinates>
                </Point>
            </Placemark>
            <Placemark id="3089">
                <name>ZIOMARY NICOLE VALDIVIEZO CAMPOS</name>
                <description>Nva esperanza junin s/n por vaden organos por chavo palacios
Los Órganos
20841Talara
Piura
Perú</description>
                <styleUrl>#3090</styleUrl>
                <Point id="3088">
                    <coordinates>-81.1224132,-4.1775063,0.0</coordinates>
                </Point>
            </Placemark>
            <Placemark id="3094">
                <name>ZIOMARY NICOLE VALDIVIEZO CAMPOS</name>
                <description>Nva esperanza junin s/n por vaden organos por chavo palacios
Los Órganos
20841Talara
Piura
Perú</description>
                <styleUrl>#3095</styleUrl>
                <Point id="3093">
                    <coordinates>-81.1224132,-4.1775063,0.0</coordinates>
                </Point>
            </Placemark>
            <Placemark id="3099">
                <name>CHULLE RUIZ MIRIAM</name>
                <description>CHULLE RUIZ MIRIAM
CA.lobitos MZ E lt 08 AH.NUEVAESPERANZA los organos
Los Órganos
Talara
Piura
Perú</description>
                <styleUrl>#3100</styleUrl>
                <Point id="3098">
                    <coordinates>-81.1206351,-4.1763316,0.0</coordinates>
                </Point>
            </Placemark>
            <Placemark id="3104">
                <name>LUCILA TAMARA PORRAS SILVA</name>
                <description>Av panamericana s/n - órganos Ref. Colegio Más adelante del segundo grifo
Los Órganos
Talara
Piura
Perú</description>
                <styleUrl>#3105</styleUrl>
                <Point id="3103">
                    <coordinates>-81.123905,-4.1750753,0.0</coordinates>
                </Point>
            </Placemark>
            <Placemark id="3109">
                <name>DELIA ISABEL DEL ROSARIO CRUZ</name>
                <description>Barrio San Martín calle buenos aires MZ D lt 12 agente BCP en esquina
Los Órganos
Talara
Piura
Perú</description>
                <styleUrl>#3110</styleUrl>
                <Point id="3108">
                    <coordinates>-81.1197635,-4.1743151,0.0</coordinates>
                </Point>
            </Placemark>
            <Placemark id="3114">
                <name>RUTH GRACIELA PALACIOS OLAYA</name>
                <description>Calle Junín Mza lote 60 nva esperanza los organos
Los Órganos
Talara
Piura
Perú</description>
                <styleUrl>#3115</styleUrl>
                <Point id="3113">
                    <coordinates>-81.1209974,-4.1759091,0.0</coordinates>
                </Point>
            </Placemark>
            <Placemark id="3119">
                <name>NORMA CHULLE RUIZ</name>
                <description>AV. EL ESTADIO MZ B LT.4 AA. HHM. QUEVEDO LOS ORGANOS
Los Órganos
Contralmirante Villar
Piura
Perú</description>
                <styleUrl>#3120</styleUrl>
                <Point id="3118">
                    <coordinates>-81.1242979,-4.1760718,0.0</coordinates>
                </Point>
            </Placemark>
            <Placemark id="3124">
                <name>MARIA ESTHER LLACSAHUANGA MOROCHO</name>
                <description>PUERTO ANTIGUO MZ. G LT. 7 - LOS ORGANOS  RF ESPALDAS DEL SEGUNDO GRIFO
Los Órganos
Talara
Piura
Perú</description>
                <styleUrl>#3125</styleUrl>
                <Point id="3123">
                    <coordinates>-81.1232752,-4.1733394,0.0</coordinates>
                </Point>
            </Placemark>
            <Placemark id="3129">
                <name>JANNET MARGOT CANALES IMAN</name>
                <description>Av. Panamericana s/n frente a restaurant donde mario mas adelante de segundo grifo organos
Los Órganos

Piura
Perú</description>
                <styleUrl>#3130</styleUrl>
                <Point id="3128">
                    <coordinates>-81.1236926,-4.1746957,0.0</coordinates>
                </Point>
            </Placemark>
            <Placemark id="3134">
                <name>JOSE ROGER CHULLE PURIZACA</name>
                <description>Calle San Pedro a3 barrio san pedro los organos rf cerca a vaden
Los Órganos
Talara
Piura
Perú</description>
                <styleUrl>#3135</styleUrl>
                <Point id="3133">
                    <coordinates>-81.1229707,-4.1756397,0.0</coordinates>
                </Point>
            </Placemark>
            <Placemark id="3139">
                <name>JOSE DIONICIO POICON ANCAJIMA</name>
                <description>Calle San Pedro B 10 barrio san pedro los.organos frente al.parque
Los Órganos
Talara
Piura
Perú</description>
                <styleUrl>#3140</styleUrl>
                <Point id="3138">
                    <coordinates>-81.122034,-4.1755261,0.0</coordinates>
                </Point>
            </Placemark>
            <Placemark id="3144">
                <name>OLGA ROSA ALEMAN VILLANUEVA</name>
                <description>Barrio San Martín calle San Pedro MZ b lt 01 casa en esquina de portones
Los Órganos
Talara
Piura
Perú</description>
                <styleUrl>#3145</styleUrl>
                <Point id="3143">
                    <coordinates>-81.1205193,-4.1744249,0.0</coordinates>
                </Point>
            </Placemark>
            <Placemark id="3149">
                <name>NATIVIDAD JESUS VINCES CARRASCO</name>
                <description>Barrio San Martín  calle buenos aires MZ D lt 07
Los Órganos
Talara
Piura
Perú</description>
                <styleUrl>#3150</styleUrl>
                <Point id="3148">
                    <coordinates>-81.1200849,-4.1743478,0.0</coordinates>
                </Point>
            </Placemark>
            <Placemark id="3154">
                <name>MARCELINA PEÑA PEÑA</name>
                <description>Calle Tucumán mzc lt08 casa roja ( la gata)
Los Órganos
Talara
Piura
Perú</description>
                <styleUrl>#3155</styleUrl>
                <Point id="3153">
                    <coordinates>-81.1192769,-4.1737249,0.0</coordinates>
                </Point>
            </Placemark>
            <Placemark id="3159">
                <name>LUZ MADALI LACHOS TORRES</name>
                <description>Peña quiroga mzf lot 07... av.panamericana espaldas de paradero de motos  ..los organos
Los Órganos
Los organosZarumilla
Piura
Perú</description>
                <styleUrl>#3160</styleUrl>
                <Point id="3158">
                    <coordinates>-81.1198257,-4.17145,0.0</coordinates>
                </Point>
            </Placemark>
            <Placemark id="3164">
                <name>ANGELA PAKER BENITES</name>
                <description>Calle peña cabrera s/n a la vuelta de la sra berrios cubas
Los Órganos

Piura
Perú</description>
                <styleUrl>#3165</styleUrl>
                <Point id="3163">
                    <coordinates>-81.1204358,-4.1719991,0.0</coordinates>
                </Point>
            </Placemark>
            <Placemark id="3169">
                <name>DORIS MAGALY OLAYA CARRILLO</name>
                <description>Calle santa rosa de lima s/n barrio san martin  rf frente al albergue mamacocha
Los Órganos

Piura
Perú</description>
                <styleUrl>#3170</styleUrl>
                <Point id="3168">
                    <coordinates>-81.1178283,-4.1743711,0.0</coordinates>
                </Point>
            </Placemark>
            <Placemark id="3174">
                <name>ROSA BERRIOS CUBAS</name>
                <description>Calle San Martín mzj lt 58 casa blanca
Los Órganos
Talara
Piura
Perú</description>
                <styleUrl>#3175</styleUrl>
                <Point id="3173">
                    <coordinates>-81.1185225,-4.1737761,0.0</coordinates>
                </Point>
            </Placemark>
            <Placemark id="3179">
                <name>MELI YHOLI HUAMAN CAPCHA</name>
                <description>Av.panamericana s/n donde venden pipas los órganos
Los Órganos
Talara
Piura
Perú</description>
                <styleUrl>#3180</styleUrl>
                <Point id="3178">
                    <coordinates>-81.120222,-4.171918,0.0</coordinates>
                </Point>
            </Placemark>
            <Placemark id="3184">
                <name>JOSE SANTOS MEJIA ROMAN</name>
                <description>Los girasoles s/n costado de grifo San José entrada de órganos..los organos
Los Órganos
Talara
Piura
Perú</description>
                <styleUrl>#3185</styleUrl>
                <Point id="3183">
                    <coordinates>-81.119479,-4.169299,0.0</coordinates>
                </Point>
            </Placemark>
        </Folder>
        <Folder id="3188">
            <Style id="3191">
                <IconStyle id="3192">
                    <color>ff008000</color>
                    <colorMode>normal</colorMode>
                    <scale>1</scale>
                    <heading>0</heading>
                    <Icon id="3193">
                        <href>http://maps.google.com/mapfiles/kml/pushpin/ylw-pushpin.png</href>
                    </Icon>
                </IconStyle>
            </Style>
            <Style id="3196">
                <IconStyle id="3197">
                    <color>ff008000</color>
                    <colorMode>normal</colorMode>
                    <scale>1</scale>
                    <heading>0</heading>
                    <Icon id="3198">
                        <href>http://maps.google.com/mapfiles/kml/pushpin/ylw-pushpin.png</href>
                    </Icon>
                </IconStyle>
            </Style>
            <Style id="3201">
                <IconStyle id="3202">
                    <color>ff008000</color>
                    <colorMode>normal</colorMode>
                    <scale>1</scale>
                    <heading>0</heading>
                    <Icon id="3203">
                        <href>http://maps.google.com/mapfiles/kml/pushpin/ylw-pushpin.png</href>
                    </Icon>
                </IconStyle>
            </Style>
            <Style id="3206">
                <IconStyle id="3207">
                    <color>ff008000</color>
                    <colorMode>normal</colorMode>
                    <scale>1</scale>
                    <heading>0</heading>
                    <Icon id="3208">
                        <href>http://maps.google.com/mapfiles/kml/pushpin/ylw-pushpin.png</href>
                    </Icon>
                </IconStyle>
            </Style>
            <Style id="3211">
                <IconStyle id="3212">
                    <color>ff008000</color>
                    <colorMode>normal</colorMode>
                    <scale>1</scale>
                    <heading>0</heading>
                    <Icon id="3213">
                        <href>http://maps.google.com/mapfiles/kml/pushpin/ylw-pushpin.png</href>
                    </Icon>
                </IconStyle>
            </Style>
            <Style id="3216">
                <IconStyle id="3217">
                    <color>ff008000</color>
                    <colorMode>normal</colorMode>
                    <scale>1</scale>
                    <heading>0</heading>
                    <Icon id="3218">
                        <href>http://maps.google.com/mapfiles/kml/pushpin/ylw-pushpin.png</href>
                    </Icon>
                </IconStyle>
            </Style>
            <Style id="3221">
                <IconStyle id="3222">
                    <color>ff008000</color>
                    <colorMode>normal</colorMode>
                    <scale>1</scale>
                    <heading>0</heading>
                    <Icon id="3223">
                        <href>http://maps.google.com/mapfiles/kml/pushpin/ylw-pushpin.png</href>
                    </Icon>
                </IconStyle>
            </Style>
            <Style id="3226">
                <IconStyle id="3227">
                    <color>ff008000</color>
                    <colorMode>normal</colorMode>
                    <scale>1</scale>
                    <heading>0</heading>
                    <Icon id="3228">
                        <href>http://maps.google.com/mapfiles/kml/pushpin/ylw-pushpin.png</href>
                    </Icon>
                </IconStyle>
            </Style>
            <Style id="3231">
                <IconStyle id="3232">
                    <color>ff008000</color>
                    <colorMode>normal</colorMode>
                    <scale>1</scale>
                    <heading>0</heading>
                    <Icon id="3233">
                        <href>http://maps.google.com/mapfiles/kml/pushpin/ylw-pushpin.png</href>
                    </Icon>
                </IconStyle>
            </Style>
            <Style id="3236">
                <IconStyle id="3237">
                    <color>ff008000</color>
                    <colorMode>normal</colorMode>
                    <scale>1</scale>
                    <heading>0</heading>
                    <Icon id="3238">
                        <href>http://maps.google.com/mapfiles/kml/pushpin/ylw-pushpin.png</href>
                    </Icon>
                </IconStyle>
            </Style>
            <Style id="3241">
                <IconStyle id="3242">
                    <color>ff008000</color>
                    <colorMode>normal</colorMode>
                    <scale>1</scale>
                    <heading>0</heading>
                    <Icon id="3243">
                        <href>http://maps.google.com/mapfiles/kml/pushpin/ylw-pushpin.png</href>
                    </Icon>
                </IconStyle>
            </Style>
            <Style id="3246">
                <IconStyle id="3247">
                    <color>ff008000</color>
                    <colorMode>normal</colorMode>
                    <scale>1</scale>
                    <heading>0</heading>
                    <Icon id="3248">
                        <href>http://maps.google.com/mapfiles/kml/pushpin/ylw-pushpin.png</href>
                    </Icon>
                </IconStyle>
            </Style>
            <Style id="3251">
                <IconStyle id="3252">
                    <color>ff008000</color>
                    <colorMode>normal</colorMode>
                    <scale>1</scale>
                    <heading>0</heading>
                    <Icon id="3253">
                        <href>http://maps.google.com/mapfiles/kml/pushpin/ylw-pushpin.png</href>
                    </Icon>
                </IconStyle>
            </Style>
            <Style id="3256">
                <IconStyle id="3257">
                    <color>ff008000</color>
                    <colorMode>normal</colorMode>
                    <scale>1</scale>
                    <heading>0</heading>
                    <Icon id="3258">
                        <href>http://maps.google.com/mapfiles/kml/pushpin/ylw-pushpin.png</href>
                    </Icon>
                </IconStyle>
            </Style>
            <Style id="3261">
                <IconStyle id="3262">
                    <color>ff008000</color>
                    <colorMode>normal</colorMode>
                    <scale>1</scale>
                    <heading>0</heading>
                    <Icon id="3263">
                        <href>http://maps.google.com/mapfiles/kml/pushpin/ylw-pushpin.png</href>
                    </Icon>
                </IconStyle>
            </Style>
            <Style id="3266">
                <IconStyle id="3267">
                    <color>ff008000</color>
                    <colorMode>normal</colorMode>
                    <scale>1</scale>
                    <heading>0</heading>
                    <Icon id="3268">
                        <href>http://maps.google.com/mapfiles/kml/pushpin/ylw-pushpin.png</href>
                    </Icon>
                </IconStyle>
            </Style>
            <Style id="3271">
                <IconStyle id="3272">
                    <color>ff008000</color>
                    <colorMode>normal</colorMode>
                    <scale>1</scale>
                    <heading>0</heading>
                    <Icon id="3273">
                        <href>http://maps.google.com/mapfiles/kml/pushpin/ylw-pushpin.png</href>
                    </Icon>
                </IconStyle>
            </Style>
            <Style id="3276">
                <IconStyle id="3277">
                    <color>ff008000</color>
                    <colorMode>normal</colorMode>
                    <scale>1</scale>
                    <heading>0</heading>
                    <Icon id="3278">
                        <href>http://maps.google.com/mapfiles/kml/pushpin/ylw-pushpin.png</href>
                    </Icon>
                </IconStyle>
            </Style>
            <Style id="3281">
                <IconStyle id="3282">
                    <color>ff008000</color>
                    <colorMode>normal</colorMode>
                    <scale>1</scale>
                    <heading>0</heading>
                    <Icon id="3283">
                        <href>http://maps.google.com/mapfiles/kml/pushpin/ylw-pushpin.png</href>
                    </Icon>
                </IconStyle>
            </Style>
            <Style id="3286">
                <IconStyle id="3287">
                    <color>ff008000</color>
                    <colorMode>normal</colorMode>
                    <scale>1</scale>
                    <heading>0</heading>
                    <Icon id="3288">
                        <href>http://maps.google.com/mapfiles/kml/pushpin/ylw-pushpin.png</href>
                    </Icon>
                </IconStyle>
            </Style>
            <Style id="3291">
                <IconStyle id="3292">
                    <color>ff008000</color>
                    <colorMode>normal</colorMode>
                    <scale>1</scale>
                    <heading>0</heading>
                    <Icon id="3293">
                        <href>http://maps.google.com/mapfiles/kml/pushpin/ylw-pushpin.png</href>
                    </Icon>
                </IconStyle>
            </Style>
            <Style id="3296">
                <IconStyle id="3297">
                    <color>ff008000</color>
                    <colorMode>normal</colorMode>
                    <scale>1</scale>
                    <heading>0</heading>
                    <Icon id="3298">
                        <href>http://maps.google.com/mapfiles/kml/pushpin/ylw-pushpin.png</href>
                    </Icon>
                </IconStyle>
            </Style>
            <Style id="3301">
                <IconStyle id="3302">
                    <color>ff008000</color>
                    <colorMode>normal</colorMode>
                    <scale>1</scale>
                    <heading>0</heading>
                    <Icon id="3303">
                        <href>http://maps.google.com/mapfiles/kml/pushpin/ylw-pushpin.png</href>
                    </Icon>
                </IconStyle>
            </Style>
            <Style id="3306">
                <IconStyle id="3307">
                    <color>ff008000</color>
                    <colorMode>normal</colorMode>
                    <scale>1</scale>
                    <heading>0</heading>
                    <Icon id="3308">
                        <href>http://maps.google.com/mapfiles/kml/pushpin/ylw-pushpin.png</href>
                    </Icon>
                </IconStyle>
            </Style>
            <Style id="3311">
                <IconStyle id="3312">
                    <color>ff008000</color>
                    <colorMode>normal</colorMode>
                    <scale>1</scale>
                    <heading>0</heading>
                    <Icon id="3313">
                        <href>http://maps.google.com/mapfiles/kml/pushpin/ylw-pushpin.png</href>
                    </Icon>
                </IconStyle>
            </Style>
            <Style id="3316">
                <IconStyle id="3317">
                    <color>ff008000</color>
                    <colorMode>normal</colorMode>
                    <scale>1</scale>
                    <heading>0</heading>
                    <Icon id="3318">
                        <href>http://maps.google.com/mapfiles/kml/pushpin/ylw-pushpin.png</href>
                    </Icon>
                </IconStyle>
            </Style>
            <Style id="3321">
                <IconStyle id="3322">
                    <color>ff008000</color>
                    <colorMode>normal</colorMode>
                    <scale>1</scale>
                    <heading>0</heading>
                    <Icon id="3323">
                        <href>http://maps.google.com/mapfiles/kml/pushpin/ylw-pushpin.png</href>
                    </Icon>
                </IconStyle>
            </Style>
            <Style id="3326">
                <IconStyle id="3327">
                    <color>ff008000</color>
                    <colorMode>normal</colorMode>
                    <scale>1</scale>
                    <heading>0</heading>
                    <Icon id="3328">
                        <href>http://maps.google.com/mapfiles/kml/pushpin/ylw-pushpin.png</href>
                    </Icon>
                </IconStyle>
            </Style>
            <Style id="3331">
                <IconStyle id="3332">
                    <color>ff008000</color>
                    <colorMode>normal</colorMode>
                    <scale>1</scale>
                    <heading>0</heading>
                    <Icon id="3333">
                        <href>http://maps.google.com/mapfiles/kml/pushpin/ylw-pushpin.png</href>
                    </Icon>
                </IconStyle>
            </Style>
            <Style id="3336">
                <IconStyle id="3337">
                    <color>ff008000</color>
                    <colorMode>normal</colorMode>
                    <scale>1</scale>
                    <heading>0</heading>
                    <Icon id="3338">
                        <href>http://maps.google.com/mapfiles/kml/pushpin/ylw-pushpin.png</href>
                    </Icon>
                </IconStyle>
            </Style>
            <Style id="3341">
                <IconStyle id="3342">
                    <color>ff008000</color>
                    <colorMode>normal</colorMode>
                    <scale>1</scale>
                    <heading>0</heading>
                    <Icon id="3343">
                        <href>http://maps.google.com/mapfiles/kml/pushpin/ylw-pushpin.png</href>
                    </Icon>
                </IconStyle>
            </Style>
            <Style id="3346">
                <IconStyle id="3347">
                    <color>ff008000</color>
                    <colorMode>normal</colorMode>
                    <scale>1</scale>
                    <heading>0</heading>
                    <Icon id="3348">
                        <href>http://maps.google.com/mapfiles/kml/pushpin/ylw-pushpin.png</href>
                    </Icon>
                </IconStyle>
            </Style>
            <Style id="3351">
                <IconStyle id="3352">
                    <color>ff008000</color>
                    <colorMode>normal</colorMode>
                    <scale>1</scale>
                    <heading>0</heading>
                    <Icon id="3353">
                        <href>http://maps.google.com/mapfiles/kml/pushpin/ylw-pushpin.png</href>
                    </Icon>
                </IconStyle>
            </Style>
            <Style id="3356">
                <IconStyle id="3357">
                    <color>ff008000</color>
                    <colorMode>normal</colorMode>
                    <scale>1</scale>
                    <heading>0</heading>
                    <Icon id="3358">
                        <href>http://maps.google.com/mapfiles/kml/pushpin/ylw-pushpin.png</href>
                    </Icon>
                </IconStyle>
            </Style>
            <Style id="3361">
                <IconStyle id="3362">
                    <color>ff008000</color>
                    <colorMode>normal</colorMode>
                    <scale>1</scale>
                    <heading>0</heading>
                    <Icon id="3363">
                        <href>http://maps.google.com/mapfiles/kml/pushpin/ylw-pushpin.png</href>
                    </Icon>
                </IconStyle>
            </Style>
            <Style id="3366">
                <IconStyle id="3367">
                    <color>ff008000</color>
                    <colorMode>normal</colorMode>
                    <scale>1</scale>
                    <heading>0</heading>
                    <Icon id="3368">
                        <href>http://maps.google.com/mapfiles/kml/pushpin/ylw-pushpin.png</href>
                    </Icon>
                </IconStyle>
            </Style>
            <Style id="3371">
                <IconStyle id="3372">
                    <color>ff008000</color>
                    <colorMode>normal</colorMode>
                    <scale>1</scale>
                    <heading>0</heading>
                    <Icon id="3373">
                        <href>http://maps.google.com/mapfiles/kml/pushpin/ylw-pushpin.png</href>
                    </Icon>
                </IconStyle>
            </Style>
            <Style id="3376">
                <IconStyle id="3377">
                    <color>ff008000</color>
                    <colorMode>normal</colorMode>
                    <scale>1</scale>
                    <heading>0</heading>
                    <Icon id="3378">
                        <href>http://maps.google.com/mapfiles/kml/pushpin/ylw-pushpin.png</href>
                    </Icon>
                </IconStyle>
            </Style>
            <Style id="3381">
                <IconStyle id="3382">
                    <color>ff008000</color>
                    <colorMode>normal</colorMode>
                    <scale>1</scale>
                    <heading>0</heading>
                    <Icon id="3383">
                        <href>http://maps.google.com/mapfiles/kml/pushpin/ylw-pushpin.png</href>
                    </Icon>
                </IconStyle>
            </Style>
            <Style id="3386">
                <IconStyle id="3387">
                    <color>ff008000</color>
                    <colorMode>normal</colorMode>
                    <scale>1</scale>
                    <heading>0</heading>
                    <Icon id="3388">
                        <href>http://maps.google.com/mapfiles/kml/pushpin/ylw-pushpin.png</href>
                    </Icon>
                </IconStyle>
            </Style>
            <Style id="3391">
                <IconStyle id="3392">
                    <color>ff008000</color>
                    <colorMode>normal</colorMode>
                    <scale>1</scale>
                    <heading>0</heading>
                    <Icon id="3393">
                        <href>http://maps.google.com/mapfiles/kml/pushpin/ylw-pushpin.png</href>
                    </Icon>
                </IconStyle>
            </Style>
            <Style id="3396">
                <IconStyle id="3397">
                    <color>ff008000</color>
                    <colorMode>normal</colorMode>
                    <scale>1</scale>
                    <heading>0</heading>
                    <Icon id="3398">
                        <href>http://maps.google.com/mapfiles/kml/pushpin/ylw-pushpin.png</href>
                    </Icon>
                </IconStyle>
            </Style>
            <name>MARY JISSA DEL PILAR PALACIOS ZAPATA</name>
            <Placemark id="3190">
                <name>LAMA CLAVIJO JOSE MIGUEL</name>
                <description>LAMA CLAVIJO JOSE MIGUEL
Calle Jhon Kennedy 420 Máncora Restaurante conchas de su mares
Mancora
Talara
Piura
Perú</description>
                <styleUrl>#3191</styleUrl>
                <Point id="3189">
                    <coordinates>-81.0454731,-4.1077533,0.0</coordinates>
                </Point>
            </Placemark>
            <Placemark id="3195">
                <name>DISARCORP S.A.C.</name>
                <description>DISARCORP S.A.C.
CAL.SAN MARTIN NRO. 396 OTR. CENTRO MANCORA
Mancora
200706
Piura
Perú</description>
                <styleUrl>#3196</styleUrl>
                <Point id="3194">
                    <coordinates>-81.049209,-4.1068511,0.0</coordinates>
                </Point>
            </Placemark>
            <Placemark id="3200">
                <name>CARLOS AUSBERTO ESCOBAR SERNA</name>
                <description>Av Grau 514 Máncora
Mancora
Talara
Piura
Perú</description>
                <styleUrl>#3201</styleUrl>
                <Point id="3199">
                    <coordinates>-81.0477212,-4.1065896,0.0</coordinates>
                </Point>
            </Placemark>
            <Placemark id="3205">
                <name>FIORELLA ALEXANDRA SERNA AGUILAR</name>
                <description>Calle barrio Nicaragua ref atrás de agua 22
Mancora

Piura
Perú</description>
                <styleUrl>#3206</styleUrl>
                <Point id="3204">
                    <coordinates>-81.0373109,-4.1048746,0.0</coordinates>
                </Point>
            </Placemark>
            <Placemark id="3210">
                <name>WALTER QUEREVALU CHUNGA</name>
                <description>calle lobitos 320
Mancora
20851Talara
Piura
Perú</description>
                <styleUrl>#3211</styleUrl>
                <Point id="3209">
                    <coordinates>-81.0468775,-4.1077471,0.0</coordinates>
                </Point>
            </Placemark>
            <Placemark id="3215">
                <name>ZUZUNAGA ROSAS ANA MERCEDES</name>
                <description>ZUZUNAGA ROSAS ANA MERCEDES
Transversal san Martin con calle talara 232 - centro de tumbes
Mancora
Talara
Piura
Perú</description>
                <styleUrl>#3216</styleUrl>
                <Point id="3214">
                    <coordinates>-81.0490772,-4.1077318,0.0</coordinates>
                </Point>
            </Placemark>
            <Placemark id="3220">
                <name>CARLOS ALEJANDRO BACA MORAN</name>
                <description>Av Piura 600 - Mancora ,al costado de la iglesia
Mancora
Talara
Piura
Perú</description>
                <styleUrl>#3221</styleUrl>
                <Point id="3219">
                    <coordinates>-81.0508801,-4.1074855,0.0</coordinates>
                </Point>
            </Placemark>
            <Placemark id="3225">
                <name>DISARCORP S.A.C.</name>
                <description>DISARCORP S.A.C.
CAL.SAN MARTIN NRO. 396 OTR. CENTRO MANCORA
Mancora
200706
Piura
Perú</description>
                <styleUrl>#3226</styleUrl>
                <Point id="3224">
                    <coordinates>-81.049209,-4.1068511,0.0</coordinates>
                </Point>
            </Placemark>
            <Placemark id="3230">
                <name>CARLOS AUSBERTO ESCOBAR SERNA</name>
                <description>Av Grau 514 Máncora
Mancora
Talara
Piura
Perú</description>
                <styleUrl>#3231</styleUrl>
                <Point id="3229">
                    <coordinates>-81.0477212,-4.1065896,0.0</coordinates>
                </Point>
            </Placemark>
            <Placemark id="3235">
                <name>MICHAELLO FARI RONCALL LAMA</name>
                <description>Av Grau 436
Mancora


Perú</description>
                <styleUrl>#3236</styleUrl>
                <Point id="3234">
                    <coordinates>-81.0487387,-4.1066774,0.0</coordinates>
                </Point>
            </Placemark>
            <Placemark id="3240">
                <name>PACHERREZ LUNA JUANA BERTHA</name>
                <description>PACHERREZ LUNA JUANA BERTHA

Mancora
Talara
Piura
Perú</description>
                <styleUrl>#3241</styleUrl>
                <Point id="3239">
                    <coordinates>-81.0497079,-4.1077749,0.0</coordinates>
                </Point>
            </Placemark>
            <Placemark id="3245">
                <name>FLORO FRANCISCO MACEDA OLIVOS</name>
                <description>Calle lobito numero 91 lote 16
Mancora
Talara
Piura
Perú</description>
                <styleUrl>#3246</styleUrl>
                <Point id="3244">
                    <coordinates>-81.0485614,-4.1080327,0.0</coordinates>
                </Point>
            </Placemark>
            <Placemark id="3250">
                <name>GLADYS RUPTHNATI APONTE HIDALGO</name>
                <description>CALLE LOS INCAS N°434 MANCORA
Mancora
Talara
Piura
Perú</description>
                <styleUrl>#3251</styleUrl>
                <Point id="3249">
                    <coordinates>-81.0495603,-4.1072001,0.0</coordinates>
                </Point>
            </Placemark>
            <Placemark id="3255">
                <name>GLADYS RUPTHNATI APONTE HIDALGO</name>
                <description>CALLE LOS INCAS N°434 MANCORA
Mancora
Talara
Piura
Perú</description>
                <styleUrl>#3256</styleUrl>
                <Point id="3254">
                    <coordinates>-81.0495603,-4.1072001,0.0</coordinates>
                </Point>
            </Placemark>
            <Placemark id="3260">
                <name>NEGOCIOS LALO E.I.R.L.</name>
                <description>NEGOCIOS LALO E.I.R.L.
CAL.LOS INCAS NRO. 420
Mancora
200706Talara
Piura
Perú</description>
                <styleUrl>#3261</styleUrl>
                <Point id="3259">
                    <coordinates>-81.0497522,-4.1074117,0.0</coordinates>
                </Point>
            </Placemark>
            <Placemark id="3265">
                <name>NEGOCIOS LALO E.I.R.L.</name>
                <description>NEGOCIOS LALO E.I.R.L.
CAL.LOS INCAS NRO. 420
Mancora
200706Talara
Piura
Perú</description>
                <styleUrl>#3266</styleUrl>
                <Point id="3264">
                    <coordinates>-81.0497522,-4.1074117,0.0</coordinates>
                </Point>
            </Placemark>
            <Placemark id="3270">
                <name>SANTOS SILVERIO MACHARE ESTRADA</name>
                <description>Calle los incas ref frente al mercado
Mancora

Tumbes
Perú</description>
                <styleUrl>#3271</styleUrl>
                <Point id="3269">
                    <coordinates>-81.0502284,-4.1074704,0.0</coordinates>
                </Point>
            </Placemark>
            <Placemark id="3275">
                <name>PRIETO TIMANA ELISEO</name>
                <description>PRIETO TIMANA ELISEO
Calle los incas 324 Máncora
Mancora
Talara
Piura
Perú</description>
                <styleUrl>#3276</styleUrl>
                <Point id="3274">
                    <coordinates>-81.0508421,-4.1075024,0.0</coordinates>
                </Point>
            </Placemark>
            <Placemark id="3280">
                <name>EVELYN LIZETH CARRASCO DUQUE</name>
                <description>Calle Jhon Kennedy sin número Máncora
Mancora
Talara
Piura
Perú</description>
                <styleUrl>#3281</styleUrl>
                <Point id="3279">
                    <coordinates>-81.0495114,-4.1085533,0.0</coordinates>
                </Point>
            </Placemark>
            <Placemark id="3285">
                <name>ANABELVA ELIZABETH ZAPATA VARGAS</name>
                <description>calle Micaela bastidas 220
Mancora
20851Talara
Piura
Perú</description>
                <styleUrl>#3286</styleUrl>
                <Point id="3284">
                    <coordinates>-81.0499305,-4.1096049,0.0</coordinates>
                </Point>
            </Placemark>
            <Placemark id="3290">
                <name>DIANA CAROLINA SILVA ARTEAGA DE CORNEJO</name>
                <description>Calle Jorge Chávez s/n - mancora
Mancora
Talara
Piura
Perú</description>
                <styleUrl>#3291</styleUrl>
                <Point id="3289">
                    <coordinates>-81.0497317,-4.1098499,0.0</coordinates>
                </Point>
            </Placemark>
            <Placemark id="3295">
                <name>Erika Castillo Taboada</name>
                <description>José Abelardo Quiñones
Mancora
Talara
Piura
Perú</description>
                <styleUrl>#3296</styleUrl>
                <Point id="3294">
                    <coordinates>-81.04875,-4.109615,0.0</coordinates>
                </Point>
            </Placemark>
            <Placemark id="3300">
                <name>ROSA ELENA LLENQUE SILBA</name>
                <description>Calle 1 de mayo s/n - mancora
Mancora
Talara
Piura
Perú</description>
                <styleUrl>#3301</styleUrl>
                <Point id="3299">
                    <coordinates>-81.0477456,-4.1098133,0.0</coordinates>
                </Point>
            </Placemark>
            <Placemark id="3305">
                <name>LORENA ESPERANZA FLORES ADANAQUE</name>
                <description>Calle 9 diciembre ref a lado tienda Marimar
Mancora

Piura
Perú</description>
                <styleUrl>#3306</styleUrl>
                <Point id="3304">
                    <coordinates>-81.047638,-4.1087137,0.0</coordinates>
                </Point>
            </Placemark>
            <Placemark id="3310">
                <name>LUZ AMELIA CORONADO SANTOS</name>
                <description>Calle 9 de diciembre 301 Máncora ref cuandra antes planta agua
Mancora
Talara
Piura
Perú</description>
                <styleUrl>#3311</styleUrl>
                <Point id="3309">
                    <coordinates>-81.0478874,-4.108792,0.0</coordinates>
                </Point>
            </Placemark>
            <Placemark id="3315">
                <name>GIULIANA LIZETH DIAZ TANTALEAN</name>
                <description>Calle Miraflores 320
Mancora


Perú</description>
                <styleUrl>#3316</styleUrl>
                <Point id="3314">
                    <coordinates>-81.0476278,-4.1090867,0.0</coordinates>
                </Point>
            </Placemark>
            <Placemark id="3320">
                <name>MIGUEL ANGEL JIMENEZ MORQUENCHO</name>
                <description>Calle inca 656 Máncora Referencia a espalda de EPO

Tumbes 20 
</description>
                <styleUrl>#3321</styleUrl>
                <Point id="3319">
                    <coordinates>-81.0472337,-4.1069067,0.0</coordinates>
                </Point>
            </Placemark>
            <Placemark id="3325">
                <name>CONSUELO MARIA PENA DE CORREA</name>
                <description>Calla Jhon F Kennedy 350 - mancora
Mancora
Talara
Piura
Perú</description>
                <styleUrl>#3326</styleUrl>
                <Point id="3324">
                    <coordinates>-81.0459628,-4.1079893,0.0</coordinates>
                </Point>
            </Placemark>
            <Placemark id="3330">
                <name>LAMA CLAVIJO JOSE MIGUEL</name>
                <description>LAMA CLAVIJO JOSE MIGUEL
Calle Jhon Kennedy 420 Máncora Restaurante conchas de su mares
Mancora
Talara
Piura
Perú</description>
                <styleUrl>#3331</styleUrl>
                <Point id="3329">
                    <coordinates>-81.0454731,-4.1077533,0.0</coordinates>
                </Point>
            </Placemark>
            <Placemark id="3335">
                <name>ROSA GLADYS OLIVOS LUNA</name>
                <description>Barrio Nicaragua h100 atrás del comedor de de los milagros
Mancora

Piura
Perú</description>
                <styleUrl>#3336</styleUrl>
                <Point id="3334">
                    <coordinates>-81.0417452,-4.1064178,0.0</coordinates>
                </Point>
            </Placemark>
            <Placemark id="3340">
                <name>EVELIN ATOCHE PEÑA</name>
                <description>Barrio Nicaragua mz E lote 100 - mancora
Mancora
20851Talara
Piura
Perú</description>
                <styleUrl>#3341</styleUrl>
                <Point id="3339">
                    <coordinates>-81.0420025,-4.1064187,0.0</coordinates>
                </Point>
            </Placemark>
            <Placemark id="3345">
                <name>CLAUDIA JOHANA GALVEZ MARCHAN</name>
                <description>Av principal #124 Barrio Nicaragua cerca ala plataforma mancora
Mancora
Talara
Piura
Perú</description>
                <styleUrl>#3346</styleUrl>
                <Point id="3344">
                    <coordinates>-81.0417281,-4.1059069,0.0</coordinates>
                </Point>
            </Placemark>
            <Placemark id="3350">
                <name>JULIA MEDINA DE SAAVEDRA</name>
                <description>Barrio Nicaragua 102 - mancora ref frente. La sra Olenia Escobar de morquencho
Mancora
Talara
Piura
Perú</description>
                <styleUrl>#3351</styleUrl>
                <Point id="3349">
                    <coordinates>-81.041158,-4.1058232,0.0</coordinates>
                </Point>
            </Placemark>
            <Placemark id="3355">
                <name>JULIA MEDINA DE SAAVEDRA</name>
                <description>Barrio Nicaragua 102 - mancora ref frente. La sra Olenia Escobar de morquencho
Mancora
Talara
Piura
Perú</description>
                <styleUrl>#3356</styleUrl>
                <Point id="3354">
                    <coordinates>-81.041158,-4.1058232,0.0</coordinates>
                </Point>
            </Placemark>
            <Placemark id="3360">
                <name>ONELIA ESCOBAR DE MORQUENCHO</name>
                <description>Barrio Nicaragua mz E lote 202 - mancora
Mancora
Talara
Piura
Perú</description>
                <styleUrl>#3361</styleUrl>
                <Point id="3359">
                    <coordinates>-81.0409284,-4.1056043,0.0</coordinates>
                </Point>
            </Placemark>
            <Placemark id="3365">
                <name>MARITZA YOHANNA SAAVEDRA CLAVIJO</name>
                <description>Barrio Nicaragua mz C lote 115 - mancora
Mancora
Talara
Piura
Perú</description>
                <styleUrl>#3366</styleUrl>
                <Point id="3364">
                    <coordinates>-81.0410688,-4.1053852,0.0</coordinates>
                </Point>
            </Placemark>
            <Placemark id="3370">
                <name>ROSA EDELMA PEÑA GONZALES</name>
                <description>Avenida barrio Nicaragua 300
Mancora
Talara
Piura
Perú</description>
                <styleUrl>#3371</styleUrl>
                <Point id="3369">
                    <coordinates>-81.0396795,-4.1047864,0.0</coordinates>
                </Point>
            </Placemark>
            <Placemark id="3375">
                <name>Gabriela Serna hidalgo</name>
                <description>Barrio Nicaraguaz 33 lt.16 ref frente al grifo ava en la entrada
Mancora


Perú</description>
                <styleUrl>#3376</styleUrl>
                <Point id="3374">
                    <coordinates>-81.039414,-4.1049806,0.0</coordinates>
                </Point>
            </Placemark>
            <Placemark id="3380">
                <name>OSCAR MARIO PEÑA ARCA</name>
                <description>Av panamericana 340 - barrio Nicaragua
Mancora
20851Talara
Piura
Perú</description>
                <styleUrl>#3381</styleUrl>
                <Point id="3379">
                    <coordinates>-81.0385795,-4.1047259,0.0</coordinates>
                </Point>
            </Placemark>
            <Placemark id="3385">
                <name>OSCAR MARIO PEÑA ARCA</name>
                <description>Av panamericana 340 - barrio Nicaragua
Mancora
20851Talara
Piura
Perú</description>
                <styleUrl>#3386</styleUrl>
                <Point id="3384">
                    <coordinates>-81.0385795,-4.1047259,0.0</coordinates>
                </Point>
            </Placemark>
            <Placemark id="3390">
                <name>VICTORIA VALLADARES CARRASCO</name>
                <description>Barrio Leticia  mz B lote 21 - mancora ref frente al coliseo
Mancora
Talara
Piura
Perú</description>
                <styleUrl>#3391</styleUrl>
                <Point id="3389">
                    <coordinates>-81.0342403,-4.1043692,0.0</coordinates>
                </Point>
            </Placemark>
            <Placemark id="3395">
                <name>EULALIO CARRASCO MOGOLLON</name>
                <description>Av panamericana s/n - mancora ref. al costado del restaurante palmeritas de Leticia
Mancora
20851Talara
Piura
Perú</description>
                <styleUrl>#3396</styleUrl>
                <Point id="3394">
                    <coordinates>-81.0337862,-4.103554,0.0</coordinates>
                </Point>
            </Placemark>
        </Folder>
    </Document>
</kml>
