<?xml version="1.0" encoding="UTF-8"?>
<kml xmlns="http://www.opengis.net/kml/2.2" xmlns:gx="http://www.google.com/kml/ext/2.2">
    <Document id="2487">
        <Folder id="2488">
            <Style id="2491">
                <IconStyle id="2492">
                    <color>ff0000ff</color>
                    <colorMode>normal</colorMode>
                    <scale>1</scale>
                    <heading>0</heading>
                    <Icon id="2493">
                        <href>http://maps.google.com/mapfiles/kml/pushpin/ylw-pushpin.png</href>
                    </Icon>
                </IconStyle>
            </Style>
            <Style id="2496">
                <IconStyle id="2497">
                    <color>ff0000ff</color>
                    <colorMode>normal</colorMode>
                    <scale>1</scale>
                    <heading>0</heading>
                    <Icon id="2498">
                        <href>http://maps.google.com/mapfiles/kml/pushpin/ylw-pushpin.png</href>
                    </Icon>
                </IconStyle>
            </Style>
            <Style id="2501">
                <IconStyle id="2502">
                    <color>ff0000ff</color>
                    <colorMode>normal</colorMode>
                    <scale>1</scale>
                    <heading>0</heading>
                    <Icon id="2503">
                        <href>http://maps.google.com/mapfiles/kml/pushpin/ylw-pushpin.png</href>
                    </Icon>
                </IconStyle>
            </Style>
            <Style id="2506">
                <IconStyle id="2507">
                    <color>ff0000ff</color>
                    <colorMode>normal</colorMode>
                    <scale>1</scale>
                    <heading>0</heading>
                    <Icon id="2508">
                        <href>http://maps.google.com/mapfiles/kml/pushpin/ylw-pushpin.png</href>
                    </Icon>
                </IconStyle>
            </Style>
            <Style id="2511">
                <IconStyle id="2512">
                    <color>ff0000ff</color>
                    <colorMode>normal</colorMode>
                    <scale>1</scale>
                    <heading>0</heading>
                    <Icon id="2513">
                        <href>http://maps.google.com/mapfiles/kml/pushpin/ylw-pushpin.png</href>
                    </Icon>
                </IconStyle>
            </Style>
            <Style id="2516">
                <IconStyle id="2517">
                    <color>ff0000ff</color>
                    <colorMode>normal</colorMode>
                    <scale>1</scale>
                    <heading>0</heading>
                    <Icon id="2518">
                        <href>http://maps.google.com/mapfiles/kml/pushpin/ylw-pushpin.png</href>
                    </Icon>
                </IconStyle>
            </Style>
            <Style id="2521">
                <IconStyle id="2522">
                    <color>ff0000ff</color>
                    <colorMode>normal</colorMode>
                    <scale>1</scale>
                    <heading>0</heading>
                    <Icon id="2523">
                        <href>http://maps.google.com/mapfiles/kml/pushpin/ylw-pushpin.png</href>
                    </Icon>
                </IconStyle>
            </Style>
            <Style id="2526">
                <IconStyle id="2527">
                    <color>ff0000ff</color>
                    <colorMode>normal</colorMode>
                    <scale>1</scale>
                    <heading>0</heading>
                    <Icon id="2528">
                        <href>http://maps.google.com/mapfiles/kml/pushpin/ylw-pushpin.png</href>
                    </Icon>
                </IconStyle>
            </Style>
            <Style id="2531">
                <IconStyle id="2532">
                    <color>ff0000ff</color>
                    <colorMode>normal</colorMode>
                    <scale>1</scale>
                    <heading>0</heading>
                    <Icon id="2533">
                        <href>http://maps.google.com/mapfiles/kml/pushpin/ylw-pushpin.png</href>
                    </Icon>
                </IconStyle>
            </Style>
            <Style id="2536">
                <IconStyle id="2537">
                    <color>ff0000ff</color>
                    <colorMode>normal</colorMode>
                    <scale>1</scale>
                    <heading>0</heading>
                    <Icon id="2538">
                        <href>http://maps.google.com/mapfiles/kml/pushpin/ylw-pushpin.png</href>
                    </Icon>
                </IconStyle>
            </Style>
            <Style id="2541">
                <IconStyle id="2542">
                    <color>ff0000ff</color>
                    <colorMode>normal</colorMode>
                    <scale>1</scale>
                    <heading>0</heading>
                    <Icon id="2543">
                        <href>http://maps.google.com/mapfiles/kml/pushpin/ylw-pushpin.png</href>
                    </Icon>
                </IconStyle>
            </Style>
            <Style id="2546">
                <IconStyle id="2547">
                    <color>ff0000ff</color>
                    <colorMode>normal</colorMode>
                    <scale>1</scale>
                    <heading>0</heading>
                    <Icon id="2548">
                        <href>http://maps.google.com/mapfiles/kml/pushpin/ylw-pushpin.png</href>
                    </Icon>
                </IconStyle>
            </Style>
            <Style id="2551">
                <IconStyle id="2552">
                    <color>ff0000ff</color>
                    <colorMode>normal</colorMode>
                    <scale>1</scale>
                    <heading>0</heading>
                    <Icon id="2553">
                        <href>http://maps.google.com/mapfiles/kml/pushpin/ylw-pushpin.png</href>
                    </Icon>
                </IconStyle>
            </Style>
            <Style id="2556">
                <IconStyle id="2557">
                    <color>ff0000ff</color>
                    <colorMode>normal</colorMode>
                    <scale>1</scale>
                    <heading>0</heading>
                    <Icon id="2558">
                        <href>http://maps.google.com/mapfiles/kml/pushpin/ylw-pushpin.png</href>
                    </Icon>
                </IconStyle>
            </Style>
            <Style id="2561">
                <IconStyle id="2562">
                    <color>ff0000ff</color>
                    <colorMode>normal</colorMode>
                    <scale>1</scale>
                    <heading>0</heading>
                    <Icon id="2563">
                        <href>http://maps.google.com/mapfiles/kml/pushpin/ylw-pushpin.png</href>
                    </Icon>
                </IconStyle>
            </Style>
            <Style id="2566">
                <IconStyle id="2567">
                    <color>ff0000ff</color>
                    <colorMode>normal</colorMode>
                    <scale>1</scale>
                    <heading>0</heading>
                    <Icon id="2568">
                        <href>http://maps.google.com/mapfiles/kml/pushpin/ylw-pushpin.png</href>
                    </Icon>
                </IconStyle>
            </Style>
            <Style id="2571">
                <IconStyle id="2572">
                    <color>ff0000ff</color>
                    <colorMode>normal</colorMode>
                    <scale>1</scale>
                    <heading>0</heading>
                    <Icon id="2573">
                        <href>http://maps.google.com/mapfiles/kml/pushpin/ylw-pushpin.png</href>
                    </Icon>
                </IconStyle>
            </Style>
            <Style id="2576">
                <IconStyle id="2577">
                    <color>ff0000ff</color>
                    <colorMode>normal</colorMode>
                    <scale>1</scale>
                    <heading>0</heading>
                    <Icon id="2578">
                        <href>http://maps.google.com/mapfiles/kml/pushpin/ylw-pushpin.png</href>
                    </Icon>
                </IconStyle>
            </Style>
            <Style id="2581">
                <IconStyle id="2582">
                    <color>ff0000ff</color>
                    <colorMode>normal</colorMode>
                    <scale>1</scale>
                    <heading>0</heading>
                    <Icon id="2583">
                        <href>http://maps.google.com/mapfiles/kml/pushpin/ylw-pushpin.png</href>
                    </Icon>
                </IconStyle>
            </Style>
            <Style id="2586">
                <IconStyle id="2587">
                    <color>ff0000ff</color>
                    <colorMode>normal</colorMode>
                    <scale>1</scale>
                    <heading>0</heading>
                    <Icon id="2588">
                        <href>http://maps.google.com/mapfiles/kml/pushpin/ylw-pushpin.png</href>
                    </Icon>
                </IconStyle>
            </Style>
            <Style id="2591">
                <IconStyle id="2592">
                    <color>ff0000ff</color>
                    <colorMode>normal</colorMode>
                    <scale>1</scale>
                    <heading>0</heading>
                    <Icon id="2593">
                        <href>http://maps.google.com/mapfiles/kml/pushpin/ylw-pushpin.png</href>
                    </Icon>
                </IconStyle>
            </Style>
            <Style id="2596">
                <IconStyle id="2597">
                    <color>ff0000ff</color>
                    <colorMode>normal</colorMode>
                    <scale>1</scale>
                    <heading>0</heading>
                    <Icon id="2598">
                        <href>http://maps.google.com/mapfiles/kml/pushpin/ylw-pushpin.png</href>
                    </Icon>
                </IconStyle>
            </Style>
            <Style id="2601">
                <IconStyle id="2602">
                    <color>ff0000ff</color>
                    <colorMode>normal</colorMode>
                    <scale>1</scale>
                    <heading>0</heading>
                    <Icon id="2603">
                        <href>http://maps.google.com/mapfiles/kml/pushpin/ylw-pushpin.png</href>
                    </Icon>
                </IconStyle>
            </Style>
            <Style id="2606">
                <IconStyle id="2607">
                    <color>ff0000ff</color>
                    <colorMode>normal</colorMode>
                    <scale>1</scale>
                    <heading>0</heading>
                    <Icon id="2608">
                        <href>http://maps.google.com/mapfiles/kml/pushpin/ylw-pushpin.png</href>
                    </Icon>
                </IconStyle>
            </Style>
            <Style id="2611">
                <IconStyle id="2612">
                    <color>ff0000ff</color>
                    <colorMode>normal</colorMode>
                    <scale>1</scale>
                    <heading>0</heading>
                    <Icon id="2613">
                        <href>http://maps.google.com/mapfiles/kml/pushpin/ylw-pushpin.png</href>
                    </Icon>
                </IconStyle>
            </Style>
            <Style id="2616">
                <IconStyle id="2617">
                    <color>ff0000ff</color>
                    <colorMode>normal</colorMode>
                    <scale>1</scale>
                    <heading>0</heading>
                    <Icon id="2618">
                        <href>http://maps.google.com/mapfiles/kml/pushpin/ylw-pushpin.png</href>
                    </Icon>
                </IconStyle>
            </Style>
            <Style id="2621">
                <IconStyle id="2622">
                    <color>ff0000ff</color>
                    <colorMode>normal</colorMode>
                    <scale>1</scale>
                    <heading>0</heading>
                    <Icon id="2623">
                        <href>http://maps.google.com/mapfiles/kml/pushpin/ylw-pushpin.png</href>
                    </Icon>
                </IconStyle>
            </Style>
            <Style id="2626">
                <IconStyle id="2627">
                    <color>ff0000ff</color>
                    <colorMode>normal</colorMode>
                    <scale>1</scale>
                    <heading>0</heading>
                    <Icon id="2628">
                        <href>http://maps.google.com/mapfiles/kml/pushpin/ylw-pushpin.png</href>
                    </Icon>
                </IconStyle>
            </Style>
            <Style id="2631">
                <IconStyle id="2632">
                    <color>ff0000ff</color>
                    <colorMode>normal</colorMode>
                    <scale>1</scale>
                    <heading>0</heading>
                    <Icon id="2633">
                        <href>http://maps.google.com/mapfiles/kml/pushpin/ylw-pushpin.png</href>
                    </Icon>
                </IconStyle>
            </Style>
            <name>JAIRO JOSUE GONZALES GUERRERO</name>
            <Placemark id="2490">
                <name>ROSA AMELIA ATOCHE VALLADARES</name>
                <description>Av. panamericana norte 438 bocapan frente a licoreria tabaco y chanel
Zorritos
24540Contralmirante Villar
Tumbes
Perú</description>
                <styleUrl>#2491</styleUrl>
                <Point id="2489">
                    <coordinates>-80.7221108,-3.7091611,0.0</coordinates>
                </Point>
            </Placemark>
            <Placemark id="2495">
                <name>PETRONILA ELIZABETH MOGOLLON ZAPATA DE CALDERON</name>
                <description>Calle ica 442 - zorritos -
Tumbes
24541Zorritos
Tumbes
Perú</description>
                <styleUrl>#2496</styleUrl>
                <Point id="2494">
                    <coordinates>-80.676172,-3.681262,0.0</coordinates>
                </Point>
            </Placemark>
            <Placemark id="2500">
                <name>MARIA BARTOLA MARCHAN ARCELA</name>
                <description>Pasaje Alfonso Ugarte 100 - zorritos - tucillal
Zorritos
Contralmirante Villar
Tumbes
Perú</description>
                <styleUrl>#2501</styleUrl>
                <Point id="2499">
                    <coordinates>-80.657999,-3.670365,0.0</coordinates>
                </Point>
            </Placemark>
            <Placemark id="2505">
                <name>MILAGROS DEL PILAR FIESTAS QUEREVALU</name>
                <description>Ancash 413 casa verde con jol
Tumbes
Tumbes
Tumbes
Perú</description>
                <styleUrl>#2506</styleUrl>
                <Point id="2504">
                    <coordinates>-80.675625,-3.681897,0.0</coordinates>
                </Point>
            </Placemark>
            <Placemark id="2510">
                <name>MULTISERVIS LA BAHIA EMPRESA INDIVIDUAL DE RESPONSABILIDAD LIMITADA</name>
                <description>MULTISERVIS LA BAHIA EMPRESA INDIVIDUAL DE RESPONSABILIDAD LIMITADA
AV. PANAMERICANA NRO. 102
Zorritos
240201Contralmirante Villar
Tumbes
Perú</description>
                <styleUrl>#2511</styleUrl>
                <Point id="2509">
                    <coordinates>-80.6760156,-3.680077,0.0</coordinates>
                </Point>
            </Placemark>
            <Placemark id="2515">
                <name>MULTISERVIS LA BAHIA EMPRESA INDIVIDUAL DE RESPONSABILIDAD LIMITADA</name>
                <description>MULTISERVIS LA BAHIA EMPRESA INDIVIDUAL DE RESPONSABILIDAD LIMITADA
AV. PANAMERICANA NRO. 102
Zorritos
240201Contralmirante Villar
Tumbes
Perú</description>
                <styleUrl>#2516</styleUrl>
                <Point id="2514">
                    <coordinates>-80.6760156,-3.680077,0.0</coordinates>
                </Point>
            </Placemark>
            <Placemark id="2520">
                <name>YULISSA CRISALIDA RUMICHE OLAYA</name>
                <description>Calle Villa mar. Zorritos
Zorritos
Contralmirante Villar
Tumbes
Perú</description>
                <styleUrl>#2521</styleUrl>
                <Point id="2519">
                    <coordinates>-80.6760564,-3.6803603,0.0</coordinates>
                </Point>
            </Placemark>
            <Placemark id="2525">
                <name>MILAGROS DEL PILAR MORQUENCHO RODRIGUEZ</name>
                <description>Prolongación Miguel grau 432 - zorritos
Zorritos
24541Contralmirante Villar
Tumbes
Perú</description>
                <styleUrl>#2526</styleUrl>
                <Point id="2524">
                    <coordinates>-80.6809013,-3.6816197,0.0</coordinates>
                </Point>
            </Placemark>
            <Placemark id="2530">
                <name>SERRANO SEMINARIO JESSICA DEL PILAR</name>
                <description>SERRANO SEMINARIO JESSICA DEL PILAR
Av grau 525 - puesto 7 y 8 - mercado de zorritos
Zorritos
Contralmirante Villar
Tumbes
Perú</description>
                <styleUrl>#2531</styleUrl>
                <Point id="2529">
                    <coordinates>-80.6776651,-3.6813691,0.0</coordinates>
                </Point>
            </Placemark>
            <Placemark id="2535">
                <name>SERRANO SEMINARIO JESSICA DEL PILAR</name>
                <description>SERRANO SEMINARIO JESSICA DEL PILAR
Av grau 525 - puesto 7 y 8 - mercado de zorritos
Zorritos
Contralmirante Villar
Tumbes
Perú</description>
                <styleUrl>#2536</styleUrl>
                <Point id="2534">
                    <coordinates>-80.6776651,-3.6813691,0.0</coordinates>
                </Point>
            </Placemark>
            <Placemark id="2540">
                <name>DON BENJO S.A.C</name>
                <description>AV.GRAU 521( es el mismo de Otero)
Zorritos

Tumbes
Perú</description>
                <styleUrl>#2541</styleUrl>
                <Point id="2539">
                    <coordinates>-80.677971,-3.681317,0.0</coordinates>
                </Point>
            </Placemark>
            <Placemark id="2545">
                <name>DON BENJO S.A.C</name>
                <description>AV.GRAU 521( es el mismo de Otero)
Zorritos

Tumbes
Perú</description>
                <styleUrl>#2546</styleUrl>
                <Point id="2544">
                    <coordinates>-80.677971,-3.681317,0.0</coordinates>
                </Point>
            </Placemark>
            <Placemark id="2550">
                <name>DON GIO SUPERMARKET E.I.R.L.</name>
                <description>DON GIO SUPERMARKET E.I.R.L.
AV. REPUBLICA DEL PERU NRO. 222
Zorritos
240201Contralmirante Villar
Tumbes
Perú</description>
                <styleUrl>#2551</styleUrl>
                <Point id="2549">
                    <coordinates>-80.6783191,-3.680698,0.0</coordinates>
                </Point>
            </Placemark>
            <Placemark id="2555">
                <name>MARY ARACELY ECHE PAIVA</name>
                <description>calle los próceres 30 - zorritos ref. al frente de la playa antes de la señora ricardi - en toda la esquina donde venden comida
Zorritos

Tumbes
Perú</description>
                <styleUrl>#2556</styleUrl>
                <Point id="2554">
                    <coordinates>-80.6803224,-3.6790493,0.0</coordinates>
                </Point>
            </Placemark>
            <Placemark id="2560">
                <name>YUVITZA MARLENY ZAPATA RAMIREZ</name>
                <description>Av elmer faucett 634 - el Pacífico - zorritos
Zorritos
Contralmirante Villar
Tumbes
Perú</description>
                <styleUrl>#2561</styleUrl>
                <Point id="2559">
                    <coordinates>-80.683595,-3.6802562,0.0</coordinates>
                </Point>
            </Placemark>
            <Placemark id="2565">
                <name>DIGNA CLARITA TORRES ESPINOZA</name>
                <description>pasaje 28 de Julio - los pinos - al costado de la quebrada de tiburón
Zorritos

Tumbes
Perú</description>
                <styleUrl>#2566</styleUrl>
                <Point id="2564">
                    <coordinates>-80.6865685,-3.6821042,0.0</coordinates>
                </Point>
            </Placemark>
            <Placemark id="2570">
                <name>CLARA MATEO SAYAGO</name>
                <description>Av principal los pinos, frente al coliseo los pinos
Zorritos
Contralmirante Villar
Tumbes
Perú</description>
                <styleUrl>#2571</styleUrl>
                <Point id="2569">
                    <coordinates>-80.6862815,-3.6825885,0.0</coordinates>
                </Point>
            </Placemark>
            <Placemark id="2575">
                <name>MARIA ROSAURA YARANGO DIAZ</name>
                <description>Calle 28 de julio 208 - los pinos
Zorritos
Tumbes
Tumbes
Perú</description>
                <styleUrl>#2576</styleUrl>
                <Point id="2574">
                    <coordinates>-80.6871628,-3.6833875,0.0</coordinates>
                </Point>
            </Placemark>
            <Placemark id="2580">
                <name>ROSY JENIFER CORDOVA PEÑA</name>
                <description>Psje 28 de Julio S/N Frente al gimnasio pasando la pista en un callejón
Tumbes

Tumbes
Perú</description>
                <styleUrl>#2581</styleUrl>
                <Point id="2579">
                    <coordinates>-80.687723,-3.683083,0.0</coordinates>
                </Point>
            </Placemark>
            <Placemark id="2585">
                <name>MERCEDES MILAGROS FIESTAS TUME</name>
                <description>Calle 28 de julio 301 - sector los pinos ref.agente mi sr.jesus
Zorritos
Contralmirante Villar
Tumbes
Perú</description>
                <styleUrl>#2586</styleUrl>
                <Point id="2584">
                    <coordinates>-80.6887996,-3.684473,0.0</coordinates>
                </Point>
            </Placemark>
            <Placemark id="2590">
                <name>MERCEDES MILAGROS FIESTAS TUME</name>
                <description>Calle 28 de julio 301 - sector los pinos ref.agente mi sr.jesus
Zorritos
Contralmirante Villar
Tumbes
Perú</description>
                <styleUrl>#2591</styleUrl>
                <Point id="2589">
                    <coordinates>-80.6887996,-3.684473,0.0</coordinates>
                </Point>
            </Placemark>
            <Placemark id="2595">
                <name>DORA MONTALBAN MORETO</name>
                <description>Av 28 julio panamericana norte al frente del colegio Ricardo palma o al frente ferretería el muñeco
Zorritos
Contralmirante Villar
Tumbes
Perú</description>
                <styleUrl>#2596</styleUrl>
                <Point id="2594">
                    <coordinates>-80.6892104,-3.6852959,0.0</coordinates>
                </Point>
            </Placemark>
            <Placemark id="2600">
                <name>ELSA GARCIA CARRASCO</name>
                <description>Av 28 de julio 428 - sector los pinos - zorritos
Zorritos
Contralmirante Villar
Tumbes
Perú</description>
                <styleUrl>#2601</styleUrl>
                <Point id="2599">
                    <coordinates>-80.6911536,-3.6862636,0.0</coordinates>
                </Point>
            </Placemark>
            <Placemark id="2605">
                <name>MORAYMA CARLIN SAAVEDRA</name>
                <description>Av 28 julio los pinos ref alfrente del car wash - los pinos
Zorritos
Contralmirante Villar
Tumbes
Perú</description>
                <styleUrl>#2606</styleUrl>
                <Point id="2604">
                    <coordinates>-80.6915885,-3.687406,0.0</coordinates>
                </Point>
            </Placemark>
            <Placemark id="2610">
                <name>IRMA ATOCHE VIERA</name>
                <description>Av 28 julio #550 Los pinos zorritos frente a la alameda
Zorritos
Contralmirante Villar
Tumbes
Perú</description>
                <styleUrl>#2611</styleUrl>
                <Point id="2609">
                    <coordinates>-80.6931773,-3.6889168,0.0</coordinates>
                </Point>
            </Placemark>
            <Placemark id="2615">
                <name>MARIA DEL PILAR GARABITO LAMA</name>
                <description>Av panamericana al costado del hotel restaurante caribe
Zorritos
Contralmirante Villar
Tumbes
Perú</description>
                <styleUrl>#2616</styleUrl>
                <Point id="2614">
                    <coordinates>-80.7156684,-3.7044643,0.0</coordinates>
                </Point>
            </Placemark>
            <Placemark id="2620">
                <name>CARRILLO DE INFANTE NIDIA GISELA</name>
                <description>
Zorritos
Contralmirante Villar
Tumbes
Perú</description>
                <styleUrl>#2621</styleUrl>
                <Point id="2619">
                    <coordinates>-80.7220399,-3.70905,0.0</coordinates>
                </Point>
            </Placemark>
            <Placemark id="2625">
                <name>YASMERY BETZABÉTH MARRERO LEON</name>
                <description>Colegio sifredo Zúñiga quintos 058
Zorritos
Contralmirante Villar
Tumbes
Perú</description>
                <styleUrl>#2626</styleUrl>
                <Point id="2624">
                    <coordinates>-80.6752872,-3.6804957,0.0</coordinates>
                </Point>
            </Placemark>
            <Placemark id="2630">
                <name>AZUCENA MURRIETA NOA</name>
                <description>Av grau 323 - zorritos 
Zorritos
24541Contralmirante Villar
Tumbes
Perú</description>
                <styleUrl>#2631</styleUrl>
                <Point id="2629">
                    <coordinates>-80.6739615,-3.6799255,0.0</coordinates>
                </Point>
            </Placemark>
        </Folder>
        <Folder id="2634">
            <Style id="2637">
                <IconStyle id="2638">
                    <color>ffff0000</color>
                    <colorMode>normal</colorMode>
                    <scale>1</scale>
                    <heading>0</heading>
                    <Icon id="2639">
                        <href>http://maps.google.com/mapfiles/kml/pushpin/ylw-pushpin.png</href>
                    </Icon>
                </IconStyle>
            </Style>
            <Style id="2642">
                <IconStyle id="2643">
                    <color>ffff0000</color>
                    <colorMode>normal</colorMode>
                    <scale>1</scale>
                    <heading>0</heading>
                    <Icon id="2644">
                        <href>http://maps.google.com/mapfiles/kml/pushpin/ylw-pushpin.png</href>
                    </Icon>
                </IconStyle>
            </Style>
            <Style id="2647">
                <IconStyle id="2648">
                    <color>ffff0000</color>
                    <colorMode>normal</colorMode>
                    <scale>1</scale>
                    <heading>0</heading>
                    <Icon id="2649">
                        <href>http://maps.google.com/mapfiles/kml/pushpin/ylw-pushpin.png</href>
                    </Icon>
                </IconStyle>
            </Style>
            <Style id="2652">
                <IconStyle id="2653">
                    <color>ffff0000</color>
                    <colorMode>normal</colorMode>
                    <scale>1</scale>
                    <heading>0</heading>
                    <Icon id="2654">
                        <href>http://maps.google.com/mapfiles/kml/pushpin/ylw-pushpin.png</href>
                    </Icon>
                </IconStyle>
            </Style>
            <Style id="2657">
                <IconStyle id="2658">
                    <color>ffff0000</color>
                    <colorMode>normal</colorMode>
                    <scale>1</scale>
                    <heading>0</heading>
                    <Icon id="2659">
                        <href>http://maps.google.com/mapfiles/kml/pushpin/ylw-pushpin.png</href>
                    </Icon>
                </IconStyle>
            </Style>
            <Style id="2662">
                <IconStyle id="2663">
                    <color>ffff0000</color>
                    <colorMode>normal</colorMode>
                    <scale>1</scale>
                    <heading>0</heading>
                    <Icon id="2664">
                        <href>http://maps.google.com/mapfiles/kml/pushpin/ylw-pushpin.png</href>
                    </Icon>
                </IconStyle>
            </Style>
            <Style id="2667">
                <IconStyle id="2668">
                    <color>ffff0000</color>
                    <colorMode>normal</colorMode>
                    <scale>1</scale>
                    <heading>0</heading>
                    <Icon id="2669">
                        <href>http://maps.google.com/mapfiles/kml/pushpin/ylw-pushpin.png</href>
                    </Icon>
                </IconStyle>
            </Style>
            <Style id="2672">
                <IconStyle id="2673">
                    <color>ffff0000</color>
                    <colorMode>normal</colorMode>
                    <scale>1</scale>
                    <heading>0</heading>
                    <Icon id="2674">
                        <href>http://maps.google.com/mapfiles/kml/pushpin/ylw-pushpin.png</href>
                    </Icon>
                </IconStyle>
            </Style>
            <Style id="2677">
                <IconStyle id="2678">
                    <color>ffff0000</color>
                    <colorMode>normal</colorMode>
                    <scale>1</scale>
                    <heading>0</heading>
                    <Icon id="2679">
                        <href>http://maps.google.com/mapfiles/kml/pushpin/ylw-pushpin.png</href>
                    </Icon>
                </IconStyle>
            </Style>
            <Style id="2682">
                <IconStyle id="2683">
                    <color>ffff0000</color>
                    <colorMode>normal</colorMode>
                    <scale>1</scale>
                    <heading>0</heading>
                    <Icon id="2684">
                        <href>http://maps.google.com/mapfiles/kml/pushpin/ylw-pushpin.png</href>
                    </Icon>
                </IconStyle>
            </Style>
            <Style id="2687">
                <IconStyle id="2688">
                    <color>ffff0000</color>
                    <colorMode>normal</colorMode>
                    <scale>1</scale>
                    <heading>0</heading>
                    <Icon id="2689">
                        <href>http://maps.google.com/mapfiles/kml/pushpin/ylw-pushpin.png</href>
                    </Icon>
                </IconStyle>
            </Style>
            <Style id="2692">
                <IconStyle id="2693">
                    <color>ffff0000</color>
                    <colorMode>normal</colorMode>
                    <scale>1</scale>
                    <heading>0</heading>
                    <Icon id="2694">
                        <href>http://maps.google.com/mapfiles/kml/pushpin/ylw-pushpin.png</href>
                    </Icon>
                </IconStyle>
            </Style>
            <Style id="2697">
                <IconStyle id="2698">
                    <color>ffff0000</color>
                    <colorMode>normal</colorMode>
                    <scale>1</scale>
                    <heading>0</heading>
                    <Icon id="2699">
                        <href>http://maps.google.com/mapfiles/kml/pushpin/ylw-pushpin.png</href>
                    </Icon>
                </IconStyle>
            </Style>
            <Style id="2702">
                <IconStyle id="2703">
                    <color>ffff0000</color>
                    <colorMode>normal</colorMode>
                    <scale>1</scale>
                    <heading>0</heading>
                    <Icon id="2704">
                        <href>http://maps.google.com/mapfiles/kml/pushpin/ylw-pushpin.png</href>
                    </Icon>
                </IconStyle>
            </Style>
            <Style id="2707">
                <IconStyle id="2708">
                    <color>ffff0000</color>
                    <colorMode>normal</colorMode>
                    <scale>1</scale>
                    <heading>0</heading>
                    <Icon id="2709">
                        <href>http://maps.google.com/mapfiles/kml/pushpin/ylw-pushpin.png</href>
                    </Icon>
                </IconStyle>
            </Style>
            <Style id="2712">
                <IconStyle id="2713">
                    <color>ffff0000</color>
                    <colorMode>normal</colorMode>
                    <scale>1</scale>
                    <heading>0</heading>
                    <Icon id="2714">
                        <href>http://maps.google.com/mapfiles/kml/pushpin/ylw-pushpin.png</href>
                    </Icon>
                </IconStyle>
            </Style>
            <Style id="2717">
                <IconStyle id="2718">
                    <color>ffff0000</color>
                    <colorMode>normal</colorMode>
                    <scale>1</scale>
                    <heading>0</heading>
                    <Icon id="2719">
                        <href>http://maps.google.com/mapfiles/kml/pushpin/ylw-pushpin.png</href>
                    </Icon>
                </IconStyle>
            </Style>
            <Style id="2722">
                <IconStyle id="2723">
                    <color>ffff0000</color>
                    <colorMode>normal</colorMode>
                    <scale>1</scale>
                    <heading>0</heading>
                    <Icon id="2724">
                        <href>http://maps.google.com/mapfiles/kml/pushpin/ylw-pushpin.png</href>
                    </Icon>
                </IconStyle>
            </Style>
            <Style id="2727">
                <IconStyle id="2728">
                    <color>ffff0000</color>
                    <colorMode>normal</colorMode>
                    <scale>1</scale>
                    <heading>0</heading>
                    <Icon id="2729">
                        <href>http://maps.google.com/mapfiles/kml/pushpin/ylw-pushpin.png</href>
                    </Icon>
                </IconStyle>
            </Style>
            <Style id="2732">
                <IconStyle id="2733">
                    <color>ffff0000</color>
                    <colorMode>normal</colorMode>
                    <scale>1</scale>
                    <heading>0</heading>
                    <Icon id="2734">
                        <href>http://maps.google.com/mapfiles/kml/pushpin/ylw-pushpin.png</href>
                    </Icon>
                </IconStyle>
            </Style>
            <Style id="2737">
                <IconStyle id="2738">
                    <color>ffff0000</color>
                    <colorMode>normal</colorMode>
                    <scale>1</scale>
                    <heading>0</heading>
                    <Icon id="2739">
                        <href>http://maps.google.com/mapfiles/kml/pushpin/ylw-pushpin.png</href>
                    </Icon>
                </IconStyle>
            </Style>
            <Style id="2742">
                <IconStyle id="2743">
                    <color>ffff0000</color>
                    <colorMode>normal</colorMode>
                    <scale>1</scale>
                    <heading>0</heading>
                    <Icon id="2744">
                        <href>http://maps.google.com/mapfiles/kml/pushpin/ylw-pushpin.png</href>
                    </Icon>
                </IconStyle>
            </Style>
            <Style id="2747">
                <IconStyle id="2748">
                    <color>ffff0000</color>
                    <colorMode>normal</colorMode>
                    <scale>1</scale>
                    <heading>0</heading>
                    <Icon id="2749">
                        <href>http://maps.google.com/mapfiles/kml/pushpin/ylw-pushpin.png</href>
                    </Icon>
                </IconStyle>
            </Style>
            <Style id="2752">
                <IconStyle id="2753">
                    <color>ffff0000</color>
                    <colorMode>normal</colorMode>
                    <scale>1</scale>
                    <heading>0</heading>
                    <Icon id="2754">
                        <href>http://maps.google.com/mapfiles/kml/pushpin/ylw-pushpin.png</href>
                    </Icon>
                </IconStyle>
            </Style>
            <Style id="2757">
                <IconStyle id="2758">
                    <color>ffff0000</color>
                    <colorMode>normal</colorMode>
                    <scale>1</scale>
                    <heading>0</heading>
                    <Icon id="2759">
                        <href>http://maps.google.com/mapfiles/kml/pushpin/ylw-pushpin.png</href>
                    </Icon>
                </IconStyle>
            </Style>
            <Style id="2762">
                <IconStyle id="2763">
                    <color>ffff0000</color>
                    <colorMode>normal</colorMode>
                    <scale>1</scale>
                    <heading>0</heading>
                    <Icon id="2764">
                        <href>http://maps.google.com/mapfiles/kml/pushpin/ylw-pushpin.png</href>
                    </Icon>
                </IconStyle>
            </Style>
            <Style id="2767">
                <IconStyle id="2768">
                    <color>ffff0000</color>
                    <colorMode>normal</colorMode>
                    <scale>1</scale>
                    <heading>0</heading>
                    <Icon id="2769">
                        <href>http://maps.google.com/mapfiles/kml/pushpin/ylw-pushpin.png</href>
                    </Icon>
                </IconStyle>
            </Style>
            <Style id="2772">
                <IconStyle id="2773">
                    <color>ffff0000</color>
                    <colorMode>normal</colorMode>
                    <scale>1</scale>
                    <heading>0</heading>
                    <Icon id="2774">
                        <href>http://maps.google.com/mapfiles/kml/pushpin/ylw-pushpin.png</href>
                    </Icon>
                </IconStyle>
            </Style>
            <Style id="2777">
                <IconStyle id="2778">
                    <color>ffff0000</color>
                    <colorMode>normal</colorMode>
                    <scale>1</scale>
                    <heading>0</heading>
                    <Icon id="2779">
                        <href>http://maps.google.com/mapfiles/kml/pushpin/ylw-pushpin.png</href>
                    </Icon>
                </IconStyle>
            </Style>
            <Style id="2782">
                <IconStyle id="2783">
                    <color>ffff0000</color>
                    <colorMode>normal</colorMode>
                    <scale>1</scale>
                    <heading>0</heading>
                    <Icon id="2784">
                        <href>http://maps.google.com/mapfiles/kml/pushpin/ylw-pushpin.png</href>
                    </Icon>
                </IconStyle>
            </Style>
            <Style id="2787">
                <IconStyle id="2788">
                    <color>ffff0000</color>
                    <colorMode>normal</colorMode>
                    <scale>1</scale>
                    <heading>0</heading>
                    <Icon id="2789">
                        <href>http://maps.google.com/mapfiles/kml/pushpin/ylw-pushpin.png</href>
                    </Icon>
                </IconStyle>
            </Style>
            <Style id="2792">
                <IconStyle id="2793">
                    <color>ffff0000</color>
                    <colorMode>normal</colorMode>
                    <scale>1</scale>
                    <heading>0</heading>
                    <Icon id="2794">
                        <href>http://maps.google.com/mapfiles/kml/pushpin/ylw-pushpin.png</href>
                    </Icon>
                </IconStyle>
            </Style>
            <Style id="2797">
                <IconStyle id="2798">
                    <color>ffff0000</color>
                    <colorMode>normal</colorMode>
                    <scale>1</scale>
                    <heading>0</heading>
                    <Icon id="2799">
                        <href>http://maps.google.com/mapfiles/kml/pushpin/ylw-pushpin.png</href>
                    </Icon>
                </IconStyle>
            </Style>
            <Style id="2802">
                <IconStyle id="2803">
                    <color>ffff0000</color>
                    <colorMode>normal</colorMode>
                    <scale>1</scale>
                    <heading>0</heading>
                    <Icon id="2804">
                        <href>http://maps.google.com/mapfiles/kml/pushpin/ylw-pushpin.png</href>
                    </Icon>
                </IconStyle>
            </Style>
            <Style id="2807">
                <IconStyle id="2808">
                    <color>ffff0000</color>
                    <colorMode>normal</colorMode>
                    <scale>1</scale>
                    <heading>0</heading>
                    <Icon id="2809">
                        <href>http://maps.google.com/mapfiles/kml/pushpin/ylw-pushpin.png</href>
                    </Icon>
                </IconStyle>
            </Style>
            <Style id="2812">
                <IconStyle id="2813">
                    <color>ffff0000</color>
                    <colorMode>normal</colorMode>
                    <scale>1</scale>
                    <heading>0</heading>
                    <Icon id="2814">
                        <href>http://maps.google.com/mapfiles/kml/pushpin/ylw-pushpin.png</href>
                    </Icon>
                </IconStyle>
            </Style>
            <Style id="2817">
                <IconStyle id="2818">
                    <color>ffff0000</color>
                    <colorMode>normal</colorMode>
                    <scale>1</scale>
                    <heading>0</heading>
                    <Icon id="2819">
                        <href>http://maps.google.com/mapfiles/kml/pushpin/ylw-pushpin.png</href>
                    </Icon>
                </IconStyle>
            </Style>
            <Style id="2822">
                <IconStyle id="2823">
                    <color>ffff0000</color>
                    <colorMode>normal</colorMode>
                    <scale>1</scale>
                    <heading>0</heading>
                    <Icon id="2824">
                        <href>http://maps.google.com/mapfiles/kml/pushpin/ylw-pushpin.png</href>
                    </Icon>
                </IconStyle>
            </Style>
            <Style id="2827">
                <IconStyle id="2828">
                    <color>ffff0000</color>
                    <colorMode>normal</colorMode>
                    <scale>1</scale>
                    <heading>0</heading>
                    <Icon id="2829">
                        <href>http://maps.google.com/mapfiles/kml/pushpin/ylw-pushpin.png</href>
                    </Icon>
                </IconStyle>
            </Style>
            <Style id="2832">
                <IconStyle id="2833">
                    <color>ffff0000</color>
                    <colorMode>normal</colorMode>
                    <scale>1</scale>
                    <heading>0</heading>
                    <Icon id="2834">
                        <href>http://maps.google.com/mapfiles/kml/pushpin/ylw-pushpin.png</href>
                    </Icon>
                </IconStyle>
            </Style>
            <Style id="2837">
                <IconStyle id="2838">
                    <color>ffff0000</color>
                    <colorMode>normal</colorMode>
                    <scale>1</scale>
                    <heading>0</heading>
                    <Icon id="2839">
                        <href>http://maps.google.com/mapfiles/kml/pushpin/ylw-pushpin.png</href>
                    </Icon>
                </IconStyle>
            </Style>
            <Style id="2842">
                <IconStyle id="2843">
                    <color>ffff0000</color>
                    <colorMode>normal</colorMode>
                    <scale>1</scale>
                    <heading>0</heading>
                    <Icon id="2844">
                        <href>http://maps.google.com/mapfiles/kml/pushpin/ylw-pushpin.png</href>
                    </Icon>
                </IconStyle>
            </Style>
            <name>MARIO ALBERTO QUINTANA SANDOVAL</name>
            <Placemark id="2636">
                <name>NANCY DEL PILAR ECHE RAMIREZ</name>
                <description>Av panamericana s/n - centro de cancas - cancas Ref. Costado de la farmacia solucion
Canoas de Punta Sal
Contralmirante Villar
Tumbes
Perú</description>
                <styleUrl>#2637</styleUrl>
                <Point id="2635">
                    <coordinates>-80.9401434,-3.9461037,0.0</coordinates>
                </Point>
            </Placemark>
            <Placemark id="2641">
                <name>MARGARITA REYES CUNYA</name>
                <description>AAHH nuevo paraíso - carretera a cancas
Canoas de Punta Sal
Contralmirante Villar
Tumbes
Perú</description>
                <styleUrl>#2642</styleUrl>
                <Point id="2640">
                    <coordinates>-80.8017715,-3.7847562,0.0</coordinates>
                </Point>
            </Placemark>
            <Placemark id="2646">
                <name>JULISSA JANET PAZOS AMAYA</name>
                <description>Barrio primavera mz11 lt 4 más adelante de hotel mirador tanques de agua afuera entrada de cancas
Canoas de Punta Sal
Contralmirante Villar
Tumbes
Perú</description>
                <styleUrl>#2647</styleUrl>
                <Point id="2645">
                    <coordinates>-80.9314406,-3.9412055,0.0</coordinates>
                </Point>
            </Placemark>
            <Placemark id="2651">
                <name>RUMICHE VITE KEVIN ALEXANDER</name>
                <description>RUMICHE VITE KEVIN ALEXANDER
Av panamericana norte s/n - cancas frente a comisaria subir escaleras
Canoas de Punta Sal
Contralmirante Villar
Tumbes
Perú</description>
                <styleUrl>#2652</styleUrl>
                <Point id="2650">
                    <coordinates>-80.9373705,-3.9450035,0.0</coordinates>
                </Point>
            </Placemark>
            <Placemark id="2656">
                <name>SOLUCIONES INTEGRALES EL SIAR EMPRESA INDIVIDUAL DE RESPONSABILIDAD LIMITADA</name>
                <description>SOLUCIONES INTEGRALES EL SIAR EMPRESA INDIVIDUAL DE RESPONSABILIDAD LIMITADA
AV. PANAMERICANA NORTE NRO. 132 CANOAS DE PUNTA SAL
Canoas de Punta Sal
240203Contralmirante Villar
Tumbes
Perú</description>
                <styleUrl>#2657</styleUrl>
                <Point id="2655">
                    <coordinates>-80.9470147,-3.9555304,0.0</coordinates>
                </Point>
            </Placemark>
            <Placemark id="2661">
                <name>RUMICHE VITE KEVIN ALEXANDER</name>
                <description>RUMICHE VITE KEVIN ALEXANDER
Av panamericana norte s/n - cancas frente a comisaria subir escaleras
Canoas de Punta Sal
Contralmirante Villar
Tumbes
Perú</description>
                <styleUrl>#2662</styleUrl>
                <Point id="2660">
                    <coordinates>-80.9373705,-3.9450035,0.0</coordinates>
                </Point>
            </Placemark>
            <Placemark id="2666">
                <name>MARGARITA REYES CUNYA</name>
                <description>AAHH nuevo paraíso - carretera a cancas
Canoas de Punta Sal
Contralmirante Villar
Tumbes
Perú</description>
                <styleUrl>#2667</styleUrl>
                <Point id="2665">
                    <coordinates>-80.8017715,-3.7847562,0.0</coordinates>
                </Point>
            </Placemark>
            <Placemark id="2671">
                <name>SOLUCIONES INTEGRALES EL SIAR EMPRESA INDIVIDUAL DE RESPONSABILIDAD LIMITADA</name>
                <description>SOLUCIONES INTEGRALES EL SIAR EMPRESA INDIVIDUAL DE RESPONSABILIDAD LIMITADA
AV. PANAMERICANA NORTE NRO. 132 CANOAS DE PUNTA SAL
Canoas de Punta Sal
240203Contralmirante Villar
Tumbes
Perú</description>
                <styleUrl>#2672</styleUrl>
                <Point id="2670">
                    <coordinates>-80.9470147,-3.9555304,0.0</coordinates>
                </Point>
            </Placemark>
            <Placemark id="2676">
                <name>ROSA ELENA ECHE RAMIREZ</name>
                <description>Av panamericana norte s/n - barrio Miraflores
Canoas de Punta Sal
Contralmirante Villar
Tumbes
Perú</description>
                <styleUrl>#2677</styleUrl>
                <Point id="2675">
                    <coordinates>-80.9466209,-3.9608173,0.0</coordinates>
                </Point>
            </Placemark>
            <Placemark id="2681">
                <name>JOSE SANTOS PARIHUAMAN MIJA</name>
                <description>nuevo cancas sin número referencia detrá de minimarket magno
Canoas de Punta Sal
24560Contralmirante Villar
Tumbes
Perú</description>
                <styleUrl>#2682</styleUrl>
                <Point id="2680">
                    <coordinates>-80.9456643,-3.9561726,0.0</coordinates>
                </Point>
            </Placemark>
            <Placemark id="2686">
                <name>LUZ MIRELY NORES CHUNGA</name>
                <description>barrio las palmeras Mz O H lote 05  por el colegio divino niño
Canoas de Punta Sal
24560Contralmirante Villar
Tumbes
Perú</description>
                <styleUrl>#2687</styleUrl>
                <Point id="2685">
                    <coordinates>-80.945164,-3.955432,0.0</coordinates>
                </Point>
            </Placemark>
            <Placemark id="2691">
                <name>LUISA ALTAGRACIA CASTILLO LOPEZ</name>
                <description>Barrio buena vista antes de grifo ava entrada al vivero pasando la sra ivis pazos cancas
Canoas de Punta Sal

Tumbes
Perú</description>
                <styleUrl>#2692</styleUrl>
                <Point id="2690">
                    <coordinates>-80.9464531,-3.9609738,0.0</coordinates>
                </Point>
            </Placemark>
            <Placemark id="2696">
                <name>LIDIA VITE MORE</name>
                <description>panamerica norte 215 canoas de puntal sal  frente a mamacocha
Canoas de Punta Sal
24560Contralmirante Villar
Tumbes
Perú</description>
                <styleUrl>#2697</styleUrl>
                <Point id="2695">
                    <coordinates>-80.9466049,-3.9497896,0.0</coordinates>
                </Point>
            </Placemark>
            <Placemark id="2701">
                <name>MARIANA LAZARO VALDIVIEZO</name>
                <description>Av panamericana s/n - barrio las Mercedes - cancas
Canoas de Punta Sal
Contralmirante Villar
Tumbes
Perú</description>
                <styleUrl>#2702</styleUrl>
                <Point id="2700">
                    <coordinates>-80.9448662,-3.9482279,0.0</coordinates>
                </Point>
            </Placemark>
            <Placemark id="2706">
                <name>MANUEL ANGEL JACINTO CHULLE</name>
                <description>Av panamericana 403 - barrio san Martin - cancas
Canoas de Punta Sal
Contralmirante Villar
Tumbes
Perú</description>
                <styleUrl>#2707</styleUrl>
                <Point id="2705">
                    <coordinates>-80.9440817,-3.9477493,0.0</coordinates>
                </Point>
            </Placemark>
            <Placemark id="2711">
                <name>CIOMAR MARENA NIÑO CARDENAS</name>
                <description>Av panamericana 830 - barrio centro - cancas
Canoas de Punta Sal
Contralmirante Villar
Tumbes
Perú</description>
                <styleUrl>#2712</styleUrl>
                <Point id="2710">
                    <coordinates>-80.9390326,-3.9457976,0.0</coordinates>
                </Point>
            </Placemark>
            <Placemark id="2716">
                <name>MARGARITA ANTON GALAN</name>
                <description>Interior mercado de cancas - cancas
Canoas de Punta Sal
Contralmirante Villar
Tumbes
Perú</description>
                <styleUrl>#2717</styleUrl>
                <Point id="2715">
                    <coordinates>-80.9409117,-3.9460897,0.0</coordinates>
                </Point>
            </Placemark>
            <Placemark id="2721">
                <name>GLORIA DEL PILAR LOAYZA PEÑA</name>
                <description>Interior mercado de cancas ..venta de pollos
Canoas de Punta Sal

Tumbes
Perú</description>
                <styleUrl>#2722</styleUrl>
                <Point id="2720">
                    <coordinates>-80.9408233,-3.9460026,0.0</coordinates>
                </Point>
            </Placemark>
            <Placemark id="2726">
                <name>URSULINA SALDARRIAGA LEON</name>
                <description>Mercado interior de cancas
Canoas de Punta Sal
Contralmirante Villar
Tumbes
Perú</description>
                <styleUrl>#2727</styleUrl>
                <Point id="2725">
                    <coordinates>-80.9408468,-3.9460722,0.0</coordinates>
                </Point>
            </Placemark>
            <Placemark id="2731">
                <name>NANCY DEL PILAR ECHE RAMIREZ</name>
                <description>Av panamericana s/n - centro de cancas - cancas Ref. Costado de la farmacia solucion
Canoas de Punta Sal
Contralmirante Villar
Tumbes
Perú</description>
                <styleUrl>#2732</styleUrl>
                <Point id="2730">
                    <coordinates>-80.9401434,-3.9461037,0.0</coordinates>
                </Point>
            </Placemark>
            <Placemark id="2736">
                <name>NANCY DEL PILAR ECHE RAMIREZ</name>
                <description>Av panamericana s/n - centro de cancas - cancas Ref. Costado de la farmacia solucion
Canoas de Punta Sal
Contralmirante Villar
Tumbes
Perú</description>
                <styleUrl>#2737</styleUrl>
                <Point id="2735">
                    <coordinates>-80.9401434,-3.9461037,0.0</coordinates>
                </Point>
            </Placemark>
            <Placemark id="2741">
                <name>CIOMAR MARENA NIÑO CARDENAS</name>
                <description>Av panamericana 830 - barrio centro - cancas
Canoas de Punta Sal
Contralmirante Villar
Tumbes
Perú</description>
                <styleUrl>#2742</styleUrl>
                <Point id="2740">
                    <coordinates>-80.9390326,-3.9457976,0.0</coordinates>
                </Point>
            </Placemark>
            <Placemark id="2746">
                <name>GLADYS ESTHER ZAPATA QUEREVALU</name>
                <description>Ampliación señor de los milagros s/n - cancas
Canoas de Punta Sal
Contralmirante Villar
Tumbes
Perú</description>
                <styleUrl>#2747</styleUrl>
                <Point id="2745">
                    <coordinates>-80.940159,-3.9460182,0.0</coordinates>
                </Point>
            </Placemark>
            <Placemark id="2751">
                <name>AUGUSTA CHERRE GALAN</name>
                <description>Barrio sr de los milagros #132 atrás de paradero mano izquierda casa de loceta blanca
Canoas de Punta Sal
Contralmirante Villar
Tumbes
Perú</description>
                <styleUrl>#2752</styleUrl>
                <Point id="2750">
                    <coordinates>-80.9369002,-3.9457517,0.0</coordinates>
                </Point>
            </Placemark>
            <Placemark id="2756">
                <name>ROSALIA MERCEDES FIESTAS QUEREVALU</name>
                <description>Av. principal barrio Miramar 268
Canoas de Punta Sal
24560Contralmirante Villar
Tumbes
Perú</description>
                <styleUrl>#2757</styleUrl>
                <Point id="2755">
                    <coordinates>-80.9401072,-3.9457779,0.0</coordinates>
                </Point>
            </Placemark>
            <Placemark id="2761">
                <name>ROSALIA MERCEDES FIESTAS QUEREVALU</name>
                <description>Av. principal barrio Miramar 268
Canoas de Punta Sal
24560Contralmirante Villar
Tumbes
Perú</description>
                <styleUrl>#2762</styleUrl>
                <Point id="2760">
                    <coordinates>-80.9401072,-3.9457779,0.0</coordinates>
                </Point>
            </Placemark>
            <Placemark id="2766">
                <name>ROSA AMELIA MOGOLLON ESTRADA</name>
                <description>Av panamericana norte s/n - barrió Miramar rf casa de cañas con escalera
Canoas de Punta Sal
24560Contralmirante Villar
Tumbes
Perú</description>
                <styleUrl>#2767</styleUrl>
                <Point id="2765">
                    <coordinates>-80.9360731,-3.9440589,0.0</coordinates>
                </Point>
            </Placemark>
            <Placemark id="2771">
                <name>ELIANA RUTH RAMIREZ ESTRADA</name>
                <description>Av.panamerica s/n barrio san sebastian  donde venden chifles cancas
Canoas de Punta Sal
Contralmirante Villar
Tumbes
Perú</description>
                <styleUrl>#2772</styleUrl>
                <Point id="2770">
                    <coordinates>-80.933702,-3.9425812,0.0</coordinates>
                </Point>
            </Placemark>
            <Placemark id="2776">
                <name>TERESA DEL PILAR ODAR MAZA</name>
                <description>Calle 28 de julio barrio#115 san sebastian espaldas d eplataforma por tanques de agua ...cancas
Canoas de Punta Sal

Tumbes
Perú</description>
                <styleUrl>#2777</styleUrl>
                <Point id="2775">
                    <coordinates>-80.9328625,-3.942912,0.0</coordinates>
                </Point>
            </Placemark>
            <Placemark id="2781">
                <name>DE RIVAS VILMA SILVA BAUTISTA</name>
                <description>Calle 28 de julio #113 espaldas de la plataforma deportiva San Sebastián cancas tanque de agua azul c
Canoas de Punta Sal
Contralmirante Villar
Tumbes
Perú</description>
                <styleUrl>#2782</styleUrl>
                <Point id="2780">
                    <coordinates>-80.9370633,-3.9447333,0.0</coordinates>
                </Point>
            </Placemark>
            <Placemark id="2786">
                <name>ROSA ELIZABET PIZARRO CORREA</name>
                <description>La Bombonera s/n espaldas de cementerio cancas
Canoas de Punta Sal
Contralmirante Villar
Tumbes
Perú</description>
                <styleUrl>#2787</styleUrl>
                <Point id="2785">
                    <coordinates>-80.932059,-3.9440557,0.0</coordinates>
                </Point>
            </Placemark>
            <Placemark id="2791">
                <name>JULISSA JANET PAZOS AMAYA</name>
                <description>Barrio primavera mz11 lt 4 más adelante de hotel mirador tanques de agua afuera entrada de cancas
Canoas de Punta Sal
Contralmirante Villar
Tumbes
Perú</description>
                <styleUrl>#2792</styleUrl>
                <Point id="2790">
                    <coordinates>-80.9314406,-3.9412055,0.0</coordinates>
                </Point>
            </Placemark>
            <Placemark id="2796">
                <name>MARYURI DEL ROSARIO PEÑA CORREA</name>
                <description>Barrio la primavera s/n espaldas del hotel mirador al fondo..entrada de cancas
Canoas de Punta Sal
Contralmirante Villar
Tumbes
Perú</description>
                <styleUrl>#2797</styleUrl>
                <Point id="2795">
                    <coordinates>-80.9313477,-3.941072,0.0</coordinates>
                </Point>
            </Placemark>
            <Placemark id="2801">
                <name>ERUNDINA PEÑA DE CHUMACERO</name>
                <description>Av. Panamericana norte San Pedro 09 Acapulco ref. bodeguita Dina. Acapulco
Zorritos
Contralmirante Villar
Tumbes
Perú</description>
                <styleUrl>#2802</styleUrl>
                <Point id="2800">
                    <coordinates>-80.7722574,-3.7415912,0.0</coordinates>
                </Point>
            </Placemark>
            <Placemark id="2806">
                <name>ANA ARACELY TEMOCHE COBEÑAS</name>
                <description>Av. Emancipación 423 Acapulco referencia frente a la alameda los delfines Acapulco
Acapulco
Contralmirante Villar
Tumbes
Perú</description>
                <styleUrl>#2807</styleUrl>
                <Point id="2805">
                    <coordinates>-80.7682467,-3.7369386,0.0</coordinates>
                </Point>
            </Placemark>
            <Placemark id="2811">
                <name>SANDRA ISABEL ECHE PINDAY</name>
                <description>Barrio el Milagro. Referencia FRENTE AL CEMENTERIO DE ACAPULCO
Zorritos
Contralmirante Villar
Tumbes
Perú</description>
                <styleUrl>#2812</styleUrl>
                <Point id="2810">
                    <coordinates>-80.7666617,-3.740865,0.0</coordinates>
                </Point>
            </Placemark>
            <Placemark id="2816">
                <name>TEMPORA VITE DE FIESTAS</name>
                <description>Calle José Olaya # 07 al costado del mercado. Acapulco
Zorritos
Contralmirante Villar
Tumbes
Perú</description>
                <styleUrl>#2817</styleUrl>
                <Point id="2815">
                    <coordinates>-80.7664594,-3.7373734,0.0</coordinates>
                </Point>
            </Placemark>
            <Placemark id="2821">
                <name>AMPARO LLENQUE JACINTO</name>
                <description>Av. panamericana norte 638  barrio zamba Uriarte 
Canoas de Punta Sal
24560Contralmirante Villar
Tumbes
Perú</description>
                <styleUrl>#2822</styleUrl>
                <Point id="2820">
                    <coordinates>-80.9417814,-3.9459721,0.0</coordinates>
                </Point>
            </Placemark>
            <Placemark id="2826">
                <name>EVA ELIZABETH DEDIOS COVEÑAS</name>
                <description>Av. Emancipación 418 referencia alameda los delfines. Acapulco
Zorritos
Contralmirante Villar
Tumbes
Perú</description>
                <styleUrl>#2827</styleUrl>
                <Point id="2825">
                    <coordinates>-80.7676752,-3.7372484,0.0</coordinates>
                </Point>
            </Placemark>
            <Placemark id="2831">
                <name>YOLY ELSIRA ESTRADA FLORES</name>
                <description>Calle emancipacion 416 - AcapulcoRef. Frente a las letras
Acapulco
Contralmirante Villar
Tumbes
Perú</description>
                <styleUrl>#2832</styleUrl>
                <Point id="2830">
                    <coordinates>-80.7677986,-3.7372451,0.0</coordinates>
                </Point>
            </Placemark>
            <Placemark id="2836">
                <name>ROSA MILAGROS DEDIOS CARRERA</name>
                <description>Calle Bolognesi SN Acapulco, Al costado del colegio José Carlos Marestegui
Zorritos
Contralmirante Villar
Tumbes
Perú</description>
                <styleUrl>#2837</styleUrl>
                <Point id="2835">
                    <coordinates>-80.768426,-3.738643,0.0</coordinates>
                </Point>
            </Placemark>
            <Placemark id="2841">
                <name>JUANA CHAPA DE AMAYA</name>
                <description>Calle grau 215 referencia costado del botiquín antiguo
Zorritos
Contralmirante Villar
Tumbes
Perú</description>
                <styleUrl>#2842</styleUrl>
                <Point id="2840">
                    <coordinates>-80.7680703,-3.7380349,0.0</coordinates>
                </Point>
            </Placemark>
        </Folder>
        <Folder id="2845">
            <Style id="2848">
                <IconStyle id="2849">
                    <color>ff008000</color>
                    <colorMode>normal</colorMode>
                    <scale>1</scale>
                    <heading>0</heading>
                    <Icon id="2850">
                        <href>http://maps.google.com/mapfiles/kml/pushpin/ylw-pushpin.png</href>
                    </Icon>
                </IconStyle>
            </Style>
            <Style id="2853">
                <IconStyle id="2854">
                    <color>ff008000</color>
                    <colorMode>normal</colorMode>
                    <scale>1</scale>
                    <heading>0</heading>
                    <Icon id="2855">
                        <href>http://maps.google.com/mapfiles/kml/pushpin/ylw-pushpin.png</href>
                    </Icon>
                </IconStyle>
            </Style>
            <Style id="2858">
                <IconStyle id="2859">
                    <color>ff008000</color>
                    <colorMode>normal</colorMode>
                    <scale>1</scale>
                    <heading>0</heading>
                    <Icon id="2860">
                        <href>http://maps.google.com/mapfiles/kml/pushpin/ylw-pushpin.png</href>
                    </Icon>
                </IconStyle>
            </Style>
            <Style id="2863">
                <IconStyle id="2864">
                    <color>ff008000</color>
                    <colorMode>normal</colorMode>
                    <scale>1</scale>
                    <heading>0</heading>
                    <Icon id="2865">
                        <href>http://maps.google.com/mapfiles/kml/pushpin/ylw-pushpin.png</href>
                    </Icon>
                </IconStyle>
            </Style>
            <Style id="2868">
                <IconStyle id="2869">
                    <color>ff008000</color>
                    <colorMode>normal</colorMode>
                    <scale>1</scale>
                    <heading>0</heading>
                    <Icon id="2870">
                        <href>http://maps.google.com/mapfiles/kml/pushpin/ylw-pushpin.png</href>
                    </Icon>
                </IconStyle>
            </Style>
            <Style id="2873">
                <IconStyle id="2874">
                    <color>ff008000</color>
                    <colorMode>normal</colorMode>
                    <scale>1</scale>
                    <heading>0</heading>
                    <Icon id="2875">
                        <href>http://maps.google.com/mapfiles/kml/pushpin/ylw-pushpin.png</href>
                    </Icon>
                </IconStyle>
            </Style>
            <Style id="2878">
                <IconStyle id="2879">
                    <color>ff008000</color>
                    <colorMode>normal</colorMode>
                    <scale>1</scale>
                    <heading>0</heading>
                    <Icon id="2880">
                        <href>http://maps.google.com/mapfiles/kml/pushpin/ylw-pushpin.png</href>
                    </Icon>
                </IconStyle>
            </Style>
            <Style id="2883">
                <IconStyle id="2884">
                    <color>ff008000</color>
                    <colorMode>normal</colorMode>
                    <scale>1</scale>
                    <heading>0</heading>
                    <Icon id="2885">
                        <href>http://maps.google.com/mapfiles/kml/pushpin/ylw-pushpin.png</href>
                    </Icon>
                </IconStyle>
            </Style>
            <Style id="2888">
                <IconStyle id="2889">
                    <color>ff008000</color>
                    <colorMode>normal</colorMode>
                    <scale>1</scale>
                    <heading>0</heading>
                    <Icon id="2890">
                        <href>http://maps.google.com/mapfiles/kml/pushpin/ylw-pushpin.png</href>
                    </Icon>
                </IconStyle>
            </Style>
            <Style id="2893">
                <IconStyle id="2894">
                    <color>ff008000</color>
                    <colorMode>normal</colorMode>
                    <scale>1</scale>
                    <heading>0</heading>
                    <Icon id="2895">
                        <href>http://maps.google.com/mapfiles/kml/pushpin/ylw-pushpin.png</href>
                    </Icon>
                </IconStyle>
            </Style>
            <Style id="2898">
                <IconStyle id="2899">
                    <color>ff008000</color>
                    <colorMode>normal</colorMode>
                    <scale>1</scale>
                    <heading>0</heading>
                    <Icon id="2900">
                        <href>http://maps.google.com/mapfiles/kml/pushpin/ylw-pushpin.png</href>
                    </Icon>
                </IconStyle>
            </Style>
            <Style id="2903">
                <IconStyle id="2904">
                    <color>ff008000</color>
                    <colorMode>normal</colorMode>
                    <scale>1</scale>
                    <heading>0</heading>
                    <Icon id="2905">
                        <href>http://maps.google.com/mapfiles/kml/pushpin/ylw-pushpin.png</href>
                    </Icon>
                </IconStyle>
            </Style>
            <Style id="2908">
                <IconStyle id="2909">
                    <color>ff008000</color>
                    <colorMode>normal</colorMode>
                    <scale>1</scale>
                    <heading>0</heading>
                    <Icon id="2910">
                        <href>http://maps.google.com/mapfiles/kml/pushpin/ylw-pushpin.png</href>
                    </Icon>
                </IconStyle>
            </Style>
            <Style id="2913">
                <IconStyle id="2914">
                    <color>ff008000</color>
                    <colorMode>normal</colorMode>
                    <scale>1</scale>
                    <heading>0</heading>
                    <Icon id="2915">
                        <href>http://maps.google.com/mapfiles/kml/pushpin/ylw-pushpin.png</href>
                    </Icon>
                </IconStyle>
            </Style>
            <Style id="2918">
                <IconStyle id="2919">
                    <color>ff008000</color>
                    <colorMode>normal</colorMode>
                    <scale>1</scale>
                    <heading>0</heading>
                    <Icon id="2920">
                        <href>http://maps.google.com/mapfiles/kml/pushpin/ylw-pushpin.png</href>
                    </Icon>
                </IconStyle>
            </Style>
            <Style id="2923">
                <IconStyle id="2924">
                    <color>ff008000</color>
                    <colorMode>normal</colorMode>
                    <scale>1</scale>
                    <heading>0</heading>
                    <Icon id="2925">
                        <href>http://maps.google.com/mapfiles/kml/pushpin/ylw-pushpin.png</href>
                    </Icon>
                </IconStyle>
            </Style>
            <Style id="2928">
                <IconStyle id="2929">
                    <color>ff008000</color>
                    <colorMode>normal</colorMode>
                    <scale>1</scale>
                    <heading>0</heading>
                    <Icon id="2930">
                        <href>http://maps.google.com/mapfiles/kml/pushpin/ylw-pushpin.png</href>
                    </Icon>
                </IconStyle>
            </Style>
            <Style id="2933">
                <IconStyle id="2934">
                    <color>ff008000</color>
                    <colorMode>normal</colorMode>
                    <scale>1</scale>
                    <heading>0</heading>
                    <Icon id="2935">
                        <href>http://maps.google.com/mapfiles/kml/pushpin/ylw-pushpin.png</href>
                    </Icon>
                </IconStyle>
            </Style>
            <Style id="2938">
                <IconStyle id="2939">
                    <color>ff008000</color>
                    <colorMode>normal</colorMode>
                    <scale>1</scale>
                    <heading>0</heading>
                    <Icon id="2940">
                        <href>http://maps.google.com/mapfiles/kml/pushpin/ylw-pushpin.png</href>
                    </Icon>
                </IconStyle>
            </Style>
            <Style id="2943">
                <IconStyle id="2944">
                    <color>ff008000</color>
                    <colorMode>normal</colorMode>
                    <scale>1</scale>
                    <heading>0</heading>
                    <Icon id="2945">
                        <href>http://maps.google.com/mapfiles/kml/pushpin/ylw-pushpin.png</href>
                    </Icon>
                </IconStyle>
            </Style>
            <Style id="2948">
                <IconStyle id="2949">
                    <color>ff008000</color>
                    <colorMode>normal</colorMode>
                    <scale>1</scale>
                    <heading>0</heading>
                    <Icon id="2950">
                        <href>http://maps.google.com/mapfiles/kml/pushpin/ylw-pushpin.png</href>
                    </Icon>
                </IconStyle>
            </Style>
            <Style id="2953">
                <IconStyle id="2954">
                    <color>ff008000</color>
                    <colorMode>normal</colorMode>
                    <scale>1</scale>
                    <heading>0</heading>
                    <Icon id="2955">
                        <href>http://maps.google.com/mapfiles/kml/pushpin/ylw-pushpin.png</href>
                    </Icon>
                </IconStyle>
            </Style>
            <Style id="2958">
                <IconStyle id="2959">
                    <color>ff008000</color>
                    <colorMode>normal</colorMode>
                    <scale>1</scale>
                    <heading>0</heading>
                    <Icon id="2960">
                        <href>http://maps.google.com/mapfiles/kml/pushpin/ylw-pushpin.png</href>
                    </Icon>
                </IconStyle>
            </Style>
            <Style id="2963">
                <IconStyle id="2964">
                    <color>ff008000</color>
                    <colorMode>normal</colorMode>
                    <scale>1</scale>
                    <heading>0</heading>
                    <Icon id="2965">
                        <href>http://maps.google.com/mapfiles/kml/pushpin/ylw-pushpin.png</href>
                    </Icon>
                </IconStyle>
            </Style>
            <Style id="2968">
                <IconStyle id="2969">
                    <color>ff008000</color>
                    <colorMode>normal</colorMode>
                    <scale>1</scale>
                    <heading>0</heading>
                    <Icon id="2970">
                        <href>http://maps.google.com/mapfiles/kml/pushpin/ylw-pushpin.png</href>
                    </Icon>
                </IconStyle>
            </Style>
            <Style id="2973">
                <IconStyle id="2974">
                    <color>ff008000</color>
                    <colorMode>normal</colorMode>
                    <scale>1</scale>
                    <heading>0</heading>
                    <Icon id="2975">
                        <href>http://maps.google.com/mapfiles/kml/pushpin/ylw-pushpin.png</href>
                    </Icon>
                </IconStyle>
            </Style>
            <Style id="2978">
                <IconStyle id="2979">
                    <color>ff008000</color>
                    <colorMode>normal</colorMode>
                    <scale>1</scale>
                    <heading>0</heading>
                    <Icon id="2980">
                        <href>http://maps.google.com/mapfiles/kml/pushpin/ylw-pushpin.png</href>
                    </Icon>
                </IconStyle>
            </Style>
            <Style id="2983">
                <IconStyle id="2984">
                    <color>ff008000</color>
                    <colorMode>normal</colorMode>
                    <scale>1</scale>
                    <heading>0</heading>
                    <Icon id="2985">
                        <href>http://maps.google.com/mapfiles/kml/pushpin/ylw-pushpin.png</href>
                    </Icon>
                </IconStyle>
            </Style>
            <Style id="2988">
                <IconStyle id="2989">
                    <color>ff008000</color>
                    <colorMode>normal</colorMode>
                    <scale>1</scale>
                    <heading>0</heading>
                    <Icon id="2990">
                        <href>http://maps.google.com/mapfiles/kml/pushpin/ylw-pushpin.png</href>
                    </Icon>
                </IconStyle>
            </Style>
            <Style id="2993">
                <IconStyle id="2994">
                    <color>ff008000</color>
                    <colorMode>normal</colorMode>
                    <scale>1</scale>
                    <heading>0</heading>
                    <Icon id="2995">
                        <href>http://maps.google.com/mapfiles/kml/pushpin/ylw-pushpin.png</href>
                    </Icon>
                </IconStyle>
            </Style>
            <Style id="2998">
                <IconStyle id="2999">
                    <color>ff008000</color>
                    <colorMode>normal</colorMode>
                    <scale>1</scale>
                    <heading>0</heading>
                    <Icon id="3000">
                        <href>http://maps.google.com/mapfiles/kml/pushpin/ylw-pushpin.png</href>
                    </Icon>
                </IconStyle>
            </Style>
            <Style id="3003">
                <IconStyle id="3004">
                    <color>ff008000</color>
                    <colorMode>normal</colorMode>
                    <scale>1</scale>
                    <heading>0</heading>
                    <Icon id="3005">
                        <href>http://maps.google.com/mapfiles/kml/pushpin/ylw-pushpin.png</href>
                    </Icon>
                </IconStyle>
            </Style>
            <Style id="3008">
                <IconStyle id="3009">
                    <color>ff008000</color>
                    <colorMode>normal</colorMode>
                    <scale>1</scale>
                    <heading>0</heading>
                    <Icon id="3010">
                        <href>http://maps.google.com/mapfiles/kml/pushpin/ylw-pushpin.png</href>
                    </Icon>
                </IconStyle>
            </Style>
            <Style id="3013">
                <IconStyle id="3014">
                    <color>ff008000</color>
                    <colorMode>normal</colorMode>
                    <scale>1</scale>
                    <heading>0</heading>
                    <Icon id="3015">
                        <href>http://maps.google.com/mapfiles/kml/pushpin/ylw-pushpin.png</href>
                    </Icon>
                </IconStyle>
            </Style>
            <Style id="3018">
                <IconStyle id="3019">
                    <color>ff008000</color>
                    <colorMode>normal</colorMode>
                    <scale>1</scale>
                    <heading>0</heading>
                    <Icon id="3020">
                        <href>http://maps.google.com/mapfiles/kml/pushpin/ylw-pushpin.png</href>
                    </Icon>
                </IconStyle>
            </Style>
            <Style id="3023">
                <IconStyle id="3024">
                    <color>ff008000</color>
                    <colorMode>normal</colorMode>
                    <scale>1</scale>
                    <heading>0</heading>
                    <Icon id="3025">
                        <href>http://maps.google.com/mapfiles/kml/pushpin/ylw-pushpin.png</href>
                    </Icon>
                </IconStyle>
            </Style>
            <Style id="3028">
                <IconStyle id="3029">
                    <color>ff008000</color>
                    <colorMode>normal</colorMode>
                    <scale>1</scale>
                    <heading>0</heading>
                    <Icon id="3030">
                        <href>http://maps.google.com/mapfiles/kml/pushpin/ylw-pushpin.png</href>
                    </Icon>
                </IconStyle>
            </Style>
            <Style id="3033">
                <IconStyle id="3034">
                    <color>ff008000</color>
                    <colorMode>normal</colorMode>
                    <scale>1</scale>
                    <heading>0</heading>
                    <Icon id="3035">
                        <href>http://maps.google.com/mapfiles/kml/pushpin/ylw-pushpin.png</href>
                    </Icon>
                </IconStyle>
            </Style>
            <Style id="3038">
                <IconStyle id="3039">
                    <color>ff008000</color>
                    <colorMode>normal</colorMode>
                    <scale>1</scale>
                    <heading>0</heading>
                    <Icon id="3040">
                        <href>http://maps.google.com/mapfiles/kml/pushpin/ylw-pushpin.png</href>
                    </Icon>
                </IconStyle>
            </Style>
            <Style id="3043">
                <IconStyle id="3044">
                    <color>ff008000</color>
                    <colorMode>normal</colorMode>
                    <scale>1</scale>
                    <heading>0</heading>
                    <Icon id="3045">
                        <href>http://maps.google.com/mapfiles/kml/pushpin/ylw-pushpin.png</href>
                    </Icon>
                </IconStyle>
            </Style>
            <Style id="3048">
                <IconStyle id="3049">
                    <color>ff008000</color>
                    <colorMode>normal</colorMode>
                    <scale>1</scale>
                    <heading>0</heading>
                    <Icon id="3050">
                        <href>http://maps.google.com/mapfiles/kml/pushpin/ylw-pushpin.png</href>
                    </Icon>
                </IconStyle>
            </Style>
            <Style id="3053">
                <IconStyle id="3054">
                    <color>ff008000</color>
                    <colorMode>normal</colorMode>
                    <scale>1</scale>
                    <heading>0</heading>
                    <Icon id="3055">
                        <href>http://maps.google.com/mapfiles/kml/pushpin/ylw-pushpin.png</href>
                    </Icon>
                </IconStyle>
            </Style>
            <Style id="3058">
                <IconStyle id="3059">
                    <color>ff008000</color>
                    <colorMode>normal</colorMode>
                    <scale>1</scale>
                    <heading>0</heading>
                    <Icon id="3060">
                        <href>http://maps.google.com/mapfiles/kml/pushpin/ylw-pushpin.png</href>
                    </Icon>
                </IconStyle>
            </Style>
            <Style id="3063">
                <IconStyle id="3064">
                    <color>ff008000</color>
                    <colorMode>normal</colorMode>
                    <scale>1</scale>
                    <heading>0</heading>
                    <Icon id="3065">
                        <href>http://maps.google.com/mapfiles/kml/pushpin/ylw-pushpin.png</href>
                    </Icon>
                </IconStyle>
            </Style>
            <Style id="3068">
                <IconStyle id="3069">
                    <color>ff008000</color>
                    <colorMode>normal</colorMode>
                    <scale>1</scale>
                    <heading>0</heading>
                    <Icon id="3070">
                        <href>http://maps.google.com/mapfiles/kml/pushpin/ylw-pushpin.png</href>
                    </Icon>
                </IconStyle>
            </Style>
            <name>MARY JISSA DEL PILAR PALACIOS ZAPATA</name>
            <Placemark id="2847">
                <name>LUZ EMERITA MERINO REYES</name>
                <description>José Carlos Mariátegui número 118 la cruz referencia atrás del jardín
La Cruz
24521Tumbes
Tumbes
Perú</description>
                <styleUrl>#2848</styleUrl>
                <Point id="2846">
                    <coordinates>-80.5954724,-3.6393418,0.0</coordinates>
                </Point>
            </Placemark>
            <Placemark id="2852">
                <name>HERRERA RODRIGUEZ ALDEN'S JENSSON</name>
                <description>HERRERA RODRIGUEZ ALDEN'S JENSSON
JR . Luis banchero Rossi 329 - la cruz referencia Minimarke señor de la divina misericordia
La Cruz
24521Talara
Tumbes
Perú</description>
                <styleUrl>#2853</styleUrl>
                <Point id="2851">
                    <coordinates>-80.5943753,-3.6385141,0.0</coordinates>
                </Point>
            </Placemark>
            <Placemark id="2857">
                <name>JORGE ISAUL HUAYANAY PARRILLA</name>
                <description>JR pacifico mercado la cruz
La Cruz
24521Tumbes
Tumbes
Perú</description>
                <styleUrl>#2858</styleUrl>
                <Point id="2856">
                    <coordinates>-80.5913095,-3.6371453,0.0</coordinates>
                </Point>
            </Placemark>
            <Placemark id="2862">
                <name>MARTHA ABAD GONZALES</name>
                <description>Calle el pacifico mercado la cruz
La Cruz
24521Tumbes
Tumbes
Perú</description>
                <styleUrl>#2863</styleUrl>
                <Point id="2861">
                    <coordinates>-80.5913707,-3.6370168,0.0</coordinates>
                </Point>
            </Placemark>
            <Placemark id="2867">
                <name>AMANDA NOEMI MONJE ZAPATA</name>
                <description>Muelle
La Cruz
Tumbes
Tumbes
Perú</description>
                <styleUrl>#2868</styleUrl>
                <Point id="2866">
                    <coordinates>-80.5878791,-3.6361555,0.0</coordinates>
                </Point>
            </Placemark>
            <Placemark id="2872">
                <name>CLARA ROSA SERNAQUE MEDINA</name>
                <description>Ciudad Satélite
La Cruz
Tumbes
Tumbes
Perú</description>
                <styleUrl>#2873</styleUrl>
                <Point id="2871">
                    <coordinates>-80.5985718,-3.6402208,0.0</coordinates>
                </Point>
            </Placemark>
            <Placemark id="2877">
                <name>Maryuri Ramirez castro</name>
                <description>Caleta grau cruz de Motupe - caleta grau
Zorritos

Tumbes
Perú</description>
                <styleUrl>#2878</styleUrl>
                <Point id="2876">
                    <coordinates>-80.6321431,-3.6685471,0.0</coordinates>
                </Point>
            </Placemark>
            <Placemark id="2882">
                <name>Maryuri Ramirez castro</name>
                <description>Caleta grau cruz de Motupe - caleta grau
Zorritos

Tumbes
Perú</description>
                <styleUrl>#2883</styleUrl>
                <Point id="2881">
                    <coordinates>-80.6321431,-3.6685471,0.0</coordinates>
                </Point>
            </Placemark>
            <Placemark id="2887">
                <name>ARACELY ZULEMA YACILA URBINA</name>
                <description>Av Túpac Amaru ref. Clanfresco
La Cruz
Tumbes
Tumbes
Perú</description>
                <styleUrl>#2888</styleUrl>
                <Point id="2886">
                    <coordinates>-80.6058272,-3.6420386,0.0</coordinates>
                </Point>
            </Placemark>
            <Placemark id="2892">
                <name>OMELIA AGURTO DE VALLADARES</name>
                <description>Av Túpac Amaru 323 nueva esperanza zorritos
La Cruz
24521Tumbes
Tumbes
Perú</description>
                <styleUrl>#2893</styleUrl>
                <Point id="2891">
                    <coordinates>-80.6066181,-3.6426331,0.0</coordinates>
                </Point>
            </Placemark>
            <Placemark id="2897">
                <name>DANIEL JESUS INFANZON BARBA</name>
                <description>Calle Bolognesi s/n ref costado del sanset
La Cruz
Tumbes
Tumbes
Perú</description>
                <styleUrl>#2898</styleUrl>
                <Point id="2896">
                    <coordinates>-80.6055676,-3.6407403,0.0</coordinates>
                </Point>
            </Placemark>
            <Placemark id="2902">
                <name>WUILMER ROMERO MARCHAN</name>
                <description>Av Túpac Amaru 124 nueva esperanza zorritos
La Cruz
24521Tumbes
Tumbes
Perú</description>
                <styleUrl>#2903</styleUrl>
                <Point id="2901">
                    <coordinates>-80.6056517,-3.6408719,0.0</coordinates>
                </Point>
            </Placemark>
            <Placemark id="2907">
                <name>MARIA CECIBEL MEDINA DE HUAMAN</name>
                <description>Puente charan Referencia Frente a la quebrada
La Cruz
Tumbes
Tumbes
Perú</description>
                <styleUrl>#2908</styleUrl>
                <Point id="2906">
                    <coordinates>-80.6029243,-3.6387088,0.0</coordinates>
                </Point>
            </Placemark>
            <Placemark id="2912">
                <name>Patricia Cornejo zapata</name>
                <description>Calle sector Trujillo 1 ref a espaldas de los Andes
La Cruz

Tumbes
Perú</description>
                <styleUrl>#2913</styleUrl>
                <Point id="2911">
                    <coordinates>-80.5907148,-3.6404353,0.0</coordinates>
                </Point>
            </Placemark>
            <Placemark id="2917">
                <name>LUZ EMERITA MERINO REYES</name>
                <description>José Carlos Mariátegui número 118 la cruz referencia atrás del jardín
La Cruz
24521Tumbes
Tumbes
Perú</description>
                <styleUrl>#2918</styleUrl>
                <Point id="2916">
                    <coordinates>-80.5954724,-3.6393418,0.0</coordinates>
                </Point>
            </Placemark>
            <Placemark id="2922">
                <name>HERRERA RODRIGUEZ ALDEN'S JENSSON</name>
                <description>HERRERA RODRIGUEZ ALDEN'S JENSSON
JR . Luis banchero Rossi 329 - la cruz referencia Minimarke señor de la divina misericordia
La Cruz
24521Talara
Tumbes
Perú</description>
                <styleUrl>#2923</styleUrl>
                <Point id="2921">
                    <coordinates>-80.5943753,-3.6385141,0.0</coordinates>
                </Point>
            </Placemark>
            <Placemark id="2927">
                <name>ANNIA CRUZ DE RAMIREZ</name>
                <description>Av independencia 307 - la cruz ref. por la ferretería Mercedes
La Cruz
Talara
Tumbes
Perú</description>
                <styleUrl>#2928</styleUrl>
                <Point id="2926">
                    <coordinates>-80.5949294,-3.6386684,0.0</coordinates>
                </Point>
            </Placemark>
            <Placemark id="2932">
                <name>JUANA OLIVOS DE VINCES</name>
                <description>Av independencia número 137 la cruz frente a la iglesia los mormones
La Cruz
Tumbes
Tumbes
Perú</description>
                <styleUrl>#2933</styleUrl>
                <Point id="2931">
                    <coordinates>-80.5993476,-3.6391411,0.0</coordinates>
                </Point>
            </Placemark>
            <Placemark id="2937">
                <name>GAVY ARACELY OLIVARES RUIZ</name>
                <description>Calle independencia 110 barrio 19 la cruz
La Cruz
Tumbes
Tumbes
Perú</description>
                <styleUrl>#2938</styleUrl>
                <Point id="2936">
                    <coordinates>-80.5991659,-3.6386224,0.0</coordinates>
                </Point>
            </Placemark>
            <Placemark id="2942">
                <name>ELIZABETH LUCITA AVILA MEDINA</name>
                <description>Av  Perú barrio 19 s/n
La Cruz
Talara
Tumbes
Perú</description>
                <styleUrl>#2943</styleUrl>
                <Point id="2941">
                    <coordinates>-80.6003412,-3.6384908,0.0</coordinates>
                </Point>
            </Placemark>
            <Placemark id="2947">
                <name>AZUCENA ISABEL AVILA MEDINA</name>
                <description>Av Perú barrio 19 número 100
La Cruz
Tumbes
Tumbes
Perú</description>
                <styleUrl>#2948</styleUrl>
                <Point id="2946">
                    <coordinates>-80.6003399,-3.6384889,0.0</coordinates>
                </Point>
            </Placemark>
            <Placemark id="2952">
                <name>ALEX LAZARO AGUIRRE</name>
                <description>Calle centenario ref frente al mar
La Cruz
Tumbes
Tumbes
Perú</description>
                <styleUrl>#2953</styleUrl>
                <Point id="2951">
                    <coordinates>-80.59842,-3.6374529,0.0</coordinates>
                </Point>
            </Placemark>
            <Placemark id="2957">
                <name>ALEX LAZARO AGUIRRE</name>
                <description>Calle centenario ref frente al mar
La Cruz
Tumbes
Tumbes
Perú</description>
                <styleUrl>#2958</styleUrl>
                <Point id="2956">
                    <coordinates>-80.59842,-3.6374529,0.0</coordinates>
                </Point>
            </Placemark>
            <Placemark id="2962">
                <name>CARMEN ADELAIDA CAMPOS GARCIA</name>
                <description>CALE CENTENARIO 114 _ 01
La Cruz
Tumbes
Tumbes
Perú</description>
                <styleUrl>#2963</styleUrl>
                <Point id="2961">
                    <coordinates>-80.5972086,-3.6378094,0.0</coordinates>
                </Point>
            </Placemark>
            <Placemark id="2967">
                <name>SILVIA MERCEDES LADINES PUERTAS</name>
                <description>MIRA MAR SECTOR 3 REF ATRAS DEL MERCADO
La Cruz
Tumbes
Tumbes
Perú</description>
                <styleUrl>#2968</styleUrl>
                <Point id="2966">
                    <coordinates>-80.5916128,-3.6362822,0.0</coordinates>
                </Point>
            </Placemark>
            <Placemark id="2972">
                <name>MARIA DEL ROSARIO ZARATE VILELA</name>
                <description>JR el pacifico 215 ref frente al mercado
La Cruz

Tumbes
Perú</description>
                <styleUrl>#2973</styleUrl>
                <Point id="2971">
                    <coordinates>-80.5915785,-3.6370106,0.0</coordinates>
                </Point>
            </Placemark>
            <Placemark id="2977">
                <name>LICE ESMY MONTOYA RUIZ</name>
                <description>Mercado ref donde venden pollo
La Cruz


Perú</description>
                <styleUrl>#2978</styleUrl>
                <Point id="2976">
                    <coordinates>-80.5915382,-3.6369982,0.0</coordinates>
                </Point>
            </Placemark>
            <Placemark id="2982">
                <name>JORGE ISAUL HUAYANAY PARRILLA</name>
                <description>JR pacifico mercado la cruz
La Cruz
24521Tumbes
Tumbes
Perú</description>
                <styleUrl>#2983</styleUrl>
                <Point id="2981">
                    <coordinates>-80.5913095,-3.6371453,0.0</coordinates>
                </Point>
            </Placemark>
            <Placemark id="2987">
                <name>MARTHA ABAD GONZALES</name>
                <description>Calle el pacifico mercado la cruz
La Cruz
24521Tumbes
Tumbes
Perú</description>
                <styleUrl>#2988</styleUrl>
                <Point id="2986">
                    <coordinates>-80.5913707,-3.6370168,0.0</coordinates>
                </Point>
            </Placemark>
            <Placemark id="2992">
                <name>MARTHA ABAD GONZALES</name>
                <description>Calle el pacifico mercado la cruz
La Cruz
24521Tumbes
Tumbes
Perú</description>
                <styleUrl>#2993</styleUrl>
                <Point id="2991">
                    <coordinates>-80.5913707,-3.6370168,0.0</coordinates>
                </Point>
            </Placemark>
            <Placemark id="2997">
                <name>DORIS RUTH CORREA DE BALLADARES</name>
                <description>JR Pacifico # 104   Refe. Por puente verde casa verde
La Cruz
Tumbes
Tumbes
Perú</description>
                <styleUrl>#2998</styleUrl>
                <Point id="2996">
                    <coordinates>-80.5909472,-3.6375981,0.0</coordinates>
                </Point>
            </Placemark>
            <Placemark id="3002">
                <name>ROSA ELVA JIMENEZ HIDALGO</name>
                <description>Calle JR Trujillo 1 ref
La Cruz

Tumbes
Perú</description>
                <styleUrl>#3003</styleUrl>
                <Point id="3001">
                    <coordinates>-80.5898762,-3.6404559,0.0</coordinates>
                </Point>
            </Placemark>
            <Placemark id="3007">
                <name>MARGARITA DEL PILAR GUERRERO OLAYA</name>
                <description>JR TRUJILLO SECTOR 3
La Cruz

Tumbes
Perú</description>
                <styleUrl>#3008</styleUrl>
                <Point id="3006">
                    <coordinates>-80.5878318,-3.6415084,0.0</coordinates>
                </Point>
            </Placemark>
            <Placemark id="3012">
                <name>DANIEL RUGEL CESPEDES</name>
                <description>Las Mercedes #132
La Cruz
24521Tumbes
Tumbes
Perú</description>
                <styleUrl>#3013</styleUrl>
                <Point id="3011">
                    <coordinates>-80.5894029,-3.6382877,0.0</coordinates>
                </Point>
            </Placemark>
            <Placemark id="3017">
                <name>MATILDE BLANCA ROMERO OTERO</name>
                <description>3 de octubre la cruz
La Cruz
Tumbes
Tumbes
Perú</description>
                <styleUrl>#3018</styleUrl>
                <Point id="3016">
                    <coordinates>-80.5837847,-3.6401884,0.0</coordinates>
                </Point>
            </Placemark>
            <Placemark id="3022">
                <name>OLAYA HERNANDEZ DORIS DEL PILAR</name>
                <description>OLAYA HERNANDEZ DORIS DEL PILAR
AV 3 DE OCTUBRE
La Cruz
Tumbes
Tumbes
Perú</description>
                <styleUrl>#3023</styleUrl>
                <Point id="3021">
                    <coordinates>-80.5848956,-3.6399114,0.0</coordinates>
                </Point>
            </Placemark>
            <Placemark id="3027">
                <name>ANGIE MARYLIN QUEZADA VASQUEZ</name>
                <description>Av 3 de octubre Ref.casi al frente del jardin
La Cruz
Tumbes
Tumbes
Perú</description>
                <styleUrl>#3028</styleUrl>
                <Point id="3026">
                    <coordinates>-80.5860864,-3.6398677,0.0</coordinates>
                </Point>
            </Placemark>
            <Placemark id="3032">
                <name>FANNY BARRIENTOS FARIAS</name>
                <description>3 de octubre # 098
La Cruz
24521Tumbes
Tumbes
Perú</description>
                <styleUrl>#3033</styleUrl>
                <Point id="3031">
                    <coordinates>-80.5901041,-3.6386486,0.0</coordinates>
                </Point>
            </Placemark>
            <Placemark id="3037">
                <name>ROSA GUILLERMINA DEZAR CARDOZA</name>
                <description>Calle JR Bolívar ref costado iglesia católica
La Cruz

Tumbes
Perú</description>
                <styleUrl>#3038</styleUrl>
                <Point id="3036">
                    <coordinates>-80.5901531,-3.6366194,0.0</coordinates>
                </Point>
            </Placemark>
            <Placemark id="3042">
                <name>SALINAS HENCKELL FRANKLIN GUISSEPI</name>
                <description>SALINAS HENCKELL FRANKLIN GUISSEPI
Calle Piura 138
La Cruz
Tumbes
Tumbes
Perú</description>
                <styleUrl>#3043</styleUrl>
                <Point id="3041">
                    <coordinates>-80.5884179,-3.6376122,0.0</coordinates>
                </Point>
            </Placemark>
            <Placemark id="3047">
                <name>GILDA LUZ BRICEÑO SILVA</name>
                <description>JR Piura # 149 Ref.al.frente de la ferretería Don Beto
La Cruz
24521Tumbes
Tumbes
Perú</description>
                <styleUrl>#3048</styleUrl>
                <Point id="3046">
                    <coordinates>-80.5886737,-3.6374578,0.0</coordinates>
                </Point>
            </Placemark>
            <Placemark id="3052">
                <name>MARIA MARILU HUAMAN CASTILLO</name>
                <description>Av la Independencia # 010 Ref. Atras de la capilla
La Cruz
24521Tumbes
Tumbes
Perú</description>
                <styleUrl>#3053</styleUrl>
                <Point id="3051">
                    <coordinates>-80.5839192,-3.6373651,0.0</coordinates>
                </Point>
            </Placemark>
            <Placemark id="3057">
                <name>RUMILDA RUIZ DE HIDALGO</name>
                <description>AV. Andrés Araujo # 131 AAHH Malvinas La Cruz
La Cruz
24521Tumbes
Tumbes
Perú</description>
                <styleUrl>#3058</styleUrl>
                <Point id="3056">
                    <coordinates>-80.5790896,-3.6352776,0.0</coordinates>
                </Point>
            </Placemark>
            <Placemark id="3062">
                <name>ARLENE MORAN DELGADO</name>
                <description>Av principal 143 - los cedros,Ref.costado del parque los cedros
Corrales
Tumbes
Tumbes
Perú</description>
                <styleUrl>#3063</styleUrl>
                <Point id="3061">
                    <coordinates>-80.5296027,-3.6189363,0.0</coordinates>
                </Point>
            </Placemark>
            <Placemark id="3067">
                <name>ASUNCIONA ZEÑA SIESQUEN</name>
                <description>Los cedros sn - corrales
Corrales
Tumbes
Tumbes
Perú</description>
                <styleUrl>#3068</styleUrl>
                <Point id="3066">
                    <coordinates>-80.5300416,-3.6188957,0.0</coordinates>
                </Point>
            </Placemark>
        </Folder>
    </Document>
</kml>
