<?xml version="1.0" encoding="UTF-8"?>
<kml xmlns="http://www.opengis.net/kml/2.2" xmlns:gx="http://www.google.com/kml/ext/2.2">
    <Document id="2645">
        <Folder id="2646">
            <Style id="2649">
                <IconStyle id="2650">
                    <color>ff0000ff</color>
                    <colorMode>normal</colorMode>
                    <scale>1</scale>
                    <heading>0</heading>
                    <Icon id="2651">
                        <href>http://maps.google.com/mapfiles/kml/pushpin/ylw-pushpin.png</href>
                    </Icon>
                </IconStyle>
            </Style>
            <Style id="2654">
                <IconStyle id="2655">
                    <color>ff0000ff</color>
                    <colorMode>normal</colorMode>
                    <scale>1</scale>
                    <heading>0</heading>
                    <Icon id="2656">
                        <href>http://maps.google.com/mapfiles/kml/pushpin/ylw-pushpin.png</href>
                    </Icon>
                </IconStyle>
            </Style>
            <Style id="2659">
                <IconStyle id="2660">
                    <color>ff0000ff</color>
                    <colorMode>normal</colorMode>
                    <scale>1</scale>
                    <heading>0</heading>
                    <Icon id="2661">
                        <href>http://maps.google.com/mapfiles/kml/pushpin/ylw-pushpin.png</href>
                    </Icon>
                </IconStyle>
            </Style>
            <Style id="2664">
                <IconStyle id="2665">
                    <color>ff0000ff</color>
                    <colorMode>normal</colorMode>
                    <scale>1</scale>
                    <heading>0</heading>
                    <Icon id="2666">
                        <href>http://maps.google.com/mapfiles/kml/pushpin/ylw-pushpin.png</href>
                    </Icon>
                </IconStyle>
            </Style>
            <Style id="2669">
                <IconStyle id="2670">
                    <color>ff0000ff</color>
                    <colorMode>normal</colorMode>
                    <scale>1</scale>
                    <heading>0</heading>
                    <Icon id="2671">
                        <href>http://maps.google.com/mapfiles/kml/pushpin/ylw-pushpin.png</href>
                    </Icon>
                </IconStyle>
            </Style>
            <Style id="2674">
                <IconStyle id="2675">
                    <color>ff0000ff</color>
                    <colorMode>normal</colorMode>
                    <scale>1</scale>
                    <heading>0</heading>
                    <Icon id="2676">
                        <href>http://maps.google.com/mapfiles/kml/pushpin/ylw-pushpin.png</href>
                    </Icon>
                </IconStyle>
            </Style>
            <Style id="2679">
                <IconStyle id="2680">
                    <color>ff0000ff</color>
                    <colorMode>normal</colorMode>
                    <scale>1</scale>
                    <heading>0</heading>
                    <Icon id="2681">
                        <href>http://maps.google.com/mapfiles/kml/pushpin/ylw-pushpin.png</href>
                    </Icon>
                </IconStyle>
            </Style>
            <Style id="2684">
                <IconStyle id="2685">
                    <color>ff0000ff</color>
                    <colorMode>normal</colorMode>
                    <scale>1</scale>
                    <heading>0</heading>
                    <Icon id="2686">
                        <href>http://maps.google.com/mapfiles/kml/pushpin/ylw-pushpin.png</href>
                    </Icon>
                </IconStyle>
            </Style>
            <Style id="2689">
                <IconStyle id="2690">
                    <color>ff0000ff</color>
                    <colorMode>normal</colorMode>
                    <scale>1</scale>
                    <heading>0</heading>
                    <Icon id="2691">
                        <href>http://maps.google.com/mapfiles/kml/pushpin/ylw-pushpin.png</href>
                    </Icon>
                </IconStyle>
            </Style>
            <Style id="2694">
                <IconStyle id="2695">
                    <color>ff0000ff</color>
                    <colorMode>normal</colorMode>
                    <scale>1</scale>
                    <heading>0</heading>
                    <Icon id="2696">
                        <href>http://maps.google.com/mapfiles/kml/pushpin/ylw-pushpin.png</href>
                    </Icon>
                </IconStyle>
            </Style>
            <Style id="2699">
                <IconStyle id="2700">
                    <color>ff0000ff</color>
                    <colorMode>normal</colorMode>
                    <scale>1</scale>
                    <heading>0</heading>
                    <Icon id="2701">
                        <href>http://maps.google.com/mapfiles/kml/pushpin/ylw-pushpin.png</href>
                    </Icon>
                </IconStyle>
            </Style>
            <Style id="2704">
                <IconStyle id="2705">
                    <color>ff0000ff</color>
                    <colorMode>normal</colorMode>
                    <scale>1</scale>
                    <heading>0</heading>
                    <Icon id="2706">
                        <href>http://maps.google.com/mapfiles/kml/pushpin/ylw-pushpin.png</href>
                    </Icon>
                </IconStyle>
            </Style>
            <Style id="2709">
                <IconStyle id="2710">
                    <color>ff0000ff</color>
                    <colorMode>normal</colorMode>
                    <scale>1</scale>
                    <heading>0</heading>
                    <Icon id="2711">
                        <href>http://maps.google.com/mapfiles/kml/pushpin/ylw-pushpin.png</href>
                    </Icon>
                </IconStyle>
            </Style>
            <Style id="2714">
                <IconStyle id="2715">
                    <color>ff0000ff</color>
                    <colorMode>normal</colorMode>
                    <scale>1</scale>
                    <heading>0</heading>
                    <Icon id="2716">
                        <href>http://maps.google.com/mapfiles/kml/pushpin/ylw-pushpin.png</href>
                    </Icon>
                </IconStyle>
            </Style>
            <Style id="2719">
                <IconStyle id="2720">
                    <color>ff0000ff</color>
                    <colorMode>normal</colorMode>
                    <scale>1</scale>
                    <heading>0</heading>
                    <Icon id="2721">
                        <href>http://maps.google.com/mapfiles/kml/pushpin/ylw-pushpin.png</href>
                    </Icon>
                </IconStyle>
            </Style>
            <Style id="2724">
                <IconStyle id="2725">
                    <color>ff0000ff</color>
                    <colorMode>normal</colorMode>
                    <scale>1</scale>
                    <heading>0</heading>
                    <Icon id="2726">
                        <href>http://maps.google.com/mapfiles/kml/pushpin/ylw-pushpin.png</href>
                    </Icon>
                </IconStyle>
            </Style>
            <Style id="2729">
                <IconStyle id="2730">
                    <color>ff0000ff</color>
                    <colorMode>normal</colorMode>
                    <scale>1</scale>
                    <heading>0</heading>
                    <Icon id="2731">
                        <href>http://maps.google.com/mapfiles/kml/pushpin/ylw-pushpin.png</href>
                    </Icon>
                </IconStyle>
            </Style>
            <Style id="2734">
                <IconStyle id="2735">
                    <color>ff0000ff</color>
                    <colorMode>normal</colorMode>
                    <scale>1</scale>
                    <heading>0</heading>
                    <Icon id="2736">
                        <href>http://maps.google.com/mapfiles/kml/pushpin/ylw-pushpin.png</href>
                    </Icon>
                </IconStyle>
            </Style>
            <Style id="2739">
                <IconStyle id="2740">
                    <color>ff0000ff</color>
                    <colorMode>normal</colorMode>
                    <scale>1</scale>
                    <heading>0</heading>
                    <Icon id="2741">
                        <href>http://maps.google.com/mapfiles/kml/pushpin/ylw-pushpin.png</href>
                    </Icon>
                </IconStyle>
            </Style>
            <Style id="2744">
                <IconStyle id="2745">
                    <color>ff0000ff</color>
                    <colorMode>normal</colorMode>
                    <scale>1</scale>
                    <heading>0</heading>
                    <Icon id="2746">
                        <href>http://maps.google.com/mapfiles/kml/pushpin/ylw-pushpin.png</href>
                    </Icon>
                </IconStyle>
            </Style>
            <Style id="2749">
                <IconStyle id="2750">
                    <color>ff0000ff</color>
                    <colorMode>normal</colorMode>
                    <scale>1</scale>
                    <heading>0</heading>
                    <Icon id="2751">
                        <href>http://maps.google.com/mapfiles/kml/pushpin/ylw-pushpin.png</href>
                    </Icon>
                </IconStyle>
            </Style>
            <Style id="2754">
                <IconStyle id="2755">
                    <color>ff0000ff</color>
                    <colorMode>normal</colorMode>
                    <scale>1</scale>
                    <heading>0</heading>
                    <Icon id="2756">
                        <href>http://maps.google.com/mapfiles/kml/pushpin/ylw-pushpin.png</href>
                    </Icon>
                </IconStyle>
            </Style>
            <Style id="2759">
                <IconStyle id="2760">
                    <color>ff0000ff</color>
                    <colorMode>normal</colorMode>
                    <scale>1</scale>
                    <heading>0</heading>
                    <Icon id="2761">
                        <href>http://maps.google.com/mapfiles/kml/pushpin/ylw-pushpin.png</href>
                    </Icon>
                </IconStyle>
            </Style>
            <Style id="2764">
                <IconStyle id="2765">
                    <color>ff0000ff</color>
                    <colorMode>normal</colorMode>
                    <scale>1</scale>
                    <heading>0</heading>
                    <Icon id="2766">
                        <href>http://maps.google.com/mapfiles/kml/pushpin/ylw-pushpin.png</href>
                    </Icon>
                </IconStyle>
            </Style>
            <Style id="2769">
                <IconStyle id="2770">
                    <color>ff0000ff</color>
                    <colorMode>normal</colorMode>
                    <scale>1</scale>
                    <heading>0</heading>
                    <Icon id="2771">
                        <href>http://maps.google.com/mapfiles/kml/pushpin/ylw-pushpin.png</href>
                    </Icon>
                </IconStyle>
            </Style>
            <Style id="2774">
                <IconStyle id="2775">
                    <color>ff0000ff</color>
                    <colorMode>normal</colorMode>
                    <scale>1</scale>
                    <heading>0</heading>
                    <Icon id="2776">
                        <href>http://maps.google.com/mapfiles/kml/pushpin/ylw-pushpin.png</href>
                    </Icon>
                </IconStyle>
            </Style>
            <Style id="2779">
                <IconStyle id="2780">
                    <color>ff0000ff</color>
                    <colorMode>normal</colorMode>
                    <scale>1</scale>
                    <heading>0</heading>
                    <Icon id="2781">
                        <href>http://maps.google.com/mapfiles/kml/pushpin/ylw-pushpin.png</href>
                    </Icon>
                </IconStyle>
            </Style>
            <Style id="2784">
                <IconStyle id="2785">
                    <color>ff0000ff</color>
                    <colorMode>normal</colorMode>
                    <scale>1</scale>
                    <heading>0</heading>
                    <Icon id="2786">
                        <href>http://maps.google.com/mapfiles/kml/pushpin/ylw-pushpin.png</href>
                    </Icon>
                </IconStyle>
            </Style>
            <Style id="2789">
                <IconStyle id="2790">
                    <color>ff0000ff</color>
                    <colorMode>normal</colorMode>
                    <scale>1</scale>
                    <heading>0</heading>
                    <Icon id="2791">
                        <href>http://maps.google.com/mapfiles/kml/pushpin/ylw-pushpin.png</href>
                    </Icon>
                </IconStyle>
            </Style>
            <Style id="2794">
                <IconStyle id="2795">
                    <color>ff0000ff</color>
                    <colorMode>normal</colorMode>
                    <scale>1</scale>
                    <heading>0</heading>
                    <Icon id="2796">
                        <href>http://maps.google.com/mapfiles/kml/pushpin/ylw-pushpin.png</href>
                    </Icon>
                </IconStyle>
            </Style>
            <Style id="2799">
                <IconStyle id="2800">
                    <color>ff0000ff</color>
                    <colorMode>normal</colorMode>
                    <scale>1</scale>
                    <heading>0</heading>
                    <Icon id="2801">
                        <href>http://maps.google.com/mapfiles/kml/pushpin/ylw-pushpin.png</href>
                    </Icon>
                </IconStyle>
            </Style>
            <Style id="2804">
                <IconStyle id="2805">
                    <color>ff0000ff</color>
                    <colorMode>normal</colorMode>
                    <scale>1</scale>
                    <heading>0</heading>
                    <Icon id="2806">
                        <href>http://maps.google.com/mapfiles/kml/pushpin/ylw-pushpin.png</href>
                    </Icon>
                </IconStyle>
            </Style>
            <Style id="2809">
                <IconStyle id="2810">
                    <color>ff0000ff</color>
                    <colorMode>normal</colorMode>
                    <scale>1</scale>
                    <heading>0</heading>
                    <Icon id="2811">
                        <href>http://maps.google.com/mapfiles/kml/pushpin/ylw-pushpin.png</href>
                    </Icon>
                </IconStyle>
            </Style>
            <Style id="2814">
                <IconStyle id="2815">
                    <color>ff0000ff</color>
                    <colorMode>normal</colorMode>
                    <scale>1</scale>
                    <heading>0</heading>
                    <Icon id="2816">
                        <href>http://maps.google.com/mapfiles/kml/pushpin/ylw-pushpin.png</href>
                    </Icon>
                </IconStyle>
            </Style>
            <Style id="2819">
                <IconStyle id="2820">
                    <color>ff0000ff</color>
                    <colorMode>normal</colorMode>
                    <scale>1</scale>
                    <heading>0</heading>
                    <Icon id="2821">
                        <href>http://maps.google.com/mapfiles/kml/pushpin/ylw-pushpin.png</href>
                    </Icon>
                </IconStyle>
            </Style>
            <Style id="2824">
                <IconStyle id="2825">
                    <color>ff0000ff</color>
                    <colorMode>normal</colorMode>
                    <scale>1</scale>
                    <heading>0</heading>
                    <Icon id="2826">
                        <href>http://maps.google.com/mapfiles/kml/pushpin/ylw-pushpin.png</href>
                    </Icon>
                </IconStyle>
            </Style>
            <Style id="2829">
                <IconStyle id="2830">
                    <color>ff0000ff</color>
                    <colorMode>normal</colorMode>
                    <scale>1</scale>
                    <heading>0</heading>
                    <Icon id="2831">
                        <href>http://maps.google.com/mapfiles/kml/pushpin/ylw-pushpin.png</href>
                    </Icon>
                </IconStyle>
            </Style>
            <name>JAIRO JOSUE GONZALES GUERRERO</name>
            <Placemark id="2648">
                <name>JOHANNA KARMINA CHAPA OLIVOS</name>
                <description>Calle buena vista 104- referencia ingresando por el paradero de órgano a tres cuadras hacia delante ala mano izquierda pasando 3 casas
Mancora

Piura
Perú</description>
                <styleUrl>#2649</styleUrl>
                <Point id="2647">
                    <coordinates>-81.0491604,-4.1055094,0.0</coordinates>
                </Point>
            </Placemark>
            <Placemark id="2653">
                <name>ERIKA JULIANA ESCOBAR PALACIOS</name>
                <description>Av Nicaragua  Panamericana Norte kilómetro 1666 Referencia referencia por el arco Nicaragua
Mancora
Talara
Piura
Perú</description>
                <styleUrl>#2654</styleUrl>
                <Point id="2652">
                    <coordinates>-81.0413796,-4.1048499,0.0</coordinates>
                </Point>
            </Placemark>
            <Placemark id="2658">
                <name>ERIKA JULIANA ESCOBAR PALACIOS</name>
                <description>Av Nicaragua  Panamericana Norte kilómetro 1666 Referencia referencia por el arco Nicaragua
Mancora
Talara
Piura
Perú</description>
                <styleUrl>#2659</styleUrl>
                <Point id="2657">
                    <coordinates>-81.0413796,-4.1048499,0.0</coordinates>
                </Point>
            </Placemark>
            <Placemark id="2663">
                <name>MELVA DIGNA MASIAS HERRERA</name>
                <description>Calle Diego Ferrer 105 - carpitas - mancora Referencia antes del cartel azul puesto aduanero de control quebrada de carpitas
Mancora
Sullana
Piura
Perú</description>
                <styleUrl>#2664</styleUrl>
                <Point id="2662">
                    <coordinates>-80.9629,-4.026148,0.0</coordinates>
                </Point>
            </Placemark>
            <Placemark id="2668">
                <name>ELADIO MORALES BRAVO</name>
                <description>Las pocitas sn mancora, ref. Costado de market michis
Mancora
Talara
Piura
Perú</description>
                <styleUrl>#2669</styleUrl>
                <Point id="2667">
                    <coordinates>-81.0786429,-4.1142704,0.0</coordinates>
                </Point>
            </Placemark>
            <Placemark id="2673">
                <name>CARLOS ALBERTO GAONA CRUZ</name>
                <description>Calle las azucenas s/n - AAHH los laureles - mancora
Mancora
Talara
Piura
Perú</description>
                <styleUrl>#2674</styleUrl>
                <Point id="2672">
                    <coordinates>-81.0371826,-4.1023572,0.0</coordinates>
                </Point>
            </Placemark>
            <Placemark id="2678">
                <name>CARLOS ALBERTO GAONA CRUZ</name>
                <description>Calle las azucenas s/n - AAHH los laureles - mancora
Mancora
Talara
Piura
Perú</description>
                <styleUrl>#2679</styleUrl>
                <Point id="2677">
                    <coordinates>-81.0371826,-4.1023572,0.0</coordinates>
                </Point>
            </Placemark>
            <Placemark id="2683">
                <name>RUBY JANNET CASTRO CARRASCO</name>
                <description>Barrio Leticia #122 al frente de las letras mancora
Mancora
Talara
Piura
Perú</description>
                <styleUrl>#2684</styleUrl>
                <Point id="2682">
                    <coordinates>-81.0337876,-4.1033347,0.0</coordinates>
                </Point>
            </Placemark>
            <Placemark id="2688">
                <name>MARIA DEL PILAR CHAVEZ FIESTAS</name>
                <description>Av. Piura 671 Mancora referencia frente al chifa
Mancora
Talara
Piura
Perú</description>
                <styleUrl>#2689</styleUrl>
                <Point id="2687">
                    <coordinates>-81.0527051,-4.1066434,0.0</coordinates>
                </Point>
            </Placemark>
            <Placemark id="2693">
                <name>CARE ABIGAIL MIRANDA CASTILLO</name>
                <description>Las pocitas sn Mancora, ref.entrada al balneario costado del arco mancora
Mancora


Perú</description>
                <styleUrl>#2694</styleUrl>
                <Point id="2692">
                    <coordinates>-81.0644012,-4.1101171,0.0</coordinates>
                </Point>
            </Placemark>
            <Placemark id="2698">
                <name>SUSANA YESENIA ESCOBAR PEÑA DE SERNA</name>
                <description>calle Martín wuays 649 referencia detrás d la tienda Ruth Bayona
Mancora
20851Talara
Piura
Perú</description>
                <styleUrl>#2699</styleUrl>
                <Point id="2697">
                    <coordinates>-81.0469298,-4.1057685,0.0</coordinates>
                </Point>
            </Placemark>
            <Placemark id="2703">
                <name>TERESA YUYES GONZALES</name>
                <description>Martin waitts 121 mancora talara Piura referencia detrás de eppo de embarque
Mancora
Talara
Piura
Perú</description>
                <styleUrl>#2704</styleUrl>
                <Point id="2702">
                    <coordinates>-81.0523269,-4.1061815,0.0</coordinates>
                </Point>
            </Placemark>
            <Placemark id="2708">
                <name>ARACELI CARMELINA BELUPU QUEREVALU</name>
                <description>Calle buena vista 160 mancora referencia costado del colegio san Pablo
Mancora
Talara
Piura
Perú</description>
                <styleUrl>#2709</styleUrl>
                <Point id="2707">
                    <coordinates>-81.0515311,-4.1057933,0.0</coordinates>
                </Point>
            </Placemark>
            <Placemark id="2713">
                <name>ADRIEL IMANOL HUAMAN VALLADARES</name>
                <description>calle buena vista 260 
Mancora
20851Talara
Piura
Perú</description>
                <styleUrl>#2714</styleUrl>
                <Point id="2712">
                    <coordinates>-81.0504357,-4.1058763,0.0</coordinates>
                </Point>
            </Placemark>
            <Placemark id="2718">
                <name>ALEGANDRINA FANNY PEÑA DE RONCAL</name>
                <description>calle tumbes contraversal lima 301
Mancora
20851Talara
Piura
Perú</description>
                <styleUrl>#2719</styleUrl>
                <Point id="2717">
                    <coordinates>-81.0472077,-4.1049403,0.0</coordinates>
                </Point>
            </Placemark>
            <Placemark id="2723">
                <name>MARIA VICTORIA PAIVA VITE</name>
                <description>Calle miramar 208
Mancora
Talara
Piura
Perú</description>
                <styleUrl>#2724</styleUrl>
                <Point id="2722">
                    <coordinates>-81.051379,-4.10535,0.0</coordinates>
                </Point>
            </Placemark>
            <Placemark id="2728">
                <name>GLORIA STEFFANY CUEVA JUAREZ</name>
                <description>Calle los manglares mz f lote 04 - AAHH los laureles - mancora
Tumbes
Tumbes
Tumbes
Perú</description>
                <styleUrl>#2729</styleUrl>
                <Point id="2727">
                    <coordinates>-81.0527217,-4.1066709,0.0</coordinates>
                </Point>
            </Placemark>
            <Placemark id="2733">
                <name>CINTHIA MILAGROS QUEZADA TAVARA</name>
                <description>Calle San rosa norte 488 Referencia por el ex restaurante gallo de oro
Mancora
Tumbes
Piura
Perú</description>
                <styleUrl>#2734</styleUrl>
                <Point id="2732">
                    <coordinates>-81.047396,-4.104506,0.0</coordinates>
                </Point>
            </Placemark>
            <Placemark id="2738">
                <name>CINTHIA ELIZABETH PACHERREZ SUAREZ</name>
                <description>Santa Elena 228 Mancora
Mancora
Talara
Piura
Perú</description>
                <styleUrl>#2739</styleUrl>
                <Point id="2737">
                    <coordinates>-81.0510558,-4.1050033,0.0</coordinates>
                </Point>
            </Placemark>
            <Placemark id="2743">
                <name>PAIVA FIESTAS ROSA BEATRIZ</name>
                <description>PAIVA FIESTAS ROSA BEATRIZ
Los girasoles sn referencia hosdaje anais
Mancora
Talara
Piura
Perú</description>
                <styleUrl>#2744</styleUrl>
                <Point id="2742">
                    <coordinates>-81.0519796,-4.1038715,0.0</coordinates>
                </Point>
            </Placemark>
            <Placemark id="2748">
                <name>TERESA ESTHER RAMIREZ HUAMANYAURI</name>
                <description>Prolongación arequipa, hotel las cabañitas
Mancora
Talara
Piura
Perú</description>
                <styleUrl>#2749</styleUrl>
                <Point id="2747">
                    <coordinates>-81.0521122,-4.1040576,0.0</coordinates>
                </Point>
            </Placemark>
            <Placemark id="2753">
                <name>VALLADARES CARRASCO ALEX WILLIAM</name>
                <description>VALLADARES CARRASCO ALEX WILLIAM
Calle Santa Elena #10 - centro mancora - referencia tienda William papas
Mancora

Piura
Perú</description>
                <styleUrl>#2754</styleUrl>
                <Point id="2752">
                    <coordinates>-81.0487533,-4.10426,0.0</coordinates>
                </Point>
            </Placemark>
            <Placemark id="2758">
                <name>ADELA SOLEDAD SANCHEZ CARLIN</name>
                <description>Av. Piura 551. Mancora Talara Piura
Mancora
Talara
Piura
Perú</description>
                <styleUrl>#2759</styleUrl>
                <Point id="2757">
                    <coordinates>-81.0539696,-4.1070305,0.0</coordinates>
                </Point>
            </Placemark>
            <Placemark id="2763">
                <name>LUCY NOELIA FLORES VALENCIA</name>
                <description>calle virgen del mar nuevo mancora referencia la plataforma 
Mancora
20851Talara
Piura
Perú</description>
                <styleUrl>#2764</styleUrl>
                <Point id="2762">
                    <coordinates>-81.0482535,-4.1042014,0.0</coordinates>
                </Point>
            </Placemark>
            <Placemark id="2768">
                <name>JALITZA FABIOLA PAZOS RAMOS</name>
                <description>Ahha 10 de abril MZ 5 lote 5 A - mancora referencia restaurante osmary
Mancora

Piura
Perú</description>
                <styleUrl>#2769</styleUrl>
                <Point id="2767">
                    <coordinates>-81.0469428,-4.1016176,0.0</coordinates>
                </Point>
            </Placemark>
            <Placemark id="2773">
                <name>MARIA VICTORIA CASTILLO FIESTAS</name>
                <description>Calle 10 abril Mz d lt 09- mancora atrás del estadio
Mancora
Talara
Piura
Perú</description>
                <styleUrl>#2774</styleUrl>
                <Point id="2772">
                    <coordinates>-81.0463513,-4.1017809,0.0</coordinates>
                </Point>
            </Placemark>
            <Placemark id="2778">
                <name>Sánchez quevedo greisy gianella</name>
                <description>Aa. Hh 15 de enero Mz A 12 Mancora referencia atrás del estadio en la misma calle de la señora García elizalde
Mancora

Piura
Perú</description>
                <styleUrl>#2779</styleUrl>
                <Point id="2777">
                    <coordinates>-81.045929,-4.1022145,0.0</coordinates>
                </Point>
            </Placemark>
            <Placemark id="2783">
                <name>BLANCA ESPERANZA GARCIA ELIZALDE</name>
                <description>asentamiento humano 10 de abril  Mz A lote 1 3
Mancora
20851Talara
Piura
Perú</description>
                <styleUrl>#2784</styleUrl>
                <Point id="2782">
                    <coordinates>-81.0450539,-4.1019922,0.0</coordinates>
                </Point>
            </Placemark>
            <Placemark id="2788">
                <name>NIXER DEMETRIO MUNDACA SANDOVAL</name>
                <description>las Flores mz A lote 15 - aahh las américas Mancora Ref. En la entrada del colegio pallete
Mancora
Talara
Piura
Perú</description>
                <styleUrl>#2789</styleUrl>
                <Point id="2787">
                    <coordinates>-81.0444098,-4.1038236,0.0</coordinates>
                </Point>
            </Placemark>
            <Placemark id="2793">
                <name>MAGDALENA SANTOS CHINGUEL</name>
                <description>av. los pinos gardenias  Mz h lote 7 referencia hotel casas blanca
Mancora
20851Talara
Piura
Perú</description>
                <styleUrl>#2794</styleUrl>
                <Point id="2792">
                    <coordinates>-81.0427354,-4.1035231,0.0</coordinates>
                </Point>
            </Placemark>
            <Placemark id="2798">
                <name>MARIA AURORA PORTERO PEÑA</name>
                <description>Av principal barrio Nicaragua 117 mancora
Mancora

Piura
Perú</description>
                <styleUrl>#2799</styleUrl>
                <Point id="2797">
                    <coordinates>-81.0317507,-4.1027219,0.0</coordinates>
                </Point>
            </Placemark>
            <Placemark id="2803">
                <name>MARIA AURORA PORTERO PEÑA</name>
                <description>Av principal barrio Nicaragua 117 mancora
Mancora

Piura
Perú</description>
                <styleUrl>#2804</styleUrl>
                <Point id="2802">
                    <coordinates>-81.0317507,-4.1027219,0.0</coordinates>
                </Point>
            </Placemark>
            <Placemark id="2808">
                <name>EFILDA SILVA TERRONES</name>
                <description>Calle la primera barrio Nicaragua frente a la plataforma deportiva
Mancora
Talara
Piura
Perú</description>
                <styleUrl>#2809</styleUrl>
                <Point id="2807">
                    <coordinates>-81.0372666,-4.1030771,0.0</coordinates>
                </Point>
            </Placemark>
            <Placemark id="2813">
                <name>FELICITA JANNET SALDARRIAGA PEÑA</name>
                <description>Calle primavera s/n - barrio Leticia - mancora Ref. Por la loza deportiva / después del colegio carrasco  mauricio
Mancora
Talara
Piura
Perú</description>
                <styleUrl>#2814</styleUrl>
                <Point id="2812">
                    <coordinates>-81.035659,-4.1025024,0.0</coordinates>
                </Point>
            </Placemark>
            <Placemark id="2818">
                <name>FELICITA JANNET SALDARRIAGA PEÑA</name>
                <description>Calle primavera s/n - barrio Leticia - mancora Ref. Por la loza deportiva / después del colegio carrasco  mauricio
Mancora
Talara
Piura
Perú</description>
                <styleUrl>#2819</styleUrl>
                <Point id="2817">
                    <coordinates>-81.035659,-4.1025024,0.0</coordinates>
                </Point>
            </Placemark>
            <Placemark id="2823">
                <name>REDDY ALFONSO MORALES OLAYA</name>
                <description>Av panamericana s/n - barrio Leticia - mancora
Mancora
Talara
Piura
Perú</description>
                <styleUrl>#2824</styleUrl>
                <Point id="2822">
                    <coordinates>-81.0337354,-4.1028589,0.0</coordinates>
                </Point>
            </Placemark>
            <Placemark id="2828">
                <name>ELIZABETH CHACCARA POCCO</name>
                <description>Av principal mz g lt 03 mancora
Mancora


Perú</description>
                <styleUrl>#2829</styleUrl>
                <Point id="2827">
                    <coordinates>-80.964931,-4.023838,0.0</coordinates>
                </Point>
            </Placemark>
        </Folder>
        <Folder id="2832">
            <Style id="2835">
                <IconStyle id="2836">
                    <color>ffff0000</color>
                    <colorMode>normal</colorMode>
                    <scale>1</scale>
                    <heading>0</heading>
                    <Icon id="2837">
                        <href>http://maps.google.com/mapfiles/kml/pushpin/ylw-pushpin.png</href>
                    </Icon>
                </IconStyle>
            </Style>
            <Style id="2840">
                <IconStyle id="2841">
                    <color>ffff0000</color>
                    <colorMode>normal</colorMode>
                    <scale>1</scale>
                    <heading>0</heading>
                    <Icon id="2842">
                        <href>http://maps.google.com/mapfiles/kml/pushpin/ylw-pushpin.png</href>
                    </Icon>
                </IconStyle>
            </Style>
            <Style id="2845">
                <IconStyle id="2846">
                    <color>ffff0000</color>
                    <colorMode>normal</colorMode>
                    <scale>1</scale>
                    <heading>0</heading>
                    <Icon id="2847">
                        <href>http://maps.google.com/mapfiles/kml/pushpin/ylw-pushpin.png</href>
                    </Icon>
                </IconStyle>
            </Style>
            <Style id="2850">
                <IconStyle id="2851">
                    <color>ffff0000</color>
                    <colorMode>normal</colorMode>
                    <scale>1</scale>
                    <heading>0</heading>
                    <Icon id="2852">
                        <href>http://maps.google.com/mapfiles/kml/pushpin/ylw-pushpin.png</href>
                    </Icon>
                </IconStyle>
            </Style>
            <Style id="2855">
                <IconStyle id="2856">
                    <color>ffff0000</color>
                    <colorMode>normal</colorMode>
                    <scale>1</scale>
                    <heading>0</heading>
                    <Icon id="2857">
                        <href>http://maps.google.com/mapfiles/kml/pushpin/ylw-pushpin.png</href>
                    </Icon>
                </IconStyle>
            </Style>
            <Style id="2860">
                <IconStyle id="2861">
                    <color>ffff0000</color>
                    <colorMode>normal</colorMode>
                    <scale>1</scale>
                    <heading>0</heading>
                    <Icon id="2862">
                        <href>http://maps.google.com/mapfiles/kml/pushpin/ylw-pushpin.png</href>
                    </Icon>
                </IconStyle>
            </Style>
            <Style id="2865">
                <IconStyle id="2866">
                    <color>ffff0000</color>
                    <colorMode>normal</colorMode>
                    <scale>1</scale>
                    <heading>0</heading>
                    <Icon id="2867">
                        <href>http://maps.google.com/mapfiles/kml/pushpin/ylw-pushpin.png</href>
                    </Icon>
                </IconStyle>
            </Style>
            <Style id="2870">
                <IconStyle id="2871">
                    <color>ffff0000</color>
                    <colorMode>normal</colorMode>
                    <scale>1</scale>
                    <heading>0</heading>
                    <Icon id="2872">
                        <href>http://maps.google.com/mapfiles/kml/pushpin/ylw-pushpin.png</href>
                    </Icon>
                </IconStyle>
            </Style>
            <Style id="2875">
                <IconStyle id="2876">
                    <color>ffff0000</color>
                    <colorMode>normal</colorMode>
                    <scale>1</scale>
                    <heading>0</heading>
                    <Icon id="2877">
                        <href>http://maps.google.com/mapfiles/kml/pushpin/ylw-pushpin.png</href>
                    </Icon>
                </IconStyle>
            </Style>
            <Style id="2880">
                <IconStyle id="2881">
                    <color>ffff0000</color>
                    <colorMode>normal</colorMode>
                    <scale>1</scale>
                    <heading>0</heading>
                    <Icon id="2882">
                        <href>http://maps.google.com/mapfiles/kml/pushpin/ylw-pushpin.png</href>
                    </Icon>
                </IconStyle>
            </Style>
            <Style id="2885">
                <IconStyle id="2886">
                    <color>ffff0000</color>
                    <colorMode>normal</colorMode>
                    <scale>1</scale>
                    <heading>0</heading>
                    <Icon id="2887">
                        <href>http://maps.google.com/mapfiles/kml/pushpin/ylw-pushpin.png</href>
                    </Icon>
                </IconStyle>
            </Style>
            <Style id="2890">
                <IconStyle id="2891">
                    <color>ffff0000</color>
                    <colorMode>normal</colorMode>
                    <scale>1</scale>
                    <heading>0</heading>
                    <Icon id="2892">
                        <href>http://maps.google.com/mapfiles/kml/pushpin/ylw-pushpin.png</href>
                    </Icon>
                </IconStyle>
            </Style>
            <Style id="2895">
                <IconStyle id="2896">
                    <color>ffff0000</color>
                    <colorMode>normal</colorMode>
                    <scale>1</scale>
                    <heading>0</heading>
                    <Icon id="2897">
                        <href>http://maps.google.com/mapfiles/kml/pushpin/ylw-pushpin.png</href>
                    </Icon>
                </IconStyle>
            </Style>
            <Style id="2900">
                <IconStyle id="2901">
                    <color>ffff0000</color>
                    <colorMode>normal</colorMode>
                    <scale>1</scale>
                    <heading>0</heading>
                    <Icon id="2902">
                        <href>http://maps.google.com/mapfiles/kml/pushpin/ylw-pushpin.png</href>
                    </Icon>
                </IconStyle>
            </Style>
            <Style id="2905">
                <IconStyle id="2906">
                    <color>ffff0000</color>
                    <colorMode>normal</colorMode>
                    <scale>1</scale>
                    <heading>0</heading>
                    <Icon id="2907">
                        <href>http://maps.google.com/mapfiles/kml/pushpin/ylw-pushpin.png</href>
                    </Icon>
                </IconStyle>
            </Style>
            <Style id="2910">
                <IconStyle id="2911">
                    <color>ffff0000</color>
                    <colorMode>normal</colorMode>
                    <scale>1</scale>
                    <heading>0</heading>
                    <Icon id="2912">
                        <href>http://maps.google.com/mapfiles/kml/pushpin/ylw-pushpin.png</href>
                    </Icon>
                </IconStyle>
            </Style>
            <Style id="2915">
                <IconStyle id="2916">
                    <color>ffff0000</color>
                    <colorMode>normal</colorMode>
                    <scale>1</scale>
                    <heading>0</heading>
                    <Icon id="2917">
                        <href>http://maps.google.com/mapfiles/kml/pushpin/ylw-pushpin.png</href>
                    </Icon>
                </IconStyle>
            </Style>
            <Style id="2920">
                <IconStyle id="2921">
                    <color>ffff0000</color>
                    <colorMode>normal</colorMode>
                    <scale>1</scale>
                    <heading>0</heading>
                    <Icon id="2922">
                        <href>http://maps.google.com/mapfiles/kml/pushpin/ylw-pushpin.png</href>
                    </Icon>
                </IconStyle>
            </Style>
            <Style id="2925">
                <IconStyle id="2926">
                    <color>ffff0000</color>
                    <colorMode>normal</colorMode>
                    <scale>1</scale>
                    <heading>0</heading>
                    <Icon id="2927">
                        <href>http://maps.google.com/mapfiles/kml/pushpin/ylw-pushpin.png</href>
                    </Icon>
                </IconStyle>
            </Style>
            <Style id="2930">
                <IconStyle id="2931">
                    <color>ffff0000</color>
                    <colorMode>normal</colorMode>
                    <scale>1</scale>
                    <heading>0</heading>
                    <Icon id="2932">
                        <href>http://maps.google.com/mapfiles/kml/pushpin/ylw-pushpin.png</href>
                    </Icon>
                </IconStyle>
            </Style>
            <Style id="2935">
                <IconStyle id="2936">
                    <color>ffff0000</color>
                    <colorMode>normal</colorMode>
                    <scale>1</scale>
                    <heading>0</heading>
                    <Icon id="2937">
                        <href>http://maps.google.com/mapfiles/kml/pushpin/ylw-pushpin.png</href>
                    </Icon>
                </IconStyle>
            </Style>
            <Style id="2940">
                <IconStyle id="2941">
                    <color>ffff0000</color>
                    <colorMode>normal</colorMode>
                    <scale>1</scale>
                    <heading>0</heading>
                    <Icon id="2942">
                        <href>http://maps.google.com/mapfiles/kml/pushpin/ylw-pushpin.png</href>
                    </Icon>
                </IconStyle>
            </Style>
            <Style id="2945">
                <IconStyle id="2946">
                    <color>ffff0000</color>
                    <colorMode>normal</colorMode>
                    <scale>1</scale>
                    <heading>0</heading>
                    <Icon id="2947">
                        <href>http://maps.google.com/mapfiles/kml/pushpin/ylw-pushpin.png</href>
                    </Icon>
                </IconStyle>
            </Style>
            <Style id="2950">
                <IconStyle id="2951">
                    <color>ffff0000</color>
                    <colorMode>normal</colorMode>
                    <scale>1</scale>
                    <heading>0</heading>
                    <Icon id="2952">
                        <href>http://maps.google.com/mapfiles/kml/pushpin/ylw-pushpin.png</href>
                    </Icon>
                </IconStyle>
            </Style>
            <Style id="2955">
                <IconStyle id="2956">
                    <color>ffff0000</color>
                    <colorMode>normal</colorMode>
                    <scale>1</scale>
                    <heading>0</heading>
                    <Icon id="2957">
                        <href>http://maps.google.com/mapfiles/kml/pushpin/ylw-pushpin.png</href>
                    </Icon>
                </IconStyle>
            </Style>
            <Style id="2960">
                <IconStyle id="2961">
                    <color>ffff0000</color>
                    <colorMode>normal</colorMode>
                    <scale>1</scale>
                    <heading>0</heading>
                    <Icon id="2962">
                        <href>http://maps.google.com/mapfiles/kml/pushpin/ylw-pushpin.png</href>
                    </Icon>
                </IconStyle>
            </Style>
            <Style id="2965">
                <IconStyle id="2966">
                    <color>ffff0000</color>
                    <colorMode>normal</colorMode>
                    <scale>1</scale>
                    <heading>0</heading>
                    <Icon id="2967">
                        <href>http://maps.google.com/mapfiles/kml/pushpin/ylw-pushpin.png</href>
                    </Icon>
                </IconStyle>
            </Style>
            <Style id="2970">
                <IconStyle id="2971">
                    <color>ffff0000</color>
                    <colorMode>normal</colorMode>
                    <scale>1</scale>
                    <heading>0</heading>
                    <Icon id="2972">
                        <href>http://maps.google.com/mapfiles/kml/pushpin/ylw-pushpin.png</href>
                    </Icon>
                </IconStyle>
            </Style>
            <Style id="2975">
                <IconStyle id="2976">
                    <color>ffff0000</color>
                    <colorMode>normal</colorMode>
                    <scale>1</scale>
                    <heading>0</heading>
                    <Icon id="2977">
                        <href>http://maps.google.com/mapfiles/kml/pushpin/ylw-pushpin.png</href>
                    </Icon>
                </IconStyle>
            </Style>
            <Style id="2980">
                <IconStyle id="2981">
                    <color>ffff0000</color>
                    <colorMode>normal</colorMode>
                    <scale>1</scale>
                    <heading>0</heading>
                    <Icon id="2982">
                        <href>http://maps.google.com/mapfiles/kml/pushpin/ylw-pushpin.png</href>
                    </Icon>
                </IconStyle>
            </Style>
            <Style id="2985">
                <IconStyle id="2986">
                    <color>ffff0000</color>
                    <colorMode>normal</colorMode>
                    <scale>1</scale>
                    <heading>0</heading>
                    <Icon id="2987">
                        <href>http://maps.google.com/mapfiles/kml/pushpin/ylw-pushpin.png</href>
                    </Icon>
                </IconStyle>
            </Style>
            <Style id="2990">
                <IconStyle id="2991">
                    <color>ffff0000</color>
                    <colorMode>normal</colorMode>
                    <scale>1</scale>
                    <heading>0</heading>
                    <Icon id="2992">
                        <href>http://maps.google.com/mapfiles/kml/pushpin/ylw-pushpin.png</href>
                    </Icon>
                </IconStyle>
            </Style>
            <Style id="2995">
                <IconStyle id="2996">
                    <color>ffff0000</color>
                    <colorMode>normal</colorMode>
                    <scale>1</scale>
                    <heading>0</heading>
                    <Icon id="2997">
                        <href>http://maps.google.com/mapfiles/kml/pushpin/ylw-pushpin.png</href>
                    </Icon>
                </IconStyle>
            </Style>
            <Style id="3000">
                <IconStyle id="3001">
                    <color>ffff0000</color>
                    <colorMode>normal</colorMode>
                    <scale>1</scale>
                    <heading>0</heading>
                    <Icon id="3002">
                        <href>http://maps.google.com/mapfiles/kml/pushpin/ylw-pushpin.png</href>
                    </Icon>
                </IconStyle>
            </Style>
            <Style id="3005">
                <IconStyle id="3006">
                    <color>ffff0000</color>
                    <colorMode>normal</colorMode>
                    <scale>1</scale>
                    <heading>0</heading>
                    <Icon id="3007">
                        <href>http://maps.google.com/mapfiles/kml/pushpin/ylw-pushpin.png</href>
                    </Icon>
                </IconStyle>
            </Style>
            <Style id="3010">
                <IconStyle id="3011">
                    <color>ffff0000</color>
                    <colorMode>normal</colorMode>
                    <scale>1</scale>
                    <heading>0</heading>
                    <Icon id="3012">
                        <href>http://maps.google.com/mapfiles/kml/pushpin/ylw-pushpin.png</href>
                    </Icon>
                </IconStyle>
            </Style>
            <Style id="3015">
                <IconStyle id="3016">
                    <color>ffff0000</color>
                    <colorMode>normal</colorMode>
                    <scale>1</scale>
                    <heading>0</heading>
                    <Icon id="3017">
                        <href>http://maps.google.com/mapfiles/kml/pushpin/ylw-pushpin.png</href>
                    </Icon>
                </IconStyle>
            </Style>
            <Style id="3020">
                <IconStyle id="3021">
                    <color>ffff0000</color>
                    <colorMode>normal</colorMode>
                    <scale>1</scale>
                    <heading>0</heading>
                    <Icon id="3022">
                        <href>http://maps.google.com/mapfiles/kml/pushpin/ylw-pushpin.png</href>
                    </Icon>
                </IconStyle>
            </Style>
            <Style id="3025">
                <IconStyle id="3026">
                    <color>ffff0000</color>
                    <colorMode>normal</colorMode>
                    <scale>1</scale>
                    <heading>0</heading>
                    <Icon id="3027">
                        <href>http://maps.google.com/mapfiles/kml/pushpin/ylw-pushpin.png</href>
                    </Icon>
                </IconStyle>
            </Style>
            <Style id="3030">
                <IconStyle id="3031">
                    <color>ffff0000</color>
                    <colorMode>normal</colorMode>
                    <scale>1</scale>
                    <heading>0</heading>
                    <Icon id="3032">
                        <href>http://maps.google.com/mapfiles/kml/pushpin/ylw-pushpin.png</href>
                    </Icon>
                </IconStyle>
            </Style>
            <Style id="3035">
                <IconStyle id="3036">
                    <color>ffff0000</color>
                    <colorMode>normal</colorMode>
                    <scale>1</scale>
                    <heading>0</heading>
                    <Icon id="3037">
                        <href>http://maps.google.com/mapfiles/kml/pushpin/ylw-pushpin.png</href>
                    </Icon>
                </IconStyle>
            </Style>
            <Style id="3040">
                <IconStyle id="3041">
                    <color>ffff0000</color>
                    <colorMode>normal</colorMode>
                    <scale>1</scale>
                    <heading>0</heading>
                    <Icon id="3042">
                        <href>http://maps.google.com/mapfiles/kml/pushpin/ylw-pushpin.png</href>
                    </Icon>
                </IconStyle>
            </Style>
            <Style id="3045">
                <IconStyle id="3046">
                    <color>ffff0000</color>
                    <colorMode>normal</colorMode>
                    <scale>1</scale>
                    <heading>0</heading>
                    <Icon id="3047">
                        <href>http://maps.google.com/mapfiles/kml/pushpin/ylw-pushpin.png</href>
                    </Icon>
                </IconStyle>
            </Style>
            <Style id="3050">
                <IconStyle id="3051">
                    <color>ffff0000</color>
                    <colorMode>normal</colorMode>
                    <scale>1</scale>
                    <heading>0</heading>
                    <Icon id="3052">
                        <href>http://maps.google.com/mapfiles/kml/pushpin/ylw-pushpin.png</href>
                    </Icon>
                </IconStyle>
            </Style>
            <Style id="3055">
                <IconStyle id="3056">
                    <color>ffff0000</color>
                    <colorMode>normal</colorMode>
                    <scale>1</scale>
                    <heading>0</heading>
                    <Icon id="3057">
                        <href>http://maps.google.com/mapfiles/kml/pushpin/ylw-pushpin.png</href>
                    </Icon>
                </IconStyle>
            </Style>
            <name>MARIO ALBERTO QUINTANA SANDOVAL</name>
            <Placemark id="2834">
                <name>CHAVEZ VITE ROSA ELVIRA</name>
                <description>CHAVEZ VITE ROSA ELVIRA
Barrio Miraflores 403 Ref.al frente del parque
Los Órganos
Talara
Piura
Perú</description>
                <styleUrl>#2835</styleUrl>
                <Point id="2833">
                    <coordinates>-81.1288456,-4.1800395,0.0</coordinates>
                </Point>
            </Placemark>
            <Placemark id="2839">
                <name>PLAYA &amp; MERCADO E.I.R.L</name>
                <description>PLAYA &amp; MERCADO E.I.R.L
CAL.MIRAFLORES 04 -1ER PISO NRO. 504 mercado exterior organos
Los Órganos
200705Talara
Piura
Perú</description>
                <styleUrl>#2840</styleUrl>
                <Point id="2838">
                    <coordinates>-81.1283229,-4.1798819,0.0</coordinates>
                </Point>
            </Placemark>
            <Placemark id="2844">
                <name>BLANCA PATRICIA CARRASCO AMAYA</name>
                <description>av  Sánchez cerro calle D1 - 14  el ñuro
El Alto
20840El Alto
Piura
Perú</description>
                <styleUrl>#2845</styleUrl>
                <Point id="2843">
                    <coordinates>-81.172805,-4.2153903,0.0</coordinates>
                </Point>
            </Placemark>
            <Placemark id="2849">
                <name>NANCY MARTINA PAIVA PANTA</name>
                <description>CALLE SANCHES CERRO NUEVO ÑURO FTEMARGARITA
El Alto
El Alto
Piura
Perú</description>
                <styleUrl>#2850</styleUrl>
                <Point id="2848">
                    <coordinates>-81.172581,-4.215192,0.0</coordinates>
                </Point>
            </Placemark>
            <Placemark id="2854">
                <name>MUNDACA GONZALES ELIO JHOEL</name>
                <description>MUNDACA GONZALES ELIO JHOEL
Calle 32 S/N Los Órganos mercado exterior organos
Los Órganos
Talara
Piura
Perú</description>
                <styleUrl>#2855</styleUrl>
                <Point id="2853">
                    <coordinates>-81.1280493,-4.1809031,0.0</coordinates>
                </Point>
            </Placemark>
            <Placemark id="2859">
                <name>MUNDACA GONZALES ELIO JHOEL</name>
                <description>MUNDACA GONZALES ELIO JHOEL
Calle 32 S/N Los Órganos mercado exterior organos
Los Órganos
Talara
Piura
Perú</description>
                <styleUrl>#2860</styleUrl>
                <Point id="2858">
                    <coordinates>-81.1280493,-4.1809031,0.0</coordinates>
                </Point>
            </Placemark>
            <Placemark id="2864">
                <name>MUNDACA GONZALES ELIO JHOEL</name>
                <description>MUNDACA GONZALES ELIO JHOEL
Calle 32 S/N Los Órganos mercado exterior organos
Los Órganos
Talara
Piura
Perú</description>
                <styleUrl>#2865</styleUrl>
                <Point id="2863">
                    <coordinates>-81.1280493,-4.1809031,0.0</coordinates>
                </Point>
            </Placemark>
            <Placemark id="2869">
                <name>JENNY ELIZABETH OYOLA OLIVOS</name>
                <description>CA IQUITOS G PUEBLO NUEVO ESPALDAS DEL.BAR EL DELFIN
Los Órganos
Talara
Piura
Perú</description>
                <styleUrl>#2870</styleUrl>
                <Point id="2868">
                    <coordinates>-81.1240074,-4.1829431,0.0</coordinates>
                </Point>
            </Placemark>
            <Placemark id="2874">
                <name>KATHERINE PAOLA SEMINARIO RUIZ</name>
                <description>Calle amazonas mz b lt 36 costado del bar el maretaso los organos
Talara

Tumbes
Perú</description>
                <styleUrl>#2875</styleUrl>
                <Point id="2873">
                    <coordinates>-81.1236417,-4.1829916,0.0</coordinates>
                </Point>
            </Placemark>
            <Placemark id="2879">
                <name>Ivis pulache rivas</name>
                <description>Prol san jose s/n las merces organos
Los Órganos
Talara
Piura
Perú</description>
                <styleUrl>#2880</styleUrl>
                <Point id="2878">
                    <coordinates>-81.1230475,-4.1824316,0.0</coordinates>
                </Point>
            </Placemark>
            <Placemark id="2884">
                <name>JOSUE ISMAEL CASTRO CASTRO</name>
                <description>calle Amazonas 105 pueblo nuevo rf por coliseo las mercedes
Los Órganos
20841Talara
Piura
Perú</description>
                <styleUrl>#2885</styleUrl>
                <Point id="2883">
                    <coordinates>-81.1240317,-4.1815439,0.0</coordinates>
                </Point>
            </Placemark>
            <Placemark id="2889">
                <name>ESTHER RUIZ QUIROGA</name>
                <description>Calle José Olaya #015 al costado de la emisora el ñuro
Los Órganos
Talara
Piura
Perú</description>
                <styleUrl>#2890</styleUrl>
                <Point id="2888">
                    <coordinates>-81.1719006,-4.2151765,0.0</coordinates>
                </Point>
            </Placemark>
            <Placemark id="2894">
                <name>GLORIA PASICHE ALAMA</name>
                <description>Calle Fátima # 344 Ref. Frente al parque virgen de las Mercedes los organos
Los Órganos
Talara
Piura
Perú</description>
                <styleUrl>#2895</styleUrl>
                <Point id="2893">
                    <coordinates>-81.1224114,-4.1802984,0.0</coordinates>
                </Point>
            </Placemark>
            <Placemark id="2899">
                <name>MARIA ISABEL CHAVEZ RAMIREZ</name>
                <description>Sam isisro 6-901 costado de farmacia san jose los organos
Los Órganos

Piura
Perú</description>
                <styleUrl>#2900</styleUrl>
                <Point id="2898">
                    <coordinates>-81.1239416,-4.1805857,0.0</coordinates>
                </Point>
            </Placemark>
            <Placemark id="2904">
                <name>MARIA ISABEL CHAVEZ RAMIREZ</name>
                <description>Sam isisro 6-901 costado de farmacia san jose los organos
Los Órganos

Piura
Perú</description>
                <styleUrl>#2905</styleUrl>
                <Point id="2903">
                    <coordinates>-81.1239416,-4.1805857,0.0</coordinates>
                </Point>
            </Placemark>
            <Placemark id="2909">
                <name>BARRANZUELA RISCO BILDER OLEMAR</name>
                <description>BARRANZUELA RISCO BILDER OLEMAR
Calle Santa Rosa 445 frente al parque las mercedes barrio santa rosa los organos
Los Órganos
Talara
Piura
Perú</description>
                <styleUrl>#2910</styleUrl>
                <Point id="2908">
                    <coordinates>-81.1230138,-4.1799567,0.0</coordinates>
                </Point>
            </Placemark>
            <Placemark id="2914">
                <name>KAREN RAQUEL HUIMAN ORTIZ</name>
                <description>9 de enero las Mercedes MZ Lt31 Órganos
Los Órganos
El Alto
Piura
Perú</description>
                <styleUrl>#2915</styleUrl>
                <Point id="2913">
                    <coordinates>-81.1223104,-4.1796743,0.0</coordinates>
                </Point>
            </Placemark>
            <Placemark id="2919">
                <name>ANNIE KATHERINE ALEMAN HERRERA</name>
                <description>San Miguel D 10 Las Mercedes los organos contado de taller espaldas de la sra susan hidalgo chulle
Los Órganos
Talara
Piura
Perú</description>
                <styleUrl>#2920</styleUrl>
                <Point id="2918">
                    <coordinates>-81.1234223,-4.1798999,0.0</coordinates>
                </Point>
            </Placemark>
            <Placemark id="2924">
                <name>ISABEL LEON MEDINA</name>
                <description>Calle Salaverry pueblo Nuevo los organos por vaden
Los Órganos
Talara
Piura
Perú</description>
                <styleUrl>#2925</styleUrl>
                <Point id="2923">
                    <coordinates>-81.1246758,-4.1802194,0.0</coordinates>
                </Point>
            </Placemark>
            <Placemark id="2929">
                <name>MIRIAM PAMELA CURAY CHULLE</name>
                <description>AA.HH 16 de febrero calle  k- 46 costado de vaden
Los Órganos
20841Talara
Piura
Perú</description>
                <styleUrl>#2930</styleUrl>
                <Point id="2928">
                    <coordinates>-81.1238696,-4.1797242,0.0</coordinates>
                </Point>
            </Placemark>
            <Placemark id="2934">
                <name>ANNEL KARINA CUEVA BRAVO</name>
                <description>Calle santa rosa Lt. H. Int. S/N. Asent. H. Peña quiroga. Los organos
Los Órganos

Piura
Perú</description>
                <styleUrl>#2935</styleUrl>
                <Point id="2933">
                    <coordinates>-81.1186274,-4.1736198,0.0</coordinates>
                </Point>
            </Placemark>
            <Placemark id="2939">
                <name>ROSA HELEYDI CORREA ALVA</name>
                <description>San Isidro # 6 _ 812 Ref entre esalud y colegio
Los Órganos
Talara
Piura
Perú</description>
                <styleUrl>#2940</styleUrl>
                <Point id="2938">
                    <coordinates>-81.1254578,-4.1784876,0.0</coordinates>
                </Point>
            </Placemark>
            <Placemark id="2944">
                <name>JUANA PALACIOS CORDOVA</name>
                <description>Calle 16 de febrero a-12 frente a plataforma deportiva espaldas de ittsa
Los Órganos
Talara
Piura
Perú</description>
                <styleUrl>#2945</styleUrl>
                <Point id="2943">
                    <coordinates>-81.1243955,-4.1769499,0.0</coordinates>
                </Point>
            </Placemark>
            <Placemark id="2949">
                <name>HENRY SEGUNDO PEÑA FIESTAS</name>
                <description>Barrio san isidro por la plataforma los organos cerca a comedor 16 de srptiembre
Los Órganos
Los organos
Piura
Perú</description>
                <styleUrl>#2950</styleUrl>
                <Point id="2948">
                    <coordinates>-81.1238727,-4.1777094,0.0</coordinates>
                </Point>
            </Placemark>
            <Placemark id="2954">
                <name>SUSAN MIRELLA HIDALGO CHULLE</name>
                <description>Calle Salaverry Las Mercedes B 25 rf.botica las mercedes
Los Órganos
Talara
Piura
Perú</description>
                <styleUrl>#2955</styleUrl>
                <Point id="2953">
                    <coordinates>-81.1229724,-4.1788898,0.0</coordinates>
                </Point>
            </Placemark>
            <Placemark id="2959">
                <name>MARY DEL PILAR HUIMAN ORTIZ</name>
                <description>AA HH las Mercedes calle salaverry B - 30 pasando el.vaden
Los Órganos
20841Talara
Piura
Perú</description>
                <styleUrl>#2960</styleUrl>
                <Point id="2958">
                    <coordinates>-81.122655,-4.1788504,0.0</coordinates>
                </Point>
            </Placemark>
            <Placemark id="2964">
                <name>MARIA IRENE MECA ORTIZ</name>
                <description>Ungaritos d-21 saliendo para el Baden espaldas del bar Tailandia
Los Órganos
Talara
Piura
Perú</description>
                <styleUrl>#2965</styleUrl>
                <Point id="2963">
                    <coordinates>-81.1218132,-4.1786465,0.0</coordinates>
                </Point>
            </Placemark>
            <Placemark id="2969">
                <name>PILAR MELGAR ORDINOLA</name>
                <description>Barrio José Carlos Mariátegui conocido como hungaritos.
Los Órganos
Talara
Piura
Perú</description>
                <styleUrl>#2970</styleUrl>
                <Point id="2968">
                    <coordinates>-81.1221151,-4.1782044,0.0</coordinates>
                </Point>
            </Placemark>
            <Placemark id="2974">
                <name>ANA ROSA MEDINA AGUIRRE</name>
                <description>AAHH NUEVA ESPERANZA CALLE LOBITOS  FRENTE AL.BADEN Q ENTRA A UNGARITOS LOS ORGANOS
Los Órganos

Piura
Perú</description>
                <styleUrl>#2975</styleUrl>
                <Point id="2973">
                    <coordinates>-81.1218906,-4.1777111,0.0</coordinates>
                </Point>
            </Placemark>
            <Placemark id="2979">
                <name>ROSA ELIDA CASTILLO ROGEL</name>
                <description>Peña Quiroga calle santa rosa mzk lt 05 por construcción de calle los organos
Los Órganos
Talara
Piura
Perú</description>
                <styleUrl>#2980</styleUrl>
                <Point id="2978">
                    <coordinates>-81.1192651,-4.1719868,0.0</coordinates>
                </Point>
            </Placemark>
            <Placemark id="2984">
                <name>OLGA ROSA ALEMAN VILLANUEVA</name>
                <description>Barrio San Martín calle San Pedro MZ b lt 01 casa en esquina de portones
Los Órganos
Talara
Piura
Perú</description>
                <styleUrl>#2985</styleUrl>
                <Point id="2983">
                    <coordinates>-81.1205193,-4.1744249,0.0</coordinates>
                </Point>
            </Placemark>
            <Placemark id="2989">
                <name>ERODITA CLAVIJO SANCHEZ</name>
                <description>Calle Junín #43 por cevichería benito
Los Órganos
Talara
Piura
Perú</description>
                <styleUrl>#2990</styleUrl>
                <Point id="2988">
                    <coordinates>-81.1200127,-4.1750919,0.0</coordinates>
                </Point>
            </Placemark>
            <Placemark id="2994">
                <name>RUTH GRACIELA PALACIOS OLAYA</name>
                <description>Calle Junín Mza lote 60 nva esperanza los organos
Los Órganos
Talara
Piura
Perú</description>
                <styleUrl>#2995</styleUrl>
                <Point id="2993">
                    <coordinates>-81.1209974,-4.1759091,0.0</coordinates>
                </Point>
            </Placemark>
            <Placemark id="2999">
                <name>JOSE DIONICIO POICON ANCAJIMA</name>
                <description>Calle San Pedro B 10 barrio san pedro los.organos frente al.parque
Los Órganos
Talara
Piura
Perú</description>
                <styleUrl>#3000</styleUrl>
                <Point id="2998">
                    <coordinates>-81.122034,-4.1755261,0.0</coordinates>
                </Point>
            </Placemark>
            <Placemark id="3004">
                <name>JOSE ROGER CHULLE PURIZACA</name>
                <description>Calle San Pedro a3 barrio san pedro los organos rf cerca a vaden
Los Órganos
Talara
Piura
Perú</description>
                <styleUrl>#3005</styleUrl>
                <Point id="3003">
                    <coordinates>-81.1229707,-4.1756397,0.0</coordinates>
                </Point>
            </Placemark>
            <Placemark id="3009">
                <name>TATIANA LOURDES GAMBOA CARRASCO</name>
                <description>Av el estadio MZ D lt 06 espaldas del estadio casa en esquina
Los Órganos
Talara
Piura
Perú</description>
                <styleUrl>#3010</styleUrl>
                <Point id="3008">
                    <coordinates>-81.1241171,-4.176464,0.0</coordinates>
                </Point>
            </Placemark>
            <Placemark id="3014">
                <name>MARIA ESTHER LLACSAHUANGA MOROCHO</name>
                <description>PUERTO ANTIGUO MZ. G LT. 7 - LOS ORGANOS  RF ESPALDAS DEL SEGUNDO GRIFO
Los Órganos
Talara
Piura
Perú</description>
                <styleUrl>#3015</styleUrl>
                <Point id="3013">
                    <coordinates>-81.1232752,-4.1733394,0.0</coordinates>
                </Point>
            </Placemark>
            <Placemark id="3019">
                <name>JANNET MARGOT CANALES IMAN</name>
                <description>Av. Panamericana s/n frente a restaurant donde mario mas adelante de segundo grifo organos
Los Órganos

Piura
Perú</description>
                <styleUrl>#3020</styleUrl>
                <Point id="3018">
                    <coordinates>-81.1236926,-4.1746957,0.0</coordinates>
                </Point>
            </Placemark>
            <Placemark id="3024">
                <name>NATIVIDAD JESUS VINCES CARRASCO</name>
                <description>Barrio San Martín  calle buenos aires MZ D lt 07
Los Órganos
Talara
Piura
Perú</description>
                <styleUrl>#3025</styleUrl>
                <Point id="3023">
                    <coordinates>-81.1200849,-4.1743478,0.0</coordinates>
                </Point>
            </Placemark>
            <Placemark id="3029">
                <name>MARCELINA PEÑA PEÑA</name>
                <description>Calle Tucumán mzc lt08 casa roja ( la gata)
Los Órganos
Talara
Piura
Perú</description>
                <styleUrl>#3030</styleUrl>
                <Point id="3028">
                    <coordinates>-81.1192769,-4.1737249,0.0</coordinates>
                </Point>
            </Placemark>
            <Placemark id="3034">
                <name>ROSA BERRIOS CUBAS</name>
                <description>Calle San Martín mzj lt 58 casa blanca
Los Órganos
Talara
Piura
Perú</description>
                <styleUrl>#3035</styleUrl>
                <Point id="3033">
                    <coordinates>-81.1185225,-4.1737761,0.0</coordinates>
                </Point>
            </Placemark>
            <Placemark id="3039">
                <name>DORIS MAGALY OLAYA CARRILLO</name>
                <description>Calle santa rosa de lima s/n barrio san martin  rf frente al albergue mamacocha
Los Órganos

Piura
Perú</description>
                <styleUrl>#3040</styleUrl>
                <Point id="3038">
                    <coordinates>-81.1178283,-4.1743711,0.0</coordinates>
                </Point>
            </Placemark>
            <Placemark id="3044">
                <name>MERCEDES ECHE RAMIREZ</name>
                <description>Calle San Martín MZ E lt 16 costado de coloseo
Los Órganos
Talara
Piura
Perú</description>
                <styleUrl>#3045</styleUrl>
                <Point id="3043">
                    <coordinates>-81.1195705,-4.1725607,0.0</coordinates>
                </Point>
            </Placemark>
            <Placemark id="3049">
                <name>JOSE LEONARDO RAMIREZ DEL ROSARIO</name>
                <description>Av panamerica MZB lt 15 costado del grifo San José los organos
Los Órganos
Talara
Piura
Perú</description>
                <styleUrl>#3050</styleUrl>
                <Point id="3048">
                    <coordinates>-81.1188493,-4.169431,0.0</coordinates>
                </Point>
            </Placemark>
            <Placemark id="3054">
                <name>WALTER GAMBOA MUÑOZ</name>
                <description>Calle Las Mercedes # 207 San Martín Org.
Los Órganos
Talara
Piura
Perú</description>
                <styleUrl>#3055</styleUrl>
                <Point id="3053">
                    <coordinates>-81.1239938,-4.1815907,0.0</coordinates>
                </Point>
            </Placemark>
        </Folder>
        <Folder id="3058">
            <Style id="3061">
                <IconStyle id="3062">
                    <color>ff008000</color>
                    <colorMode>normal</colorMode>
                    <scale>1</scale>
                    <heading>0</heading>
                    <Icon id="3063">
                        <href>http://maps.google.com/mapfiles/kml/pushpin/ylw-pushpin.png</href>
                    </Icon>
                </IconStyle>
            </Style>
            <Style id="3066">
                <IconStyle id="3067">
                    <color>ff008000</color>
                    <colorMode>normal</colorMode>
                    <scale>1</scale>
                    <heading>0</heading>
                    <Icon id="3068">
                        <href>http://maps.google.com/mapfiles/kml/pushpin/ylw-pushpin.png</href>
                    </Icon>
                </IconStyle>
            </Style>
            <Style id="3071">
                <IconStyle id="3072">
                    <color>ff008000</color>
                    <colorMode>normal</colorMode>
                    <scale>1</scale>
                    <heading>0</heading>
                    <Icon id="3073">
                        <href>http://maps.google.com/mapfiles/kml/pushpin/ylw-pushpin.png</href>
                    </Icon>
                </IconStyle>
            </Style>
            <Style id="3076">
                <IconStyle id="3077">
                    <color>ff008000</color>
                    <colorMode>normal</colorMode>
                    <scale>1</scale>
                    <heading>0</heading>
                    <Icon id="3078">
                        <href>http://maps.google.com/mapfiles/kml/pushpin/ylw-pushpin.png</href>
                    </Icon>
                </IconStyle>
            </Style>
            <Style id="3081">
                <IconStyle id="3082">
                    <color>ff008000</color>
                    <colorMode>normal</colorMode>
                    <scale>1</scale>
                    <heading>0</heading>
                    <Icon id="3083">
                        <href>http://maps.google.com/mapfiles/kml/pushpin/ylw-pushpin.png</href>
                    </Icon>
                </IconStyle>
            </Style>
            <Style id="3086">
                <IconStyle id="3087">
                    <color>ff008000</color>
                    <colorMode>normal</colorMode>
                    <scale>1</scale>
                    <heading>0</heading>
                    <Icon id="3088">
                        <href>http://maps.google.com/mapfiles/kml/pushpin/ylw-pushpin.png</href>
                    </Icon>
                </IconStyle>
            </Style>
            <Style id="3091">
                <IconStyle id="3092">
                    <color>ff008000</color>
                    <colorMode>normal</colorMode>
                    <scale>1</scale>
                    <heading>0</heading>
                    <Icon id="3093">
                        <href>http://maps.google.com/mapfiles/kml/pushpin/ylw-pushpin.png</href>
                    </Icon>
                </IconStyle>
            </Style>
            <Style id="3096">
                <IconStyle id="3097">
                    <color>ff008000</color>
                    <colorMode>normal</colorMode>
                    <scale>1</scale>
                    <heading>0</heading>
                    <Icon id="3098">
                        <href>http://maps.google.com/mapfiles/kml/pushpin/ylw-pushpin.png</href>
                    </Icon>
                </IconStyle>
            </Style>
            <Style id="3101">
                <IconStyle id="3102">
                    <color>ff008000</color>
                    <colorMode>normal</colorMode>
                    <scale>1</scale>
                    <heading>0</heading>
                    <Icon id="3103">
                        <href>http://maps.google.com/mapfiles/kml/pushpin/ylw-pushpin.png</href>
                    </Icon>
                </IconStyle>
            </Style>
            <Style id="3106">
                <IconStyle id="3107">
                    <color>ff008000</color>
                    <colorMode>normal</colorMode>
                    <scale>1</scale>
                    <heading>0</heading>
                    <Icon id="3108">
                        <href>http://maps.google.com/mapfiles/kml/pushpin/ylw-pushpin.png</href>
                    </Icon>
                </IconStyle>
            </Style>
            <Style id="3111">
                <IconStyle id="3112">
                    <color>ff008000</color>
                    <colorMode>normal</colorMode>
                    <scale>1</scale>
                    <heading>0</heading>
                    <Icon id="3113">
                        <href>http://maps.google.com/mapfiles/kml/pushpin/ylw-pushpin.png</href>
                    </Icon>
                </IconStyle>
            </Style>
            <Style id="3116">
                <IconStyle id="3117">
                    <color>ff008000</color>
                    <colorMode>normal</colorMode>
                    <scale>1</scale>
                    <heading>0</heading>
                    <Icon id="3118">
                        <href>http://maps.google.com/mapfiles/kml/pushpin/ylw-pushpin.png</href>
                    </Icon>
                </IconStyle>
            </Style>
            <Style id="3121">
                <IconStyle id="3122">
                    <color>ff008000</color>
                    <colorMode>normal</colorMode>
                    <scale>1</scale>
                    <heading>0</heading>
                    <Icon id="3123">
                        <href>http://maps.google.com/mapfiles/kml/pushpin/ylw-pushpin.png</href>
                    </Icon>
                </IconStyle>
            </Style>
            <Style id="3126">
                <IconStyle id="3127">
                    <color>ff008000</color>
                    <colorMode>normal</colorMode>
                    <scale>1</scale>
                    <heading>0</heading>
                    <Icon id="3128">
                        <href>http://maps.google.com/mapfiles/kml/pushpin/ylw-pushpin.png</href>
                    </Icon>
                </IconStyle>
            </Style>
            <Style id="3131">
                <IconStyle id="3132">
                    <color>ff008000</color>
                    <colorMode>normal</colorMode>
                    <scale>1</scale>
                    <heading>0</heading>
                    <Icon id="3133">
                        <href>http://maps.google.com/mapfiles/kml/pushpin/ylw-pushpin.png</href>
                    </Icon>
                </IconStyle>
            </Style>
            <Style id="3136">
                <IconStyle id="3137">
                    <color>ff008000</color>
                    <colorMode>normal</colorMode>
                    <scale>1</scale>
                    <heading>0</heading>
                    <Icon id="3138">
                        <href>http://maps.google.com/mapfiles/kml/pushpin/ylw-pushpin.png</href>
                    </Icon>
                </IconStyle>
            </Style>
            <Style id="3141">
                <IconStyle id="3142">
                    <color>ff008000</color>
                    <colorMode>normal</colorMode>
                    <scale>1</scale>
                    <heading>0</heading>
                    <Icon id="3143">
                        <href>http://maps.google.com/mapfiles/kml/pushpin/ylw-pushpin.png</href>
                    </Icon>
                </IconStyle>
            </Style>
            <Style id="3146">
                <IconStyle id="3147">
                    <color>ff008000</color>
                    <colorMode>normal</colorMode>
                    <scale>1</scale>
                    <heading>0</heading>
                    <Icon id="3148">
                        <href>http://maps.google.com/mapfiles/kml/pushpin/ylw-pushpin.png</href>
                    </Icon>
                </IconStyle>
            </Style>
            <Style id="3151">
                <IconStyle id="3152">
                    <color>ff008000</color>
                    <colorMode>normal</colorMode>
                    <scale>1</scale>
                    <heading>0</heading>
                    <Icon id="3153">
                        <href>http://maps.google.com/mapfiles/kml/pushpin/ylw-pushpin.png</href>
                    </Icon>
                </IconStyle>
            </Style>
            <Style id="3156">
                <IconStyle id="3157">
                    <color>ff008000</color>
                    <colorMode>normal</colorMode>
                    <scale>1</scale>
                    <heading>0</heading>
                    <Icon id="3158">
                        <href>http://maps.google.com/mapfiles/kml/pushpin/ylw-pushpin.png</href>
                    </Icon>
                </IconStyle>
            </Style>
            <Style id="3161">
                <IconStyle id="3162">
                    <color>ff008000</color>
                    <colorMode>normal</colorMode>
                    <scale>1</scale>
                    <heading>0</heading>
                    <Icon id="3163">
                        <href>http://maps.google.com/mapfiles/kml/pushpin/ylw-pushpin.png</href>
                    </Icon>
                </IconStyle>
            </Style>
            <Style id="3166">
                <IconStyle id="3167">
                    <color>ff008000</color>
                    <colorMode>normal</colorMode>
                    <scale>1</scale>
                    <heading>0</heading>
                    <Icon id="3168">
                        <href>http://maps.google.com/mapfiles/kml/pushpin/ylw-pushpin.png</href>
                    </Icon>
                </IconStyle>
            </Style>
            <Style id="3171">
                <IconStyle id="3172">
                    <color>ff008000</color>
                    <colorMode>normal</colorMode>
                    <scale>1</scale>
                    <heading>0</heading>
                    <Icon id="3173">
                        <href>http://maps.google.com/mapfiles/kml/pushpin/ylw-pushpin.png</href>
                    </Icon>
                </IconStyle>
            </Style>
            <Style id="3176">
                <IconStyle id="3177">
                    <color>ff008000</color>
                    <colorMode>normal</colorMode>
                    <scale>1</scale>
                    <heading>0</heading>
                    <Icon id="3178">
                        <href>http://maps.google.com/mapfiles/kml/pushpin/ylw-pushpin.png</href>
                    </Icon>
                </IconStyle>
            </Style>
            <Style id="3181">
                <IconStyle id="3182">
                    <color>ff008000</color>
                    <colorMode>normal</colorMode>
                    <scale>1</scale>
                    <heading>0</heading>
                    <Icon id="3183">
                        <href>http://maps.google.com/mapfiles/kml/pushpin/ylw-pushpin.png</href>
                    </Icon>
                </IconStyle>
            </Style>
            <Style id="3186">
                <IconStyle id="3187">
                    <color>ff008000</color>
                    <colorMode>normal</colorMode>
                    <scale>1</scale>
                    <heading>0</heading>
                    <Icon id="3188">
                        <href>http://maps.google.com/mapfiles/kml/pushpin/ylw-pushpin.png</href>
                    </Icon>
                </IconStyle>
            </Style>
            <Style id="3191">
                <IconStyle id="3192">
                    <color>ff008000</color>
                    <colorMode>normal</colorMode>
                    <scale>1</scale>
                    <heading>0</heading>
                    <Icon id="3193">
                        <href>http://maps.google.com/mapfiles/kml/pushpin/ylw-pushpin.png</href>
                    </Icon>
                </IconStyle>
            </Style>
            <Style id="3196">
                <IconStyle id="3197">
                    <color>ff008000</color>
                    <colorMode>normal</colorMode>
                    <scale>1</scale>
                    <heading>0</heading>
                    <Icon id="3198">
                        <href>http://maps.google.com/mapfiles/kml/pushpin/ylw-pushpin.png</href>
                    </Icon>
                </IconStyle>
            </Style>
            <Style id="3201">
                <IconStyle id="3202">
                    <color>ff008000</color>
                    <colorMode>normal</colorMode>
                    <scale>1</scale>
                    <heading>0</heading>
                    <Icon id="3203">
                        <href>http://maps.google.com/mapfiles/kml/pushpin/ylw-pushpin.png</href>
                    </Icon>
                </IconStyle>
            </Style>
            <Style id="3206">
                <IconStyle id="3207">
                    <color>ff008000</color>
                    <colorMode>normal</colorMode>
                    <scale>1</scale>
                    <heading>0</heading>
                    <Icon id="3208">
                        <href>http://maps.google.com/mapfiles/kml/pushpin/ylw-pushpin.png</href>
                    </Icon>
                </IconStyle>
            </Style>
            <Style id="3211">
                <IconStyle id="3212">
                    <color>ff008000</color>
                    <colorMode>normal</colorMode>
                    <scale>1</scale>
                    <heading>0</heading>
                    <Icon id="3213">
                        <href>http://maps.google.com/mapfiles/kml/pushpin/ylw-pushpin.png</href>
                    </Icon>
                </IconStyle>
            </Style>
            <Style id="3216">
                <IconStyle id="3217">
                    <color>ff008000</color>
                    <colorMode>normal</colorMode>
                    <scale>1</scale>
                    <heading>0</heading>
                    <Icon id="3218">
                        <href>http://maps.google.com/mapfiles/kml/pushpin/ylw-pushpin.png</href>
                    </Icon>
                </IconStyle>
            </Style>
            <Style id="3221">
                <IconStyle id="3222">
                    <color>ff008000</color>
                    <colorMode>normal</colorMode>
                    <scale>1</scale>
                    <heading>0</heading>
                    <Icon id="3223">
                        <href>http://maps.google.com/mapfiles/kml/pushpin/ylw-pushpin.png</href>
                    </Icon>
                </IconStyle>
            </Style>
            <Style id="3226">
                <IconStyle id="3227">
                    <color>ff008000</color>
                    <colorMode>normal</colorMode>
                    <scale>1</scale>
                    <heading>0</heading>
                    <Icon id="3228">
                        <href>http://maps.google.com/mapfiles/kml/pushpin/ylw-pushpin.png</href>
                    </Icon>
                </IconStyle>
            </Style>
            <Style id="3231">
                <IconStyle id="3232">
                    <color>ff008000</color>
                    <colorMode>normal</colorMode>
                    <scale>1</scale>
                    <heading>0</heading>
                    <Icon id="3233">
                        <href>http://maps.google.com/mapfiles/kml/pushpin/ylw-pushpin.png</href>
                    </Icon>
                </IconStyle>
            </Style>
            <Style id="3236">
                <IconStyle id="3237">
                    <color>ff008000</color>
                    <colorMode>normal</colorMode>
                    <scale>1</scale>
                    <heading>0</heading>
                    <Icon id="3238">
                        <href>http://maps.google.com/mapfiles/kml/pushpin/ylw-pushpin.png</href>
                    </Icon>
                </IconStyle>
            </Style>
            <Style id="3241">
                <IconStyle id="3242">
                    <color>ff008000</color>
                    <colorMode>normal</colorMode>
                    <scale>1</scale>
                    <heading>0</heading>
                    <Icon id="3243">
                        <href>http://maps.google.com/mapfiles/kml/pushpin/ylw-pushpin.png</href>
                    </Icon>
                </IconStyle>
            </Style>
            <Style id="3246">
                <IconStyle id="3247">
                    <color>ff008000</color>
                    <colorMode>normal</colorMode>
                    <scale>1</scale>
                    <heading>0</heading>
                    <Icon id="3248">
                        <href>http://maps.google.com/mapfiles/kml/pushpin/ylw-pushpin.png</href>
                    </Icon>
                </IconStyle>
            </Style>
            <Style id="3251">
                <IconStyle id="3252">
                    <color>ff008000</color>
                    <colorMode>normal</colorMode>
                    <scale>1</scale>
                    <heading>0</heading>
                    <Icon id="3253">
                        <href>http://maps.google.com/mapfiles/kml/pushpin/ylw-pushpin.png</href>
                    </Icon>
                </IconStyle>
            </Style>
            <Style id="3256">
                <IconStyle id="3257">
                    <color>ff008000</color>
                    <colorMode>normal</colorMode>
                    <scale>1</scale>
                    <heading>0</heading>
                    <Icon id="3258">
                        <href>http://maps.google.com/mapfiles/kml/pushpin/ylw-pushpin.png</href>
                    </Icon>
                </IconStyle>
            </Style>
            <Style id="3261">
                <IconStyle id="3262">
                    <color>ff008000</color>
                    <colorMode>normal</colorMode>
                    <scale>1</scale>
                    <heading>0</heading>
                    <Icon id="3263">
                        <href>http://maps.google.com/mapfiles/kml/pushpin/ylw-pushpin.png</href>
                    </Icon>
                </IconStyle>
            </Style>
            <Style id="3266">
                <IconStyle id="3267">
                    <color>ff008000</color>
                    <colorMode>normal</colorMode>
                    <scale>1</scale>
                    <heading>0</heading>
                    <Icon id="3268">
                        <href>http://maps.google.com/mapfiles/kml/pushpin/ylw-pushpin.png</href>
                    </Icon>
                </IconStyle>
            </Style>
            <Style id="3271">
                <IconStyle id="3272">
                    <color>ff008000</color>
                    <colorMode>normal</colorMode>
                    <scale>1</scale>
                    <heading>0</heading>
                    <Icon id="3273">
                        <href>http://maps.google.com/mapfiles/kml/pushpin/ylw-pushpin.png</href>
                    </Icon>
                </IconStyle>
            </Style>
            <Style id="3276">
                <IconStyle id="3277">
                    <color>ff008000</color>
                    <colorMode>normal</colorMode>
                    <scale>1</scale>
                    <heading>0</heading>
                    <Icon id="3278">
                        <href>http://maps.google.com/mapfiles/kml/pushpin/ylw-pushpin.png</href>
                    </Icon>
                </IconStyle>
            </Style>
            <Style id="3281">
                <IconStyle id="3282">
                    <color>ff008000</color>
                    <colorMode>normal</colorMode>
                    <scale>1</scale>
                    <heading>0</heading>
                    <Icon id="3283">
                        <href>http://maps.google.com/mapfiles/kml/pushpin/ylw-pushpin.png</href>
                    </Icon>
                </IconStyle>
            </Style>
            <name>MARY JISSA DEL PILAR PALACIOS ZAPATA</name>
            <Placemark id="3060">
                <name>ANITA VERONICA SABALU YARLAQUE</name>
                <description>Calle Jhon Kennedy MZ 96 lote 14b
Mancora
Talara
Piura
Perú</description>
                <styleUrl>#3061</styleUrl>
                <Point id="3059">
                    <coordinates>-81.0482799,-4.1083317,0.0</coordinates>
                </Point>
            </Placemark>
            <Placemark id="3065">
                <name>GIULIANA LIZETH DIAZ TANTALEAN</name>
                <description>Calle Miraflores 320
Mancora


Perú</description>
                <styleUrl>#3066</styleUrl>
                <Point id="3064">
                    <coordinates>-81.0476278,-4.1090867,0.0</coordinates>
                </Point>
            </Placemark>
            <Placemark id="3070">
                <name>SAAVEDRA RAMIREZ IRANIA MADELEYNE</name>
                <description>SAAVEDRA RAMIREZ IRANIA MADELEYNE
Calle los incas 502 Perú MINIMARKET GOLOSO
Mancora
Talara
Piura
Perú</description>
                <styleUrl>#3071</styleUrl>
                <Point id="3069">
                    <coordinates>-81.049091,-4.1075066,0.0</coordinates>
                </Point>
            </Placemark>
            <Placemark id="3075">
                <name>ROSA DE LA CRUZ CESPEDES</name>
                <description>Av Grau s/n - Nicaragua -Máncora Referencia alfrente del colegio Alberto pallet al costado de la florería
Mancora
Talara
Piura
Perú</description>
                <styleUrl>#3076</styleUrl>
                <Point id="3074">
                    <coordinates>-80.764633,-3.7304115,0.0</coordinates>
                </Point>
            </Placemark>
            <Placemark id="3080">
                <name>GLORIA MARIA LLACSAHUANGA CUNYA</name>
                <description>Calle Nicaragua parte alta cementerio
Mancora

Tumbes
Perú</description>
                <styleUrl>#3081</styleUrl>
                <Point id="3079">
                    <coordinates>-81.0425193,-4.1073963,0.0</coordinates>
                </Point>
            </Placemark>
            <Placemark id="3085">
                <name>MIRELLA LISBETH PEÑA JIMENEZ</name>
                <description>Barrio Nicaragua parte alta s/n - mancora
Mancora
Talara
Piura
Perú</description>
                <styleUrl>#3086</styleUrl>
                <Point id="3084">
                    <coordinates>-81.0404349,-4.106681,0.0</coordinates>
                </Point>
            </Placemark>
            <Placemark id="3090">
                <name>Fiorela Acaro Jimenez</name>
                <description>Calle los jardines ex camal
Mancora

Piura
Perú</description>
                <styleUrl>#3091</styleUrl>
                <Point id="3089">
                    <coordinates>-81.0447569,-4.1087906,0.0</coordinates>
                </Point>
            </Placemark>
            <Placemark id="3095">
                <name>SAAVEDRA RAMIREZ IRANIA MADELEYNE</name>
                <description>SAAVEDRA RAMIREZ IRANIA MADELEYNE
Calle los incas 502 Perú MINIMARKET GOLOSO
Mancora
Talara
Piura
Perú</description>
                <styleUrl>#3096</styleUrl>
                <Point id="3094">
                    <coordinates>-81.049091,-4.1075066,0.0</coordinates>
                </Point>
            </Placemark>
            <Placemark id="3100">
                <name>CRISTH KAREN TRONCOS SUCLUPE</name>
                <description>Av grau 400 - panamericana 
Mancora
20851Talara
Piura
Perú</description>
                <styleUrl>#3101</styleUrl>
                <Point id="3099">
                    <coordinates>-81.0489694,-4.1067632,0.0</coordinates>
                </Point>
            </Placemark>
            <Placemark id="3105">
                <name>FIORELLA ALEXANDRA SERNA AGUILAR</name>
                <description>Calle barrio Nicaragua ref atrás de agua 22
Mancora

Piura
Perú</description>
                <styleUrl>#3106</styleUrl>
                <Point id="3104">
                    <coordinates>-81.0373109,-4.1048746,0.0</coordinates>
                </Point>
            </Placemark>
            <Placemark id="3110">
                <name>MARIO ARTURO RAMIREZ PRIETO</name>
                <description>calle lobitos 466 ref atrás colegio Túpac Amaru
Mancora
20851Talara
Piura
Perú</description>
                <styleUrl>#3111</styleUrl>
                <Point id="3109">
                    <coordinates>-81.0447409,-4.1073939,0.0</coordinates>
                </Point>
            </Placemark>
            <Placemark id="3115">
                <name>EVELYN LIZETH CARRASCO DUQUE</name>
                <description>Calle Jhon Kennedy sin número Máncora
Mancora
Talara
Piura
Perú</description>
                <styleUrl>#3116</styleUrl>
                <Point id="3114">
                    <coordinates>-81.0495114,-4.1085533,0.0</coordinates>
                </Point>
            </Placemark>
            <Placemark id="3120">
                <name>MARIA DEL PILAR CHAVEZ FIESTAS</name>
                <description>Av. Piura 671 Mancora referencia frente al chifa
Mancora
Talara
Piura
Perú</description>
                <styleUrl>#3121</styleUrl>
                <Point id="3119">
                    <coordinates>-81.0527051,-4.1066434,0.0</coordinates>
                </Point>
            </Placemark>
            <Placemark id="3125">
                <name>PACHERREZ LUNA JUANA BERTHA</name>
                <description>PACHERREZ LUNA JUANA BERTHA

Mancora
Talara
Piura
Perú</description>
                <styleUrl>#3126</styleUrl>
                <Point id="3124">
                    <coordinates>-81.0497079,-4.1077749,0.0</coordinates>
                </Point>
            </Placemark>
            <Placemark id="3130">
                <name>FLORO FRANCISCO MACEDA OLIVOS</name>
                <description>Calle lobito numero 91 lote 16
Mancora
Talara
Piura
Perú</description>
                <styleUrl>#3131</styleUrl>
                <Point id="3129">
                    <coordinates>-81.0485614,-4.1080327,0.0</coordinates>
                </Point>
            </Placemark>
            <Placemark id="3135">
                <name>ZUZUNAGA ROSAS ANA MERCEDES</name>
                <description>ZUZUNAGA ROSAS ANA MERCEDES
Transversal san Martin con calle talara 232 - centro de tumbes
Mancora
Talara
Piura
Perú</description>
                <styleUrl>#3136</styleUrl>
                <Point id="3134">
                    <coordinates>-81.0490772,-4.1077318,0.0</coordinates>
                </Point>
            </Placemark>
            <Placemark id="3140">
                <name>CESAR ALBERTO RUESTA AMAYA, MANCORA</name>
                <description>calle los incas 506 - mancora
Mancora
Talara
Piura
Perú</description>
                <styleUrl>#3141</styleUrl>
                <Point id="3139">
                    <coordinates>-81.0491131,-4.1073424,0.0</coordinates>
                </Point>
            </Placemark>
            <Placemark id="3145">
                <name>ABUNDIO ROJAS HERRERA</name>
                <description>Calle los incas s/n - exterior mercado de mancora
Mancora
Talara
Piura
Perú</description>
                <styleUrl>#3146</styleUrl>
                <Point id="3144">
                    <coordinates>-81.0498649,-4.1073535,0.0</coordinates>
                </Point>
            </Placemark>
            <Placemark id="3150">
                <name>PRIETO TIMANA ELISEO</name>
                <description>PRIETO TIMANA ELISEO
Calle los incas 324 Máncora
Mancora
Talara
Piura
Perú</description>
                <styleUrl>#3151</styleUrl>
                <Point id="3149">
                    <coordinates>-81.0508421,-4.1075024,0.0</coordinates>
                </Point>
            </Placemark>
            <Placemark id="3155">
                <name>ANABELVA ELIZABETH ZAPATA VARGAS</name>
                <description>calle Micaela bastidas 220
Mancora
20851Talara
Piura
Perú</description>
                <styleUrl>#3156</styleUrl>
                <Point id="3154">
                    <coordinates>-81.0499305,-4.1096049,0.0</coordinates>
                </Point>
            </Placemark>
            <Placemark id="3160">
                <name>ROSA ELENA LOZADA JUAREZ</name>
                <description>Calle Jorge Chávez 124 - mancora
Mancora
Talara
Piura
Perú</description>
                <styleUrl>#3161</styleUrl>
                <Point id="3159">
                    <coordinates>-81.0493557,-4.1099317,0.0</coordinates>
                </Point>
            </Placemark>
            <Placemark id="3165">
                <name>Erika Castillo Taboada</name>
                <description>José Abelardo Quiñones
Mancora
Talara
Piura
Perú</description>
                <styleUrl>#3166</styleUrl>
                <Point id="3164">
                    <coordinates>-81.04875,-4.109615,0.0</coordinates>
                </Point>
            </Placemark>
            <Placemark id="3170">
                <name>YARDELLY ORQUIDEA CASTILLO LOPEZ</name>
                <description>Calle 1ro de mayo ref por la planta agua
Mancora

Tumbes
Perú</description>
                <styleUrl>#3171</styleUrl>
                <Point id="3169">
                    <coordinates>-81.0481872,-4.1101021,0.0</coordinates>
                </Point>
            </Placemark>
            <Placemark id="3175">
                <name>ROSA ELENA LLENQUE SILBA</name>
                <description>Calle 1 de mayo s/n - mancora
Mancora
Talara
Piura
Perú</description>
                <styleUrl>#3176</styleUrl>
                <Point id="3174">
                    <coordinates>-81.0477456,-4.1098133,0.0</coordinates>
                </Point>
            </Placemark>
            <Placemark id="3180">
                <name>GIULIANA LIZETH DIAZ TANTALEAN</name>
                <description>Calle Miraflores 320
Mancora


Perú</description>
                <styleUrl>#3181</styleUrl>
                <Point id="3179">
                    <coordinates>-81.0476278,-4.1090867,0.0</coordinates>
                </Point>
            </Placemark>
            <Placemark id="3185">
                <name>ELSA TAVARA RAMIREZ</name>
                <description>Calle Jhon Kennedy sin número
Mancora
Talara
Piura
Perú</description>
                <styleUrl>#3186</styleUrl>
                <Point id="3184">
                    <coordinates>-81.0482832,-4.1083358,0.0</coordinates>
                </Point>
            </Placemark>
            <Placemark id="3190">
                <name>ANITA VERONICA SABALU YARLAQUE</name>
                <description>Calle Jhon Kennedy MZ 96 lote 14b
Mancora
Talara
Piura
Perú</description>
                <styleUrl>#3191</styleUrl>
                <Point id="3189">
                    <coordinates>-81.0482799,-4.1083317,0.0</coordinates>
                </Point>
            </Placemark>
            <Placemark id="3195">
                <name>KARLA DEL PILAR RODRIGUEZ PALACIOS</name>
                <description>Calle Jhon Kennedy 224 - mancora
Mancora
Talara
Piura
Perú</description>
                <styleUrl>#3196</styleUrl>
                <Point id="3194">
                    <coordinates>-81.0475926,-4.1082156,0.0</coordinates>
                </Point>
            </Placemark>
            <Placemark id="3200">
                <name>LORENA ESPERANZA FLORES ADANAQUE</name>
                <description>Calle 9 diciembre ref a lado tienda Marimar
Mancora

Piura
Perú</description>
                <styleUrl>#3201</styleUrl>
                <Point id="3199">
                    <coordinates>-81.047638,-4.1087137,0.0</coordinates>
                </Point>
            </Placemark>
            <Placemark id="3205">
                <name>GLADYS ROSA TAVARA TAVARA</name>
                <description>Calle 6 de febrero ref parque cautivo
Mancora

Tumbes
Perú</description>
                <styleUrl>#3206</styleUrl>
                <Point id="3204">
                    <coordinates>-81.0469119,-4.1092444,0.0</coordinates>
                </Point>
            </Placemark>
            <Placemark id="3210">
                <name>MIGUEL ANGEL JIMENEZ MORQUENCHO</name>
                <description>Calle inca 656 Máncora Referencia a espalda de EPO

Tumbes 20 
</description>
                <styleUrl>#3211</styleUrl>
                <Point id="3209">
                    <coordinates>-81.0472337,-4.1069067,0.0</coordinates>
                </Point>
            </Placemark>
            <Placemark id="3215">
                <name>CHACHAPOYAS ORTIZ GUISELA</name>
                <description>CALLE .LOBITOS  320
Mancora

Piura
Perú</description>
                <styleUrl>#3216</styleUrl>
                <Point id="3214">
                    <coordinates>-81.0464603,-4.1080802,0.0</coordinates>
                </Point>
            </Placemark>
            <Placemark id="3220">
                <name>CONSUELO MARIA PENA DE CORREA</name>
                <description>Calla Jhon F Kennedy 350 - mancora
Mancora
Talara
Piura
Perú</description>
                <styleUrl>#3221</styleUrl>
                <Point id="3219">
                    <coordinates>-81.0459628,-4.1079893,0.0</coordinates>
                </Point>
            </Placemark>
            <Placemark id="3225">
                <name>LAMA CLAVIJO JOSE MIGUEL</name>
                <description>LAMA CLAVIJO JOSE MIGUEL
Calle Jhon Kennedy 420 Máncora Restaurante conchas de su mares
Mancora
Talara
Piura
Perú</description>
                <styleUrl>#3226</styleUrl>
                <Point id="3224">
                    <coordinates>-81.0454731,-4.1077533,0.0</coordinates>
                </Point>
            </Placemark>
            <Placemark id="3230">
                <name>HIDALGO PEÑA GLADYS VANESSA</name>
                <description>HIDALGO PEÑA GLADYS VANESSA
Av grau 660 - mancora ref Túpac Amaru
Mancora
Talara
Piura
Perú</description>
                <styleUrl>#3231</styleUrl>
                <Point id="3229">
                    <coordinates>-81.045654,-4.1061981,0.0</coordinates>
                </Point>
            </Placemark>
            <Placemark id="3235">
                <name>DORA YSMENIA OLIVOS MOGOLLON</name>
                <description>Calle talara 832 - mancora
Mancora
Talara
Piura
Perú</description>
                <styleUrl>#3236</styleUrl>
                <Point id="3234">
                    <coordinates>-81.0439659,-4.106742,0.0</coordinates>
                </Point>
            </Placemark>
            <Placemark id="3240">
                <name>ROSA GLADYS OLIVOS LUNA</name>
                <description>Barrio Nicaragua h100 atrás del comedor de de los milagros
Mancora

Piura
Perú</description>
                <styleUrl>#3241</styleUrl>
                <Point id="3239">
                    <coordinates>-81.0417452,-4.1064178,0.0</coordinates>
                </Point>
            </Placemark>
            <Placemark id="3245">
                <name>ONELIA ESCOBAR DE MORQUENCHO</name>
                <description>Barrio Nicaragua mz E lote 202 - mancora
Mancora
Talara
Piura
Perú</description>
                <styleUrl>#3246</styleUrl>
                <Point id="3244">
                    <coordinates>-81.0409284,-4.1056043,0.0</coordinates>
                </Point>
            </Placemark>
            <Placemark id="3250">
                <name>MARITZA YOHANNA SAAVEDRA CLAVIJO</name>
                <description>Barrio Nicaragua mz C lote 115 - mancora
Mancora
Talara
Piura
Perú</description>
                <styleUrl>#3251</styleUrl>
                <Point id="3249">
                    <coordinates>-81.0410688,-4.1053852,0.0</coordinates>
                </Point>
            </Placemark>
            <Placemark id="3255">
                <name>SANTOS ELBER OLAYA PRECIADO</name>
                <description>Barrio Nicaragua mz C lote 116 - mancora
Mancora
Talara
Piura
Perú</description>
                <styleUrl>#3256</styleUrl>
                <Point id="3254">
                    <coordinates>-81.0408663,-4.1052601,0.0</coordinates>
                </Point>
            </Placemark>
            <Placemark id="3260">
                <name>ROSA EDELMA PEÑA GONZALES</name>
                <description>Avenida barrio Nicaragua 300
Mancora
Talara
Piura
Perú</description>
                <styleUrl>#3261</styleUrl>
                <Point id="3259">
                    <coordinates>-81.0396795,-4.1047864,0.0</coordinates>
                </Point>
            </Placemark>
            <Placemark id="3265">
                <name>Gabriela Serna hidalgo</name>
                <description>Barrio Nicaraguaz 33 lt.16 ref frente al grifo ava en la entrada
Mancora


Perú</description>
                <styleUrl>#3266</styleUrl>
                <Point id="3264">
                    <coordinates>-81.039414,-4.1049806,0.0</coordinates>
                </Point>
            </Placemark>
            <Placemark id="3270">
                <name>OSCAR MARIO PEÑA ARCA</name>
                <description>Av panamericana 340 - barrio Nicaragua
Mancora
20851Talara
Piura
Perú</description>
                <styleUrl>#3271</styleUrl>
                <Point id="3269">
                    <coordinates>-81.0385795,-4.1047259,0.0</coordinates>
                </Point>
            </Placemark>
            <Placemark id="3275">
                <name>OSCAR MARIO PEÑA ARCA</name>
                <description>Av panamericana 340 - barrio Nicaragua
Mancora
20851Talara
Piura
Perú</description>
                <styleUrl>#3276</styleUrl>
                <Point id="3274">
                    <coordinates>-81.0385795,-4.1047259,0.0</coordinates>
                </Point>
            </Placemark>
            <Placemark id="3280">
                <name>JOSSELYN LISSET GONZALES BACA</name>
                <description>BARRIO LETICIA SN EL BENDITO ESPALD
Mancora
Talara
Piura
Perú</description>
                <styleUrl>#3281</styleUrl>
                <Point id="3279">
                    <coordinates>-81.03263,-4.1037214,0.0</coordinates>
                </Point>
            </Placemark>
        </Folder>
    </Document>
</kml>
